product_id,name,brand,size_text,stores_sample,current_food_group,current_sub_code,food_group_corrected,new_sub_code,confidence
423600,"Kohuke ALMA vaarika, 5x40g",,,,,,produce,produce_berries,high
423601,Liköör JAGDTRAUM 30% 700ml,,,"Barbora, Maxima",,,other,dry_other,fallback
423602,"Kohuke ALMA vaarika, 40g",,,,,,produce,produce_berries,high
423603,Külm.mahe rohum. hakkliha LIIVIMAA 500g,,,"Barbora, Maxima",,,meat_fish,meat_minced,high
423604,Külm. makroon RUD pistaatsia 60g,,,"Barbora, Maxima",,,other,dry_other,fallback
423605,"Jogurt GEFILUS maitsestamata 2.5%, 380g",,,,,,dairy_eggs_fats,dairy_yogurt_kefir,high
423606,"Juust Feta WELL DONE, 150g",,,"Barbora, Maxima",,,dairy_eggs_fats,dairy_cheese_slices,high
423607,"Juust EESTI viilutatud, 200g",,,,,,dairy_eggs_fats,dairy_cheese_slices,high
423608,"Valge juust APETINA Original, 200g",,,,,,drinks,drinks_spirits,high
423609,Kohvikapslid NESCAFÉ® Dolce Gusto® Café Au Lait Intenso 16tk,,,,,,drinks,drinks_coffee_beans_capsules,high
423610,Kohvikapslid NESCAFÉ® Dolce Gusto® Cappuccino 16tk,,,,,,drinks,drinks_coffee_beans_capsules,high
423611,Karastusj. Karl Friedrich Kali 1.5L pet,,,"Barbora, Maxima",,,drinks,drinks_soft_soda,high
423612,"Kali IMPERIAL 0,4L",,,"Barbora, Maxima",,,other,dry_other,fallback
423613,Kali TANHEISER tume Porter 1.5L,,,"Barbora, Maxima",,,other,dry_other,fallback
423614,"Kali RUGILE 1,5L",,,"Barbora, Maxima",,,other,dry_other,fallback
423615,"Juust ATLEET Light, 200g",,,"Barbora, Maxima",,,dairy_eggs_fats,dairy_cheese_slices,high
423616,Kapslid Cafe au Lait DG NESCAFE16x10g,,,"Barbora, Maxima",,,produce,produce_root_veg,high
423617,Kohvikapslid NESCAFÉ® Dolce Gusto® Flat White 16tk,,,,,,drinks,drinks_coffee_beans_capsules,high
423618,"Kohuke ALMA vanilli, 7x40g",,,,,,other,dry_other,fallback
423619,"Juust Forte VALIO Classico, 180g",,,,,,dairy_eggs_fats,dairy_cheese_slices,high
423620,Kali Karl Friedrich 500ml,,,"Barbora, Maxima",,,other,dry_other,fallback
423621,Kotlet šamp.kastme kart.pudr.330g,,,"Barbora, Maxima",,,sauces_oils,sauces_other,heuristic
423622,"Kohuke ALMA vanilli, 40g",,,,,,other,dry_other,fallback
423623,Karb.looduslik.min.vesi BORJOMI 6x1.25L,,,"Barbora, Maxima",,,drinks,drinks_water,high
423624,"Parmesani juustu Super Snack M&M,85g",,,"Barbora, Maxima",,,dairy_eggs_fats,dairy_cheese_slices,high
423625,KGT vein Alto Piano Primit. Puglia 750ml,,,"Barbora, Maxima",,,drinks,drinks_wine,high
423626,KGT vein CASA CHARLIZE Prim.Pugl. 750ml,,,,,,drinks,drinks_wine,high
423627,"Jogurt HELLUS maitsestamata, 1kg",,,,,,dairy_eggs_fats,dairy_yogurt_kefir,high
423628,"Karastusjook SPRITE Zero 0,5L",,,,,,drinks,drinks_soft_soda,high
423629,Jogurtismuuti ALMA maas.-must.-vaar.275g,,,"Barbora, Maxima",,,dairy_eggs_fats,dairy_yogurt_kefir,high
423630,"Pardimaksapasteet CHEF LUNDEN, 200g",,,,,,drinks,drinks_tea_coffee,high
423631,Karb.mahlaj.VÄRSKA Vurtsvasser Õun 1L,,,"Barbora, Maxima",,,drinks,drinks_juices,high
423632,"Juust RoyalGouda VALIO Yellow viil.,150g",,,"Barbora, Maxima",,,dairy_eggs_fats,dairy_cheese_slices,high
423633,Kakaokapslid NESCAFÉ® Dolce Gusto® Nesquik® 16tk,,,"Barbora, Maxima",,,dry_preserves,dry_cereals_muesli,high
423634,"Juust Royal Gouda VALIO Yellow, 300g",,,,,,dairy_eggs_fats,dairy_cheese_slices,high
423635,"Külm.pannk.prosc.-mozzar. WELL DONE,400g",,,"Barbora, Maxima",,,other,dry_other,fallback
423636,Jogurt koduaia marj. lakt.vaba FARMI 1kg,,,"Barbora, Maxima",,,dairy_eggs_fats,dairy_yogurt_kefir,high
423637,KGT val.vein 12E MEZZO Mal.del Sal.750ml,,,"Barbora, Maxima",,,drinks,drinks_wine,high
423638,KGT vein B.MONTALTO Pinot Grigio 750ml,,,,,,drinks,drinks_wine,high
423640,KGT vein NERO MARONE Primitivo 750ml,,,"Barbora, Maxima",,,drinks,drinks_wine,high
423641,KGTvein TÖRLEY TALISMAN dry furmint750ml,,,"Barbora, Maxima",,,drinks,drinks_wine,high
423642,KGT vein MASCA DEL TACO L`Uetta 750ml,,,"Barbora, Maxima",,,drinks,drinks_wine,high
423643,"Valge juust APETINA päikesek.tomat.,100g",,,"Barbora, Maxima",,,dairy_eggs_fats,dairy_cheese_slices,high
423644,Kirsi-õuna-aroon. mahlajook PÕLTSAMAA 2L,,,,,,drinks,drinks_juices,high
423645,KGT Vein PASSIONE Malvasia Puglia 750ml,,,"Barbora, Maxima",,,drinks,drinks_wine,high
423646,"Kohuke TERE mustika šok.glasuur., 40g",,,"Barbora, Maxima",,,produce,produce_berries,high
423647,KGT vein ROCCA PRIMITIVO Salento 750ml,,,"Barbora, Maxima",,,drinks,drinks_wine,high
423648,KGT vein ZENSA Pinot Grigio 750ml,,,"Barbora, Maxima",,,drinks,drinks_wine,high
423649,KGT vein ITALIA Sangiovese 187ml,,,"Barbora, Maxima",,,drinks,drinks_wine,high
423650,KGT vein Masca Del T. SUSUMANIELLO 750ml,,,"Barbora, Maxima",,,drinks,drinks_wine,high
423651,Koh.jook Classic 3in1NESCAFEkarp28x16.5g,,,"Barbora, Maxima",,,other,dry_other,fallback
423652,KGT vein MASI Masianco 750ml,,,"Barbora, Maxima",,,drinks,drinks_wine,high
423653,Kohvikapslid LAVAZZA Lungo Dolce 16x8g,,,,,,drinks,drinks_coffee_beans_capsules,high
423654,KGT vein PRINCIPI SANI Appassim. 750ml,,,"Barbora, Maxima",,,drinks,drinks_wine,high
423655,"Kohvikoor FARM MILK UHT 10%, 200ml",,,"Barbora, Maxima",,,dairy_eggs_fats,dairy_cream_sourcream,high
423656,"Kohupiimahõrgutis ALMA muraka, 150g",,,"Barbora, Maxima",,,dairy_eggs_fats,dairy_cottage_quark,high
423657,"Kohvikoor FARM MILK UHT 10%, 500ml",,,"Barbora, Maxima",,,dairy_eggs_fats,dairy_cream_sourcream,high
423658,"Valge juust FITAKI Original, 500g",,,,,,drinks,drinks_spirits,high
423659,Kohvioad LAVAZZA Barista Perfetto 1kg,,,"Barbora, Maxima",,,drinks,drinks_coffee_beans_capsules,high
423660,Kohvioad Arabica MERRILD 1kg,,,,,,drinks,drinks_coffee_beans_capsules,high
423661,"Kohupiimakreem ALMA Creme Brulee, 150g",,,,,,dairy_eggs_fats,dairy_cottage_quark,high
423662,"K/s karbonaad Gurmee ADAŽI, kg-lett",,,"Barbora, Maxima",,,other,dry_other,fallback
423663,"Kohvikapslid Ristretto L'OR 10x5,2g",,,"Barbora, Maxima",,,drinks,drinks_coffee_beans_capsules,high
423664,Kohvioad Barista Crema JACOBS 1kg,,,"Barbora, Maxima",,,drinks,drinks_coffee_beans_capsules,high
423666,Kohvioad Classic Crema PAULIG 1kg,,,,,,drinks,drinks_coffee_beans_capsules,high
423667,Kohvioad Mountain Grown LAVAZZA 1kg,,,"Barbora, Maxima",,,drinks,drinks_coffee_beans_capsules,high
423668,Kohvioad Espresso JACOBS 1 kg,,,"Barbora, Maxima",,,drinks,drinks_coffee_beans_capsules,high
423669,Kohvioad MERRILD Crema 1kg,,,,,,drinks,drinks_coffee_beans_capsules,high
423670,"Kohupiimakreem ALMA brownie, 380g",,,,,,dairy_eggs_fats,dairy_cottage_quark,high
423671,"Kondenspiim STEINHAUER keedetud, 397g",,,"Barbora, Maxima",,,dairy_eggs_fats,dairy_milk,high
423672,"Kohvikapslid Profondo L'OR 10x5,2g",,,"Barbora, Maxima",,,drinks,drinks_coffee_beans_capsules,high
423673,"Kohupiimakreem ALMA kakao, 380g",,,,,,dairy_eggs_fats,dairy_cottage_quark,high
423674,Vanillijäätis Baltija 95g,,,"Barbora, Maxima",,,frozen_food,frozen_desserts_icecream,high
423675,Kohvioad Caffe Crema MÖVENPICK 1kg,,,"Barbora, Maxima",,,drinks,drinks_coffee_beans_capsules,high
423676,"Vanillijäätis karamelliga WD,310g",,,"Barbora, Maxima",,,frozen_food,frozen_desserts_icecream,high
423677,"Pasteet keed.kana maksast PORMET, 300g",,,"Barbora, Maxima",,,drinks,drinks_tea_coffee,high
423678,"Kohvipadjad Strong SENSEO 36x6,94g",,,"Barbora, Maxima",,,drinks,drinks_other,heuristic
423679,Kovhioad OA No.2 1kg,,,"Barbora, Maxima",,,other,dry_other,fallback
423680,Kohviuba Tambet TASUJA 1kg,,,"Barbora, Maxima",,,drinks,drinks_coffee_beans_capsules,high
423681,KPN kv.vah.CHARLES SIMON Brut Sup. 750ml,,,"Barbora, Maxima",,,drinks,drinks_wine,high
423682,"Köögikoor FARMI 15% lakt.vaba, 400ml",,,"Barbora, Maxima",,,dairy_eggs_fats,dairy_cream_sourcream,high
423683,"Kohupiimakreem NOPRI šokolaaditükk.,200g",,,"Barbora, Maxima",,,dairy_eggs_fats,dairy_cottage_quark,high
423684,Kohviuba Jaanus TASUJA 1kg,,,"Barbora, Maxima",,,drinks,drinks_coffee_beans_capsules,high
423685,KPN kval.vah. VEUVE DELOYNES Brut 750ml,,,"Barbora, Maxima",,,drinks,drinks_wine,high
423686,KPN kv.vah. D.DE COLMAR Crem.Rose 750ml,,,"Barbora, Maxima",,,drinks,drinks_wine,high
423687,KPN kv.vah. D.DE COLMAR Cremant 750ml,,,"Barbora, Maxima",,,other,dry_other,fallback
423688,KPN kv.vah. JAUME SERRA Cava Brut 750ml,,,,,,drinks,drinks_wine,high
423689,"Kohupiimakreem ALMA maitsestam. 3%,300g",,,"Barbora, Maxima",,,dairy_eggs_fats,dairy_cottage_quark,high
423690,"Kohupiimakreem TERE Emma kakao,150g",,,,,,dairy_eggs_fats,dairy_cottage_quark,high
423692,Jogurt Mango-passioni NOPRI 750ml,,,,,,dairy_eggs_fats,dairy_yogurt_kefir,high
423693,Jogurt Natural jõhvikamüsliga TERE 150g,,,,,,dairy_eggs_fats,dairy_yogurt_kefir,high
423694,"Kohupiimakreem TERE Emma vanilje,150g",,,"Barbora, Maxima",,,dairy_eggs_fats,dairy_cottage_quark,high
423695,Karastusjook COCA-COLA Zero 500ml,,,,,,drinks,drinks_soft_soda,high
423696,"Jogurt TERE Hellus mango-chia seem.,350g",,,"Barbora, Maxima",,,dairy_eggs_fats,dairy_yogurt_kefir,high
423697,"Kohupiimakreem TERE Emma mustika, 150g",,,,,,dairy_eggs_fats,dairy_cottage_quark,high
423698,"Kohupiimakreem TERE Emma maasika, 150g",,,,,,dairy_eggs_fats,dairy_cottage_quark,high
423699,KPN kv.vah. MONISTROL Orig. Br.R. 750ml,,,"Barbora, Maxima",,,other,dry_other,fallback
423700,KPN Liköörvein LHERAUD Pineau 750ml,,,"Barbora, Maxima",,,drinks,drinks_wine,high
423701,"Kuivat.tursafileelõigud vürts.MSDM,36g",,,"Barbora, Maxima",,,world_spices,spices_herbs_spice_mix,high
423702,"Juust Camembert WELL DONE jõhvikas, 230g",,,"Barbora, Maxima",,,dairy_eggs_fats,dairy_cheese_slices,high
423703,"Kuivatatud vorst PORMET, 200g",,,"Barbora, Maxima",,,meat_fish,meat_sausages,high
423704,"Juust CAMEMBERT PRESIDENT pähklit., 120g",,,"Barbora, Maxima",,,dairy_eggs_fats,dairy_cheese_slices,high
423705,KPN kv.vahuvein R.CLERGET Cremant 750ml,,,"Barbora, Maxima",,,drinks,drinks_wine,high
423706,"Kuivatatud vorst Fuet WELL DONE,150g",,,"Barbora, Maxima",,,meat_fish,meat_sausages,high
423707,"Kuiv.kalmaari lõigud pikantsed MSDM,36g",,,"Barbora, Maxima",,,other,dry_other,fallback
423708,"Juust CHANSON DU FROMAGE Brie, 200g",,,"Barbora, Maxima",,,dairy_eggs_fats,dairy_cheese_slices,high
423709,"Jogurt TERE Emma jäätisem.kommidega,145g",,,"Barbora, Maxima",,,dairy_eggs_fats,dairy_yogurt_kefir,high
423710,"Juust CANTOREL Brie, kg",,,"Barbora, Maxima",,,dairy_eggs_fats,dairy_cheese_slices,high
423711,KPN vahuvein ITALIA Prosecco kuiv 200ml,,,"Barbora, Maxima",,,drinks,drinks_wine,high
423712,"Kohupiim ALMA 4%, 200g",,,,,,dairy_eggs_fats,dairy_cottage_quark,high
423713,"Kohupiimapasta TERE banaani, 300g",,,,,,dairy_eggs_fats,dairy_cottage_quark,high
423714,"Köögitoorjuust FARMI 15% lak.vaba, 400g",,,"Barbora, Maxima",,,dairy_eggs_fats,dairy_cheese_slices,high
423715,"Koorekaramellipuding TERE lak.vaba, 200g",,,"Barbora, Maxima",,,dairy_eggs_fats,dairy_cream_sourcream,high
423716,KPN vahuvein Fontessa Prosecco 750ml,,,"Barbora, Maxima",,,drinks,drinks_wine,high
423717,KPN vah.MASCHIO Prosecco Sp.Ex.Dry 750ml,,,"Barbora, Maxima",,,drinks,drinks_wine,high
423718,KPN vahuvein CHIC Cava Brut 750ml,,,"Barbora, Maxima",,,drinks,drinks_wine,high
423719,KPN vahuvein PIROVANO Prosecco 750ml,,,"Barbora, Maxima",,,drinks,drinks_wine,high
423720,"Majonees BALTIKA Provansaal Orig.,300g",,,"Barbora, Maxima",,,sauces_oils,sauces_ketchup_mayo,high
423721,KPN vein Beatrice Montep.D`Abruzzo 750ml,,,,,,drinks,drinks_wine,high
423722,"Majonees HELLMANN'S Originaal, 855ml",,,"Barbora, Maxima",,,drinks,drinks_spirits,high
423723,KPN vahuvein S.GIUSEPPE Proseco 200ml,,,"Barbora, Maxima",,,drinks,drinks_wine,high
423724,KPN vahuvein Prosecco Col Mesian 750ml,,,"Barbora, Maxima",,,drinks,drinks_wine,high
423725,KPN vein BOVIER ET FILS Chablis 750ml,,,"Barbora, Maxima",,,drinks,drinks_wine,high
423726,KPN vahuvein CA'VAL Prosecco Sup. 750ml,,,"Barbora, Maxima",,,drinks,drinks_wine,high
423727,Majonees BBQ LEMMIK 200g,,,,,,sauces_oils,sauces_ketchup_mayo,high
423728,"Majonees HELLMANN'S Original, 405ml",,,"Barbora, Maxima",,,drinks,drinks_spirits,high
423729,"Majonees LEMMIK Provansaal, 210g",,,,,,sauces_oils,sauces_ketchup_mayo,high
423730,"Külm.pelmeenid UVIC Ivan Kazanskie, 500g",,,,,,other,dry_other,fallback
423731,Majonees Provansaal Premium TARPLAN 210g,,,,,,sauces_oils,sauces_ketchup_mayo,high
423732,KPN vein DOPPIO PASSO Pinot Grigio 750ml,,,"Barbora, Maxima",,,drinks,drinks_wine,high
423733,"Peekonilõigud RAKVERE, 380g",,,"Barbora, Maxima",,,meat_fish,meat_pork,high
423734,"Jogurt WELL DONE banaan, 350g",,,"Barbora, Maxima",,,dairy_eggs_fats,dairy_yogurt_kefir,high
423735,"Kohupiimapasta TERE vanilje, 300g",,,,,,dairy_eggs_fats,dairy_cottage_quark,high
423736,KPN vein CHT MOULIN Bordeaux 750ml,,,"Barbora, Maxima",,,drinks,drinks_wine,high
423737,KGT poolvahuvein NUA Lambrusco 750ml,,,"Barbora, Maxima",,,drinks,drinks_wine,high
423738,KPN vein CHT DE CATHALOGNE Bord. 750ml,,,"Barbora, Maxima",,,drinks,drinks_wine,high
423739,KPN vein CHT PERTHUS CotesdeBourg 750ml,,,"Barbora, Maxima",,,drinks,drinks_wine,high
423740,"Kohupiimapasta TERE rosina, 300g",,,"Barbora, Maxima",,,dairy_eggs_fats,dairy_cottage_quark,high
423741,KPN vein CHT PIED D ARGENT Bellev. 750ml,,,"Barbora, Maxima",,,drinks,drinks_wine,high
423742,KPN vein Collezione Nero D´Avola 750ml,,,"Barbora, Maxima",,,drinks,drinks_wine,high
423743,"Kohupiim FARMI Lahja rosinatega, 200g",,,,,,dairy_eggs_fats,dairy_cottage_quark,high
423744,KPN vein Cht SEIGNEURIE MURVIEL 750ml,,,"Barbora, Maxima",,,drinks,drinks_wine,high
423745,"Majonees SALVEST Klassikaline, 430g",,,,,,sauces_oils,sauces_ketchup_mayo,high
423746,"Majonees TARPLAN Provansaal 50%, 900g",,,,,,sauces_oils,sauces_ketchup_mayo,high
423747,"Majonees TARPLAN Provansaal lak.v.,210g",,,"Barbora, Maxima",,,sauces_oils,sauces_ketchup_mayo,high
423748,"Jogurt WELL DONE virsik, 200g",,,"Barbora, Maxima",,,dairy_eggs_fats,dairy_yogurt_kefir,high
423749,KPN vein GRAN MIRADOR Red Blend 750ml,,,,,,drinks,drinks_wine,high
423750,Vanillijäätis vahvlite vahel MIO&RIO 90g,,,"Barbora, Maxima",,,frozen_food,frozen_desserts_icecream,high
423751,"Joogijog.TERE virs.-mel.-draakoniv.,900g",,,"Barbora, Maxima",,,other,dry_other,fallback
423752,"Kohupiim JAUNPILS vah.rasvasis.0.5%,275g",,,"Barbora, Maxima",,,dairy_eggs_fats,dairy_cottage_quark,high
423753,"Kohupiim LIISU 9%, 250g",,,,,,dairy_eggs_fats,dairy_cottage_quark,high
423754,KPN vein FAZZOLETTO Barbera kuiv 750ml,,,"Barbora, Maxima",,,drinks,drinks_wine,high
423755,"Peekon toors.Ameerikap.RAKVERE,450g viil",,,"Barbora, Maxima",,,meat_fish,meat_pork,high
423756,KPN vein FRANZ HOFFNER Ries.Prem.750ml,,,"Barbora, Maxima",,,drinks,drinks_wine,high
423757,Majonees trühv. SAAREMAA MAHEMUNAD 250g,,,"Barbora, Maxima",,,dairy_eggs_fats,dairy_eggs,high
423758,Majonees vegan TARPLAN 380g,,,,,,sauces_oils,sauces_ketchup_mayo,high
423759,KPN vein GRAND SUD Merlot 250ml,,,"Barbora, Maxima",,,drinks,drinks_wine,high
423760,KPN vein GRAN MIRADOR Dark Blend 750ml,,,"Barbora, Maxima",,,drinks,drinks_wine,high
423761,"Külm.pitsa neli juustu LaMiaGrande, 400g",,,"Barbora, Maxima",,,dairy_eggs_fats,dairy_cheese_slices,high
423762,"Kohupiim LIISU 0,5%, 250g",,,"Barbora, Maxima",,,dairy_eggs_fats,dairy_cottage_quark,high
423763,"Majonees TERE laktoosivaba, 410g",,,,,,sauces_oils,sauces_ketchup_mayo,high
423764,"Mandlijook ALPRO magustamata, 1L",,,,,,dairy_eggs_fats,dairy_plant_drinks,high
423765,"Mandlijook FARM MILK UHT, 1l",,,"Barbora, Maxima",,,dairy_eggs_fats,dairy_plant_drinks,high
423766,"Lihapihvid M&M, 400g",,,"Barbora, Maxima",,,meat_fish,meat_other,heuristic
423767,KGT vein FAT BASTARD Cab.Sauvignon 750ml,,,"Barbora, Maxima",,,drinks,drinks_wine,high
423768,Pestokaste kreemjas PANZANI 190g,,,"Barbora, Maxima",,,sauces_oils,sauces_pasta_cooking,high
423769,"Juust Eesti VALIO ATLEET viil., 500g",,,"Barbora, Maxima",,,dairy_eggs_fats,dairy_cheese_slices,high
423770,"Kohupiim TERE vanilje, 200g",,,,,,dairy_eggs_fats,dairy_cottage_quark,high
423771,"Pihvid RAKVERE, 400g",,,"Barbora, Maxima",,,other,dry_other,fallback
423772,"Armeenia šašlõkk Armeenia grill, kg",,,,,,meat_fish,meat_pork,high
423773,"Juust Eesti VALIO viilutatud, 500g",,,"Barbora, Maxima",,,dairy_eggs_fats,dairy_cheese_slices,high
423774,Pestokaste paprika ricotta PANZANI 190g,,,"Barbora, Maxima",,,sauces_oils,sauces_pasta_cooking,high
423775,"Joogijogurt ALMA õuna-jäätisem., 275g",,,"Barbora, Maxima",,,dairy_eggs_fats,dairy_yogurt_kefir,high
423776,Laulu-ja tantsujäätis marja.BALBIINO 65g,,,"Barbora, Maxima",,,frozen_food,frozen_desserts_icecream,high
423777,"Joogijogurt OGA mango, 1kg",,,"Barbora, Maxima",,,dairy_eggs_fats,dairy_yogurt_kefir,high
423778,"Juust CheddarWhiteMO SAAREMAA viil.,150g",,,"Barbora, Maxima",,,dairy_eggs_fats,dairy_cheese_slices,high
423780,"Juust Cheddar White, kg",,,"Barbora, Maxima",,,dairy_eggs_fats,dairy_cheese_slices,high
423781,"Juust Eesti MO SAAREMAA viil., 450g",,,"Barbora, Maxima",,,dairy_eggs_fats,dairy_cheese_slices,high
423783,Pesto Rosso BARILLA 200g,,,,,,sauces_oils,sauces_pasta_cooking,high
423784,"Juust EESTI viilutatud, 350g",,,,,,dairy_eggs_fats,dairy_cheese_slices,high
423785,"Juust Emmental WELL DONE 45% viil., 150g",,,"Barbora, Maxima",,,dairy_eggs_fats,dairy_cheese_slices,high
423786,Mochi mango RUD 50g,,,"Barbora, Maxima",,,produce,produce_tropical,high
423787,KGT vein GRAND SUD Cabernet 1L,,,"Barbora, Maxima",,,drinks,drinks_wine,high
423788,"Kuiv.suitsumaitseline stauriid MSDM,36g",,,,,,meat_fish,fish_salted_smoked,high
423789,"Pitsasink M&M,250g",,,,,,meat_fish,meat_hams,high
423790,"Põdraliha äkis LINNAMÄE, 110g",,,"Barbora, Maxima",,,meat_fish,meat_other,heuristic
423791,"Juust Emmental ESTOVER viil.,150g",,,,,,dairy_eggs_fats,dairy_cheese_slices,high
423792,"Kuiv.sink Serrano WELL DONE,500g viil",,,"Barbora, Maxima",,,meat_fish,meat_hams,high
423793,KGT vein FRANZ HOFFNER Riesling 750ml,,,"Barbora, Maxima",,,drinks,drinks_wine,high
423794,"Poolsuitsuvorst Krakov NÕO, 270g",,,"Barbora, Maxima",,,meat_fish,meat_sausages,high
423795,"Joogijog. vaarikam. WELL DONE 2%, 250g",,,"Barbora, Maxima",,,produce,produce_berries,high
423796,"Põdraliha konserv LINNAMÄE, 240g",,,,,,meat_fish,meat_other,heuristic
423797,"Juust EESTI viilutatud, 500g",,,,,,dairy_eggs_fats,dairy_cheese_slices,high
423798,Joogivesi SAAREMAA Vesi 5l,,,"Barbora, Maxima",,,drinks,drinks_water,high
423799,"Juust ATLEET Originaal, 200g",,,,,,drinks,drinks_spirits,high
423800,"Poolsuitsuvorst Krakov VALLA, 450g",,,,,,meat_fish,meat_sausages,high
423802,"Juust Gouda trühvlitega, kg",,,"Barbora, Maxima",,,dairy_eggs_fats,dairy_cheese_slices,high
423803,"Külm.pitsa singi-juustu LaMiaGrande,400g",,,"Barbora, Maxima",,,dairy_eggs_fats,dairy_cheese_slices,high
423804,"Poolsuitsuvorst RAKVERE, 350g",,,,,,meat_fish,meat_sausages,high
423805,"Juust Cheddar WELL DONE Red viil., 150g",,,"Barbora, Maxima",,,dairy_eggs_fats,dairy_cheese_slices,high
423806,"Juust DOR BLU, 100G",,,,,,dairy_eggs_fats,dairy_cheese_slices,high
423807,Juust Gouda 48% WELL DONE 200g,,,"Barbora, Maxima",,,dairy_eggs_fats,dairy_cheese_slices,high
423808,"Juust Gouda NOPRI karulauguga, 250g",,,,,,dairy_eggs_fats,dairy_cheese_slices,high
423809,"Seašašlõkk äädikamarinaadis, kg",,,,,,sauces_oils,sauces_marinades,high
423810,KGT vein ITALIA Pinot Grigio 750ml,,,"Barbora, Maxima",,,drinks,drinks_wine,high
423811,"Juust Brie French, kg",,,"Barbora, Maxima",,,dairy_eggs_fats,dairy_cheese_slices,high
423812,"Juust Gouda lambaläätsega, kg",,,"Barbora, Maxima",,,dairy_eggs_fats,dairy_cheese_slices,high
423813,"Kohup.kreem ALMA metsmaasikakissell,140g",,,"Barbora, Maxima",,,produce,produce_berries,high
423814,Juust Gouda 48% WELL DONE 150g viil.,,,"Barbora, Maxima",,,dairy_eggs_fats,dairy_cheese_slices,high
423815,"Kuiv.suitsumaits.kalmaari ribad MSDM,36g",,,"Barbora, Maxima",,,meat_fish,fish_salted_smoked,high
423816,"Juust Camembert PRESIDENT ürtidega,120g",,,"Barbora, Maxima",,,dairy_eggs_fats,dairy_cheese_slices,high
423817,"Juust Gouda FARM MILK viilutatud,150g",,,,,,dairy_eggs_fats,dairy_cheese_slices,high
423818,Kohup.kreemDANONKI van.maas.banaan.4x90g,,,"Barbora, Maxima",,,produce,produce_tropical,high
423819,"Kuiv.vähesoolane anšoovis MSDM,36g",,,"Barbora, Maxima",,,world_spices,spices_basic_salt_pepper,high
423820,"Juust EESTI light viilutatud, 200g",,,,,,dairy_eggs_fats,dairy_cheese_slices,high
423821,Juust Gouda WELL DONE PREMIUM J.X.O.180g,,,"Barbora, Maxima",,,dairy_eggs_fats,dairy_cheese_slices,high
423822,"Kiivi-mango smuuti PAI, 280ml",,,,,,produce,produce_tropical,high
423823,"Poolsuitsuvorst Servelaat RAKVERE, 500g",,,,,,meat_fish,meat_sausages,high
423824,"Juust Rembrandt, kg",,,"Barbora, Maxima",,,dairy_eggs_fats,dairy_cheese_slices,high
423825,"Kohup.kreem TERE Emma mustikakiss.,150g",,,"Barbora, Maxima",,,produce,produce_berries,high
423826,Kohvijook 3in1 MOKATE 10x17g,,,"Barbora, Maxima",,,drinks,drinks_other,heuristic
423827,"Kohvikoor FARM MILK 10%, 10x10ml",,,"Barbora, Maxima",,,dairy_eggs_fats,dairy_cream_sourcream,high
423828,"Küla suitsusink NÕO, kg-lett",,,"Barbora, Maxima",,,meat_fish,meat_hams,high
423829,"Külms.roogitud makrell vaakumis OCEAN,kg",,,"Barbora, Maxima",,,other,dry_other,fallback
423830,Kohvioad Arabica Selected PAULIG 1kg,,,"Barbora, Maxima",,,drinks,drinks_coffee_beans_capsules,high
423831,"Kuiv.vorst.Salch&Chor.WELL DONE,80g viil",,,"Barbora, Maxima",,,meat_fish,meat_sausages,high
423832,Kirsiliköör 18% 500ml PET,,,"Barbora, Maxima",,,other,dry_other,fallback
423833,"Kohvikoor FARM MILK 10%, 200ml",,,"Barbora, Maxima",,,dairy_eggs_fats,dairy_cream_sourcream,high
423834,"Juust Gouda WELL DONE viil.,lakt.v.,150g",,,"Barbora, Maxima",,,dairy_eggs_fats,dairy_cheese_slices,high
423835,"Juust Gouda NOPRI lambaläätsega, 250g",,,,,,dairy_eggs_fats,dairy_cheese_slices,high
423836,"Poolsuitsuvorst Tõmmu WÕRO, 350g",,,,,,meat_fish,meat_sausages,high
423837,"Juust Maasdam FARM MILK 45% viilud,150g",,,"Barbora, Maxima",,,dairy_eggs_fats,dairy_cheese_slices,high
423838,"Juust Mozzarella WELL DONE viil., 150g",,,"Barbora, Maxima",,,dairy_eggs_fats,dairy_cheese_slices,high
423839,"Juust Royal Gouda VALIO Black, 200g",,,,,,dairy_eggs_fats,dairy_cheese_slices,high
423840,KPN vein PETER WEINBACH Riesl.Mos.75cl,,,"Barbora, Maxima",,,drinks,drinks_wine,high
423841,"Juust Royal Gouda VALIO Black viil.,150g",,,,,,dairy_eggs_fats,dairy_cheese_slices,high
423843,"Juust Royal Gouda VALIO Red, 250g",,,,,,dairy_eggs_fats,dairy_cheese_slices,high
423844,"Juust Saare Leet MO SAAREMAA viil., 450g",,,"Barbora, Maxima",,,dairy_eggs_fats,dairy_cheese_slices,high
423845,KPN vein PAPALE Oro Prim.di Man. 750ml,,,"Barbora, Maxima",,,drinks,drinks_wine,high
423846,"Juust Emmental WELL DONE 45%, 250g",,,"Barbora, Maxima",,,dairy_eggs_fats,dairy_cheese_slices,high
423847,"Poolsuitsuvorst Täpi NÕO, 135g viil",,,,,,meat_fish,meat_sausages,high
423848,"Juust Forte VALIO Superiore, 180g",,,,,,dairy_eggs_fats,dairy_cheese_slices,high
423849,"Juust Gouda FARM MILK viil. 45%, 500g",,,"Barbora, Maxima",,,dairy_eggs_fats,dairy_cheese_slices,high
423850,"Juust Royal Gouda VALIO Red viil., 150g",,,"Barbora, Maxima",,,dairy_eggs_fats,dairy_cheese_slices,high
423851,KPN kv.vah.PIPER HEIDSIECK Cuv.B. 750ml,,,"Barbora, Maxima",,,other,dry_other,fallback
423852,"Juust Saaremaa MO SAAREMAA viil., 450g",,,,,,dairy_eggs_fats,dairy_cheese_slices,high
423853,KPN vein R.CLERGET Pinot Noir kuiv 750ml,,,"Barbora, Maxima",,,drinks,drinks_wine,high
423854,"Poolsuitsuvorst Viljandi OSKAR,120g viil",,,"Barbora, Maxima",,,meat_fish,meat_sausages,high
423855,"Juust snäkk HIIRTE JUUST, 175g",,,"Barbora, Maxima",,,dairy_eggs_fats,dairy_cheese_slices,high
423856,Porgandisalat küüslauguga 200g,,,"Barbora, Maxima",,,produce,produce_herbs_salads_sprouts,high
423857,"Juust Saare MO SAAREMAA light viil.,150g",,,,,,dairy_eggs_fats,dairy_cheese_slices,high
423858,"Juust snäkk Gouda HIIRTE JUUST, 175g",,,,,,dairy_eggs_fats,dairy_cheese_slices,high
423859,Juust Tilsit 45% WELL DONE 150g viil.,,,"Barbora, Maxima",,,dairy_eggs_fats,dairy_cheese_slices,high
423860,"Juust Salaami FARM MILK 45% viilud,150g",,,"Barbora, Maxima",,,dairy_eggs_fats,dairy_cheese_slices,high
423861,"Külms.skumbria vaakumis VICI, kg",,,"Barbora, Maxima",,,other,dry_other,fallback
423862,"Kondenspiim STEINHAUER kakaoga, 397g",,,"Barbora, Maxima",,,dairy_eggs_fats,dairy_milk,high
423863,KPN kuiv vein MAYBACH Riesling 750ml,,,"Barbora, Maxima",,,drinks,drinks_wine,high
423865,Apelsini-õunajook PÕLTSAMAA 200ml,,,,,,produce,produce_apples_pears,high
423866,"Külmutatud brokkoli WELL DONE, 400g",,,"Barbora, Maxima",,,frozen_food,frozen_other,heuristic
423867,Alk. vaba vahutav peojook lastele 750ml,,,"Barbora, Maxima",,,other,dry_other,fallback
423868,"Alk.jook Margarita 4,7% 330ml",,,"Barbora, Maxima",,,other,dry_other,fallback
423869,"Koorejogurt ALMA Muah r.leiv-kaneel,380g",,,"Barbora, Maxima",,,dairy_eggs_fats,dairy_yogurt_kefir,high
423870,"Apelsinimahl DON SIMON,1L",,,,,,drinks,drinks_juices,high
423871,"Br.filee min.pihv suitsuj.TALLEGG,350g",,,"Barbora, Maxima",,,meat_fish,fish_salted_smoked,high
423872,Apelsininektar MIO&RIO 2L,,,"Barbora, Maxima",,,drinks,drinks_juices,high
423873,"Koorene jogurt FARMI apelsin&šok., 400g",,,"Barbora, Maxima",,,dairy_eggs_fats,dairy_yogurt_kefir,high
423874,"Koorejogurt ALMA Muah stracciatella,380g",,,,,,dairy_eggs_fats,dairy_yogurt_kefir,high
423875,Alk.vaba vahuvein FREIXENET White 750ml,,,"Barbora, Maxima",,,drinks,drinks_wine,high
423876,"Margariin VOIMIX soolane 60%, 400g",,,,,,dairy_eggs_fats,dairy_butter_margarine,high
423877,Ananassinektar AURA 1L,,,,,,drinks,drinks_juices,high
423878,Aromatiseer. veinijook RUCIO Sangria 1L,,,"Barbora, Maxima",,,drinks,drinks_wine,high
423879,"Juustudipp MEREVAIK Cheddari, 200g",,,,,,dairy_eggs_fats,dairy_cheese_slices,high
423880,"Orgaaniline kaerajook WELL DONE, 1L",,,"Barbora, Maxima",,,dairy_eggs_fats,dairy_plant_drinks,high
423881,Apelsinimahl MIO&RIO 1L,,,"Barbora, Maxima",,,drinks,drinks_juices,high
423882,Koorejogurt Muah barbarissi ALMA 180g,,,"Barbora, Maxima",,,dairy_eggs_fats,dairy_yogurt_kefir,high
423883,"Külmsuitsu moiva, 200g",,,"Barbora, Maxima",,,meat_fish,fish_salted_smoked,high
423884,Cognac LARSEN X.O 40% 0.7l karp,,,"Barbora, Maxima",,,drinks,drinks_spirits,high
423885,Energiajook BATTERY 400ml,,,,,,drinks,drinks_energy,high
423886,Energiajook STARTER 500ml,,,,,,other,dry_other,fallback
423887,"Br.fil.nagitsad laste WELL DONE, 300g",,,"Barbora, Maxima",,,other,dry_other,fallback
423888,"Juustuamps MO SAAREMAA päik.tomat.,200g",,,"Barbora, Maxima",,,dairy_eggs_fats,dairy_cheese_slices,high
423889,"Juust Tilsit FARM MILK viilutatud, 150g",,,,,,dairy_eggs_fats,dairy_cheese_slices,high
423890,"Juust Tilsit FARM MILK viilutatud, 500g",,,"Barbora, Maxima",,,dairy_eggs_fats,dairy_cheese_slices,high
423891,"Juustu snäkk FARMI õrnsuitsuvürts.,200g",,,"Barbora, Maxima",,,dairy_eggs_fats,dairy_cheese_slices,high
423892,"Kõva juust DŽIUGAS Delicate 24 kuud,180g",,,"Barbora, Maxima",,,dairy_eggs_fats,dairy_cheese_slices,high
423893,"Külmsuit.lõhefilee viilud WELL DONE,100g",,,"Barbora, Maxima",,,meat_fish,fish_fresh,high
423894,"Külmsuitsu Atlandi lõhefilee OCEAN,100g",,,"Barbora, Maxima",,,meat_fish,fish_salted_smoked,high
423895,"Juust Tilsit WELL DONE viilutatud, 400g",,,"Barbora, Maxima",,,dairy_eggs_fats,dairy_cheese_slices,high
423896,"Külmsuitsulõhefilee WELL DONE, 170g",,,"Barbora, Maxima",,,meat_fish,fish_salted_smoked,high
423897,"Külmsuitsu forellifilee viilud, 100g",,,"Barbora, Maxima",,,meat_fish,fish_salted_smoked,high
423898,"Toorsuitsupeekon WELL DONE, 100g viil",,,"Barbora, Maxima",,,meat_fish,meat_pork,high
423899,"Praetud pikkpoiss PORMET, 500g",,,"Barbora, Maxima",,,other,dry_other,fallback
423900,Panna Cotta Apelsini NOPRI 150g,,,,,,produce,produce_tropical,high
423902,Hele õlu ALEXANDER 5.2% 6x500ml,,,"Barbora, Maxima",,,drinks,drinks_beer_cider,high
423903,GT vein TELIANI Khvanchkara 750ml,,,"Barbora, Maxima",,,drinks,drinks_wine,high
423904,"Br.kintsul.nahata, WELL DONE ABta,500g",,,"Barbora, Maxima",,,other,dry_other,fallback
423905,Hele õlu A.LE COQ Imperial Gold4.8%400ml,,,"Barbora, Maxima",,,drinks,drinks_beer_cider,high
423906,"Br.koib seljaosaga A-klass WELL DONE,kg",,,"Barbora, Maxima",,,other,dry_other,fallback
423907,"Panna Cotta NOPRI Fitlap kohvi, 150g",,,,,,drinks,drinks_other,heuristic
423908,"Hele õlu ALEXANDER 5.2% 568ml, prk",,,"Barbora, Maxima",,,drinks,drinks_beer_cider,high
423909,"Br.kintsuliha šašlõkk Armeenia grill, kg",,,,,,meat_fish,meat_pork,high
423910,"Pr. kilud tomatikastmes RANNAKÜLA,240g",,,"Barbora, Maxima",,,dry_preserves,dry_canned_meat_fish,high
423911,"Kreemjuust TUREK kitsepiimast,150g",,,"Barbora, Maxima",,,dairy_eggs_fats,dairy_cheese_slices,high
423912,"Piimabatoonike OREO, 27g",,,"Barbora, Maxima",,,dairy_eggs_fats,dairy_milk,high
423913,Hele õlu ALEXANDER 5.2% 568ml 6tk,,,"Barbora, Maxima",,,drinks,drinks_beer_cider,high
423915,Piimajook Müllermilch kookos-pistaatsia 400g,,,"Barbora, Maxima",,,dairy_eggs_fats,dairy_milk,high
423916,"Juustuvorst RAKVERE, 190g viil",,,"Barbora, Maxima",,,dairy_eggs_fats,dairy_cheese_slices,high
423917,"Kreeka jogurt FARMI 10%, 370g",,,,,,dairy_eggs_fats,dairy_yogurt_kefir,high
423918,"Kreeka jogurt FARM MILK natur.10%,400g",,,"Barbora, Maxima",,,dairy_eggs_fats,dairy_yogurt_kefir,high
423919,"Kreemjuust TARTARE lõhega, 140g",,,"Barbora, Maxima",,,dairy_eggs_fats,dairy_cheese_slices,high
423920,Kaaviarimääre kalmaariga WELL DONE 160g,,,"Barbora, Maxima",,,other,dry_other,fallback
423921,Kabanoss Juustu WELL DONE 120g,,,"Barbora, Maxima",,,dairy_eggs_fats,dairy_cheese_slices,high
423923,KPN vein EPICURO Prim.di Manduria 750ml,,,"Barbora, Maxima",,,drinks,drinks_wine,high
423924,"Magustatud kondenspiim šokol.,JAANI 250g",,,"Barbora, Maxima",,,dairy_eggs_fats,dairy_milk,high
423925,"Mahetäispiim MO SAAREMAA Öko 3,8-4,4%,1L",,,,,,dairy_eggs_fats,dairy_milk,high
423926,Kabanoss Original WELL DONE 120g,,,"Barbora, Maxima",,,drinks,drinks_spirits,high
423927,Kaerajook YOOK Barista extra creamy 1l,,,,,,dairy_eggs_fats,dairy_plant_drinks,high
423928,Kuums.skumbriafilee pipraga VICI 175g,,,,,,other,dry_other,fallback
423929,Kuumsuit.makrell vaak. OCEAN kg,,,"Barbora, Maxima",,,other,dry_other,fallback
423930,"Kuumsuits. servelaat PORMET,280g",,,"Barbora, Maxima",,,other,dry_other,fallback
423931,"Broilerikints A-klass WELL DONE,500g",,,"Barbora, Maxima",,,meat_fish,meat_poultry,high
423932,"Caesari kauss pasta,broil.CH.LUNDEN, 270g",,,,,,dry_preserves,dry_pasta_rice,high
423933,"Mahejogurt aedmaasika WELL DONE 2,5%140g",,,"Barbora, Maxima",,,dairy_eggs_fats,dairy_yogurt_kefir,high
423934,"Mahejogurt kirsiga WELL DONE 2,5%140g",,,"Barbora, Maxima",,,dairy_eggs_fats,dairy_yogurt_kefir,high
423935,"Mahejogurt mustikaga WELL DONE 2,5%140g",,,"Barbora, Maxima",,,dairy_eggs_fats,dairy_yogurt_kefir,high
423936,"Kuumsuitsu peekon PORMET, kg",,,"Barbora, Maxima",,,meat_fish,meat_pork,high
423937,"Kuumsuitsu kuldne meriahven, kg-lett",,,,,,meat_fish,fish_salted_smoked,high
423938,Caesari tasku kanaga 150g,,,"Barbora, Maxima",,,meat_fish,meat_poultry,high
423939,"Eestimaine broiler TALLEGG, kg",,,,,,meat_fish,meat_poultry,high
423940,"Kaerajook ALPRO Barista, 1L",,,"Barbora, Maxima",,,dairy_eggs_fats,dairy_plant_drinks,high
423941,Kaera lapi leib FAZER kartulihelv.310g,,,,,,bakery,bakery_bread_loaves,high
423942,"Eestimaine br.kints A-kl TALLEGG, kg",,,"Barbora, Maxima",,,other,dry_other,fallback
423943,Kaerasepik FAZER D-vitamiiniga 350g,,,,,,bakery,bakery_bread_loaves,high
423944,"Caesari salat kanaga, 250g",,,"Barbora, Maxima",,,meat_fish,meat_poultry,high
423945,"Kaerajook ALPRO, 1l",,,,,,dairy_eggs_fats,dairy_plant_drinks,high
423947,"Caesari salat kanaga, kg",,,,,,meat_fish,meat_poultry,high
423948,"Juust ZOTT Toasty Sandwich viil., 120g",,,,,,dairy_eggs_fats,dairy_cheese_slices,high
423949,KPN vein ITALO CESCON Raboso 750ml,,,"Barbora, Maxima",,,drinks,drinks_wine,high
423950,"Kaerajook ALPRO magustamata, 1l",,,"Barbora, Maxima",,,dairy_eggs_fats,dairy_plant_drinks,high
423951,"Kaerajook DEARY,1L",,,,,,dairy_eggs_fats,dairy_plant_drinks,high
423952,KPN vein ITALO CESCON Pinot Grigio 750ml,,,"Barbora, Maxima",,,drinks,drinks_wine,high
423953,"Majonees LEMMIK Provansaal Oliivi, 210g",,,,,,sauces_oils,sauces_ketchup_mayo,high
423954,"Kuumsuitsutatud lõhe selgroog OCEAN,kg",,,"Barbora, Maxima",,,meat_fish,fish_salted_smoked,high
423955,MajoneesLEMMIK Provansaal Orig.300g tops,,,"Barbora, Maxima",,,sauces_oils,sauces_ketchup_mayo,high
423956,"Majonees TARPLAN Provansaal 50%, 230g",,,"Barbora, Maxima",,,sauces_oils,sauces_ketchup_mayo,high
423957,KGT vein J.P.CHENET Moelleux Blanc 750ml,,,"Barbora, Maxima",,,drinks,drinks_wine,high
423958,"Mandlijook ALPRO Barista, 1L",,,,,,dairy_eggs_fats,dairy_plant_drinks,high
423959,"Margariin DELMA Extra 39%, 450g",,,,,,dairy_eggs_fats,dairy_butter_margarine,high
423960,"Kaerajook FARM MILK UHT, 1l",,,"Barbora, Maxima",,,dairy_eggs_fats,dairy_plant_drinks,high
423961,"Kaerajook OATLY 2,8%, 1l",,,"Barbora, Maxima",,,dairy_eggs_fats,dairy_plant_drinks,high
423962,Kali A. LE COQ KLASSIKALINE 2L,,,"Barbora, Maxima",,,other,dry_other,fallback
423963,"Kuumsuitsutatud kanavorst PORMET, kg",,,"Barbora, Maxima",,,meat_fish,meat_poultry,high
423965,KPN vein JOHANN BRUNNER Gewürtz. 750ml,,,"Barbora, Maxima",,,drinks,drinks_wine,high
423966,"Mandlijook WELL DONE Barista UHT, 1l",,,"Barbora, Maxima",,,dairy_eggs_fats,dairy_plant_drinks,high
423967,"Hakkliharull PORMET küüsl., köögiv.,500g",,,"Barbora, Maxima",,,meat_fish,meat_minced,high
423968,"Grillvorstid juustuga NÕO, 360g",,,,,,dairy_eggs_fats,dairy_cheese_slices,high
423969,"Kaerajook OATLY šokolaadi, 1l",,,"Barbora, Maxima",,,dairy_eggs_fats,dairy_plant_drinks,high
423970,"Kaerajook OATLY Barista Edition, 500ml",,,"Barbora, Maxima",,,dairy_eggs_fats,dairy_plant_drinks,high
423971,"Kanafileenagitsad TALLEGG, 300g",,,,,,meat_fish,meat_poultry,high
423972,"Hakklihapitsa SAARIOINEN, 200g",,,,,,meat_fish,meat_minced,high
423973,"Hautatud kalkuniliha KODUKÜLA, 250g",,,"Barbora, Maxima",,,meat_fish,meat_poultry,high
423974,"Kaerajook OATLY suhkruvaba, 1L",,,,,,dairy_eggs_fats,dairy_plant_drinks,high
423975,KPN vein SAN MARZANO Prim.DiMandur.750ml,,,"Barbora, Maxima",,,drinks,drinks_wine,high
423976,"Kaerajook OATLY Barista Edition, 1l",,,,,,dairy_eggs_fats,dairy_plant_drinks,high
423977,"Ehtne täissuitsuvorst juustuga NÕO, 240g",,,"Barbora, Maxima",,,dairy_eggs_fats,dairy_cheese_slices,high
423978,"Grill-liha ürdimarinaadis RAKVERE,500g",,,"Barbora, Maxima",,,sauces_oils,sauces_marinades,high
423979,"Kaerajook YOOK Barista, 1L",,,,,,dairy_eggs_fats,dairy_plant_drinks,high
423980,"Piim ALMA 2,5%, 1,5L",,,,,,dairy_eggs_fats,dairy_milk,high
423981,"Piim FARM MILK 3,2% UHT, 1L",,,"Barbora, Maxima",,,dairy_eggs_fats,dairy_milk,high
423982,"Piim TERE 2,5%, D-vitamiiniga 1L",,,,,,dairy_eggs_fats,dairy_milk,high
423983,"Piim TERE 2,5%, D-vitamiiniga 1L kile",,,,,,dairy_eggs_fats,dairy_milk,high
423984,"Piim UHT FARM MILK 0,5% 1L",,,"Barbora, Maxima",,,dairy_eggs_fats,dairy_milk,high
423985,"Kaerajook YOOK Organic, 1L",,,,,,dairy_eggs_fats,dairy_plant_drinks,high
423986,KPN Vahuvein LA GIOIOSA Prosseco 750ml,,,,,,drinks,drinks_wine,high
423987,"Heeringafilee traditsiooniline VICI,400g",,,,,,meat_fish,fish_fresh,high
423988,"Piim WELL DONE 1,5% UHT,laktoosivaba,1L",,,"Barbora, Maxima",,,dairy_eggs_fats,dairy_milk,high
423989,"Hautatud sealiha KODUKÜLA, 250g",,,,,,meat_fish,meat_pork,high
423990,"Kamajook FARMI mustika-vaarika, 750g",,,,,,produce,produce_berries,high
423991,"Heeringafilee tk. tilliga õlis VICI,210g",,,,,,sauces_oils,oils_other,high
423992,"Piim WELL DONE 3,2% UHT,laktoosivaba,1L",,,,,,dairy_eggs_fats,dairy_milk,high
423993,"Poolrasv.margariin DELMA sool.39%, 450g",,,"Barbora, Maxima",,,dairy_eggs_fats,dairy_butter_margarine,high
423994,Lavaširullid lõhega 250g,,,"Barbora, Maxima",,,meat_fish,fish_fresh,high
423995,Rocket pesto WELL DONE 190g,,,"Barbora, Maxima",,,sauces_oils,sauces_pasta_cooking,high
423997,"Piim TERE D-vitamiin.lakt.vaba 2,5%., 1L",,,"Barbora, Maxima",,,dairy_eggs_fats,dairy_milk,high
423998,"Hautatud lambaliha KODUKÜLA, 250g",,,,,,meat_fish,meat_beef_lamb_game,high
423999,"Heeringafilee ilma õlita VICI, 200g",,,,,,sauces_oils,oils_other,high
424000,"Kanapuljong FOODSTUDIO, 350ml",,,"Barbora, Maxima",,,world_spices,spices_broth_stock,high
424001,KPN vein Le Vin Pinot Grigio 3L,,,"Barbora, Maxima",,,drinks,drinks_wine,high
424002,"Heeringafil.sool.tradits.OCEAN õlis,220g",,,"Barbora, Maxima",,,world_spices,spices_basic_salt_pepper,high
424003,"Poolr.margariin EXTRA LINE võiga40%,400g",,,"Barbora, Maxima",,,dairy_eggs_fats,dairy_butter_margarine,high
424004,"Prantsuse juust Emmental Cantorel,kg",,,"Barbora, Maxima",,,dairy_eggs_fats,dairy_cheese_slices,high
424005,"Proteiini puding TERE Fit vanilli, 150g",,,"Barbora, Maxima",,,dairy_eggs_fats,dairy_desserts,high
424006,Prot.koh.kr.VALIO Profeel maas.-ban.200g,,,"Barbora, Maxima",,,other,dry_other,fallback
424007,"Prot.puding VALIO PROfeel piimašok.,150g",,,"Barbora, Maxima",,,dairy_eggs_fats,dairy_desserts,high
424008,Lahustuv kohv AROMA GOLD 200g,,,,,,drinks,drinks_tea_coffee,high
424009,Lah.kohv MONTE PERO Classic 200g,,,"Barbora, Maxima",,,drinks,drinks_other,heuristic
424010,Lah.kohv MONTE PERO Classic 100g,,,"Barbora, Maxima",,,drinks,drinks_other,heuristic
424011,"Heeringafil. rollmops kur-ga KGrant,250g",,,"Barbora, Maxima",,,meat_fish,fish_fresh,high
424012,Kanapasta koorene PRESTO 300g,,,,,,dairy_eggs_fats,dairy_cream_sourcream,high
424013,"Proteiinijogurt TERE Fit mustika, 150g",,,,,,dairy_eggs_fats,dairy_yogurt_kefir,high
424014,Prot.jog.jook VALIO Profeel troopil.275g,,,"Barbora, Maxima",,,other,dry_other,fallback
424015,"Prot.jogurt VALIO Profeel ahjuõuna, 200g",,,"Barbora, Maxima",,,dairy_eggs_fats,dairy_yogurt_kefir,high
424016,"Prot.jogurt VALIO Profeel mustasõs.,200g",,,,,,dairy_eggs_fats,dairy_yogurt_kefir,high
424017,"Prot.jogurt VALIO Profeel maasika, 200g",,,"Barbora, Maxima",,,dairy_eggs_fats,dairy_yogurt_kefir,high
424018,"Lõhe omas mahlas KAPTEN GRANT, EO 230g",,,,,,drinks,drinks_juices,high
424019,"Roh.pepper. GRIKIOS toorjuust.,200/150g",,,"Barbora, Maxima",,,dairy_eggs_fats,dairy_cheese_slices,high
424020,"Salaami ELPOZO, 80g viil",,,,,,other,dry_other,fallback
424021,"Lahustuv kohv Fine Aroma DAVIDOFF,100g",,,,,,drinks,drinks_tea_coffee,high
424022,"Salatikaste TARPLAN Caesar, 210g",,,,,,sauces_oils,sauces_salad_dressings,high
424023,"Heeringafil.sool.tradits.OCEAN õlis,400g",,,"Barbora, Maxima",,,world_spices,spices_basic_salt_pepper,high
424024,"Kanaviiner M&M,500g",,,"Barbora, Maxima",,,drinks,drinks_spirits,high
424025,Kapsahakklihahautis 300g,,,"Barbora, Maxima",,,meat_fish,meat_minced,high
424026,"Lõhe õlis MARINE ABC, EO 240g",,,"Barbora, Maxima",,,sauces_oils,oils_other,high
424027,"Rõõsakoorevõi 82% DZIUGAS, 200g",,,"Barbora, Maxima",,,dairy_eggs_fats,dairy_cream_sourcream,high
424028,KPN vein ROBERT CHARTON Bord.Rouge 750ml,,,"Barbora, Maxima",,,drinks,drinks_wine,high
424029,"Heeringaf.tükid sibulaga KODURANNA,270g",,,"Barbora, Maxima",,,meat_fish,fish_fresh,high
424031,"Suitsujuustusnäkk RAMBYNO BBQ-tšilli,75g",,,"Barbora, Maxima",,,dairy_eggs_fats,dairy_cheese_slices,high
424032,"Puding ALMA karamelli, 230g",,,,,,dairy_eggs_fats,dairy_desserts,high
424033,"Puding ALMA kookose, 230g",,,,,,dairy_eggs_fats,dairy_desserts,high
424034,"Suitsujuust VALIO Kaval Ants, 250 g",,,"Barbora, Maxima",,,dairy_eggs_fats,dairy_cheese_slices,high
424035,Suitsune tšillikaste FELIX 270g,,,"Barbora, Maxima",,,meat_fish,fish_salted_smoked,high
424036,Karb-tud lood.min.vesi VÄRSKA 1L,,,"Barbora, Maxima",,,drinks,drinks_water,high
424037,"Heeringas omas mahlas MARINE ABC,EO 240g",,,"Barbora, Maxima",,,drinks,drinks_juices,high
424038,Kartulipuder guljaššiga 275g,,,"Barbora, Maxima",,,produce,produce_root_veg,high
424039,Prot.puding VALIO PROfeel šok.-pähk.150g,,,"Barbora, Maxima",,,dairy_eggs_fats,dairy_desserts,high
424040,"Heeringas tomatikastm.MARINE ABC,EO 240g",,,"Barbora, Maxima",,,meat_fish,fish_fresh,high
424041,Karastusjook FANTA apelsini 500ml,,,,,,drinks,drinks_soft_soda,high
424042,Hernesupp sealihaga KRONIS 530g,,,"Barbora, Maxima",,,meat_fish,meat_pork,high
424044,"Sulatatud juust VALIO Forte juustu,185g",,,,,,dairy_eggs_fats,dairy_cheese_slices,high
424045,"Prot.puding VALIO PROfeel tiramisu, 150g",,,"Barbora, Maxima",,,dairy_eggs_fats,dairy_desserts,high
424048,"Rasvasegu võie Võideks Spread 66%, 200g",,,,,,dairy_eggs_fats,dairy_butter_margarine,high
424050,"Suvepuding TERE mango, 200g",,,,,,dairy_eggs_fats,dairy_desserts,high
424051,Sul.juust MEREVAIK nat. 370g,,,"Barbora, Maxima",,,dairy_eggs_fats,dairy_cheese_slices,high
424052,"Kauaküps.broiler BEST BUTCHER,kg",,,"Barbora, Maxima",,,meat_fish,meat_poultry,high
424055,Taimne puding kookos-chia DEARY 150g,,,,,,dairy_eggs_fats,dairy_desserts,high
424056,"Makrellifilee tomatik.OCEAN, EO 170g",,,"Barbora, Maxima",,,produce,produce_root_veg,high
424057,"LiköörVANA TALLINN SIGNATURE40%0,5l",,,"Barbora, Maxima",,,other,dry_other,fallback
424061,"Puding ALMA šokolaadi-metsapähkli, 230g",,,,,,dairy_eggs_fats,dairy_desserts,high
424062,"Külmutatud searasv RAKVERE, 200g",,,"Barbora, Maxima",,,frozen_food,frozen_other,heuristic
424063,Puding ALMA vaarika-mascarpon 230g,,,"Barbora, Maxima",,,dairy_eggs_fats,dairy_desserts,high
424064,"Hirveliha äkis metsaseen. LINNAMÄE,110g",,,"Barbora, Maxima",,,produce,produce_mushrooms,high
424065,"Hummus Italia.-tomatite&küüslauguga,200g",,,"Barbora, Maxima",,,produce,produce_root_veg,high
424066,"Talumaius NOPRI Kräsupea,150g",,,"Barbora, Maxima",,,other,dry_other,fallback
424067,"Talumaius NOPRI Küpsisekook, 150g",,,"Barbora, Maxima",,,bakery,bakery_cakes_pastries,high
424068,M.alk.jook A.LeCoq G:N 5.5%0.5l pet,,,"Barbora, Maxima",,,other,dry_other,fallback
424069,"Hot Dog viinerid PORMET, 650g",,,"Barbora, Maxima",,,drinks,drinks_spirits,high
424070,"Hummus karamellistatud küüslauguga,200g",,,"Barbora, Maxima",,,sweets_snacks,sweets_candies,high
424071,M.alk.jook A.LeCoq G:N Mohhiito 5.5%1.5L,,,"Barbora, Maxima",,,other,dry_other,fallback
424072,"Keefir FARMI 2,5% 1kg, kile",,,,,,dairy_eggs_fats,dairy_yogurt_kefir,high
424073,"Tarretis JÄNKS kiivimaitseline, 150g",,,"Barbora, Maxima",,,produce,produce_tropical,high
424074,Maits.Viin ZUBROWKA Bis.Grass 37.5% 0.5L,,,"Barbora, Maxima",,,drinks,drinks_spirits,high
424075,Jäätis MILKA multipakk pulk 6x37.5g,,,"Barbora, Maxima",,,dairy_eggs_fats,dairy_milk,high
424076,"Salatikrevett soolvees KALURI, 280g",,,"Barbora, Maxima",,,world_spices,spices_basic_salt_pepper,high
424077,Hummus avokaadoga NOA 175g,,,,,,other,dry_other,fallback
424078,"Riivjuust Atleet VALIO küpsetistele,200g",,,,,,dairy_eggs_fats,dairy_cheese_slices,high
424079,"Seahakkliha M&M, 500g",,,,,,meat_fish,meat_minced,high
424080,"TarreJänks Tutti - Frutti tarretis, 150g",,,,,,other,dry_other,fallback
424081,"M.alk.jook G:N Red Orange 5.5% 1.5,PET",,,"Barbora, Maxima",,,other,dry_other,fallback
424082,"M.al.jook A.LE COQ Cub.Lib.4.7%330ml,pdl",,,"Barbora, Maxima",,,other,dry_other,fallback
424083,"Šašlõkk broilerikintsulihast,kg",,,"Barbora, Maxima",,,meat_fish,meat_poultry,high
424085,"Keedupeet vaakumis Jovaige, 500g",,,"Barbora, Maxima",,,produce,produce_root_veg,high
424086,"Seahakkliha WELL DONE,400g",,,"Barbora, Maxima",,,meat_fish,meat_minced,high
424087,Hummus natural NOA 175g,,,,,,other,dry_other,fallback
424088,"Hummus naturaalne,200g",,,"Barbora, Maxima",,,other,dry_other,fallback
424089,"Riivjuust Eesti VALIO, 500g",,,"Barbora, Maxima",,,dairy_eggs_fats,dairy_cheese_slices,high
424090,"Seakõrvasnäkid NÕO,130g",,,,,,other,dry_other,fallback
424091,"Riivjuust E-PIIM Light, 250g",,,,,,dairy_eggs_fats,dairy_cheese_slices,high
424092,Mango maits.multimahlajook TYMBARK 1L,,,"Barbora, Maxima",,,drinks,drinks_juices,high
424093,"Sealihakonserv MINU De Lux, 525g",,,"Barbora, Maxima",,,dry_preserves,dry_canned_meat_fish,high
424094,"Itaal.salaami Ehe RANNAROOTSI, 100g viil",,,"Barbora, Maxima",,,other,dry_other,fallback
424095,"Riivjuust MO SAAREMAA, 200g",,,,,,dairy_eggs_fats,dairy_cheese_slices,high
424097,Must tee DILMAH maasika 20x1.5g,,,"Barbora, Maxima",,,drinks,drinks_tea_coffee,high
424098,Sealihaguljašš M&M 400g,,,"Barbora, Maxima",,,meat_fish,meat_pork,high
424099,"Sifoonvahukoor PRESIDENT, 250g",,,"Barbora, Maxima",,,dairy_eggs_fats,dairy_cream_sourcream,high
424100,"Riivjuust WELL DONE pitsale, 200g",,,"Barbora, Maxima",,,dairy_eggs_fats,dairy_cheese_slices,high
424101,Rjazenka FARMI 400g,,,"Barbora, Maxima",,,other,dry_other,fallback
424102,"Sinihallitusjuust Danablu, kg",,,"Barbora, Maxima",,,dairy_eggs_fats,dairy_cheese_slices,high
424103,"Hummus kõrvitsaseemnetega,200g",,,"Barbora, Maxima",,,sweets_snacks,sweets_nuts_driedfruit,high
424104,"Sinihallitusjuust BERGADER Gourmet,100g",,,"Barbora, Maxima",,,dairy_eggs_fats,dairy_cheese_slices,high
424105,Seenesupp KRONIS 530g,,,"Barbora, Maxima",,,produce,produce_mushrooms,high
424106,"Seljafilee OSKAR,105g viil",,,"Barbora, Maxima",,,other,dry_other,fallback
424108,"Toorjuust CHAVROUX kiitsepiimast, 150g",,,"Barbora, Maxima",,,dairy_eggs_fats,dairy_cheese_slices,high
424109,"Seavälisfilee maitsestatud RAKVERE,kg",,,"Barbora, Maxima",,,other,dry_other,fallback
424110,KGT pun.vein 12E MEZZO Neg.del Sal.750ml,,,"Barbora, Maxima",,,drinks,drinks_wine,high
424111,"Singi-šampin.lõige RANNAROOTSI,150g viil",,,"Barbora, Maxima",,,other,dry_other,fallback
424112,Jäätis NUTELLA 230g,,,"Barbora, Maxima",,,frozen_food,frozen_desserts_icecream,high
424113,Seljanka 350g,,,"Barbora, Maxima",,,other,dry_other,fallback
424114,"Must tee karamellimaits.DILMAH,20x1,5g",,,"Barbora, Maxima",,,drinks,drinks_tea_coffee,high
424115,"Keefir FARMI täispiimast 3,8-4,2%, 1kg",,,,,,dairy_eggs_fats,dairy_yogurt_kefir,high
424117,Toorjuusturull mandli.anan.WELL DONE100g,,,"Barbora, Maxima",,,dairy_eggs_fats,dairy_cheese_slices,high
424118,"Toorjuust OTTO tomati- basiilikuga, 150g",,,,,,dairy_eggs_fats,dairy_cheese_slices,high
424119,"Sinkvorst XL M&M, 300g viil",,,"Barbora, Maxima",,,meat_fish,meat_sausages,high
424120,"Sinihallitusjuust FOURME D'AMBERT,kg",,,"Barbora, Maxima",,,dairy_eggs_fats,dairy_cheese_slices,high
424121,"Sinihallitusjuust Mould Danablu, kg",,,"Barbora, Maxima",,,dairy_eggs_fats,dairy_cheese_slices,high
424122,"Sinihall.juust BERGADER Würzige, 175g",,,"Barbora, Maxima",,,dairy_eggs_fats,dairy_cheese_slices,high
424123,"Toorjuust FARMI küüslauguga,150g",,,,,,dairy_eggs_fats,dairy_cheese_slices,high
424124,"Toorjuust FARMI murulauguga 29.4%,150g",,,,,,dairy_eggs_fats,dairy_cheese_slices,high
424125,KGT vein DOPPIO PASSO Prim.Puglia 750ml,,,,,,drinks,drinks_wine,high
424126,KGT vein GRAND SUD Chardonnay 1L,,,"Barbora, Maxima",,,drinks,drinks_wine,high
424127,"Jah.sea välisfilee lõigud WELL DONE,360g",,,"Barbora, Maxima",,,other,dry_other,fallback
424128,"Sinihall.juust CHANSON DU FROMAGE, 100g",,,"Barbora, Maxima",,,dairy_eggs_fats,dairy_cheese_slices,high
424130,Must tee Passion Fruit HYLEYS 25x2g,,,"Barbora, Maxima",,,drinks,drinks_tea_coffee,high
424131,"Skumbria KAIJA õlis, 240g",,,,,,sauces_oils,oils_other,high
424132,"Sini-valgehall.juust Bavaria Blu, 150g",,,"Barbora, Maxima",,,dairy_eggs_fats,dairy_cheese_slices,high
424133,Must tee Yellow Label LIPTON 100x2g,,,"Barbora, Maxima",,,drinks,drinks_tea_coffee,high
424134,"Skumbria õlis KAPTEN GRANT,240g",,,"Barbora, Maxima",,,sauces_oils,oils_other,high
424135,"Skumbria õlis MARINE ABC, EO 240g",,,"Barbora, Maxima",,,sauces_oils,oils_other,high
424136,"Must tee sidr.-laimimaits.DILMAH,20x1,5g",,,"Barbora, Maxima",,,drinks,drinks_tea_coffee,high
424137,"Skumbria omas mahlas MARINE ABC, EO 240g",,,"Barbora, Maxima",,,drinks,drinks_juices,high
424138,"Skumbria KAIJA omas mahlas, 240g",,,"Barbora, Maxima",,,drinks,drinks_juices,high
424139,"Jäätis PREMIA vanilli-šokol.vahvlit.,70g",,,"Barbora, Maxima",,,frozen_food,frozen_desserts_icecream,high
424140,"Skumbria KAIJA tomatikastmes, 240g",,,,,,produce,produce_root_veg,high
424141,"Jah.surimipulgad Surimi Kama VICI, 180g",,,"Barbora, Maxima",,,other,dry_other,fallback
424142,KGT vein CHARLIZE Toscana Rosso 750ml,,,"Barbora, Maxima",,,drinks,drinks_wine,high
424144,"Kohuke MAGIJA vanilje, 45g",,,"Barbora, Maxima",,,other,dry_other,fallback
424146,"Soolaheeringas,kg-lett",,,,,,world_spices,spices_basic_salt_pepper,high
424147,KGT vein ZENSA Primitivo 750ml,,,"Barbora, Maxima",,,drinks,drinks_wine,high
424148,"Jah. surimist liha Lumekrabi , 120g",,,,,,meat_fish,meat_other,heuristic
424149,"Joogijogurt OGA kirsi, 1kg",,,"Barbora, Maxima",,,dairy_eggs_fats,dairy_yogurt_kefir,high
424150,"Soolalõhe viilutatud M.V.WOOL,100g",,,,,,world_spices,spices_basic_salt_pepper,high
424151,"Jah.surimist krabim.pulgad VICI, 250g",,,"Barbora, Maxima",,,other,dry_other,fallback
424153,Roh. tee ingveri-apel. TEEKANNE 20x1.75g,,,"Barbora, Maxima",,,drinks,drinks_tea_coffee,high
424154,"Soolapekk küüslauguga ADAŽI, kg-lett",,,"Barbora, Maxima",,,world_spices,spices_basic_salt_pepper,high
424155,"Kohuke MAGIJA šokolaadi-šok.tükkid., 45g",,,"Barbora, Maxima",,,sweets_snacks,sweets_chocolate_bars,high
424156,Roh. tee mustikatega HYLEYS 25x1.5g,,,"Barbora, Maxima",,,drinks,drinks_tea_coffee,high
424157,Rohutee Stomach Smoot. B&S TEEKANNE20x2g,,,"Barbora, Maxima",,,drinks,drinks_tea_coffee,high
424158,Kodujuust TERE klassikaline 4% 300g,,,,,,dairy_eggs_fats,dairy_cottage_quark,high
424159,Skyr virsiku FARMI 300g,,,,,,other,dry_other,fallback
424160,"Soolalõhefilee viilud WELL DONE, 100g",,,"Barbora, Maxima",,,world_spices,spices_basic_salt_pepper,high
424161,Sojadessert ALPRO maasika-vaarika 150g,,,"Barbora, Maxima",,,dairy_eggs_fats,dairy_desserts,high
424162,Sojadessert ALPRO passioni 150g,,,"Barbora, Maxima",,,dairy_eggs_fats,dairy_desserts,high
424163,"Valgehall.juust Camembert de France,125g",,,,,,dairy_eggs_fats,dairy_cheese_slices,high
424165,"Jahutatud part RANNAMÕISA,kg",,,"Barbora, Maxima",,,dry_preserves,dry_flour_sugar_baking,high
424166,Sool.heeringafilee õlis sibul OCEAN 200g,,,"Barbora, Maxima",,,world_spices,spices_basic_salt_pepper,high
424167,"Koorejäätis Kalevipoeg šok.,mandel,270g",,,"Barbora, Maxima",,,dairy_eggs_fats,dairy_cream_sourcream,high
424168,Sool.heeringafilee õlis ürtid OCEAN 200g,,,"Barbora, Maxima",,,world_spices,spices_basic_salt_pepper,high
424169,"Või ALMA 82% laktoosivaba, 200g",,,,,,dairy_eggs_fats,dairy_butter_margarine,high
424170,"Jahutatud seakeel RAKVERE, 720g",,,"Barbora, Maxima",,,dry_preserves,dry_flour_sugar_baking,high
424171,"Sojadessert ALPRO šokolaadimaits,125g",,,"Barbora, Maxima",,,dairy_eggs_fats,dairy_desserts,high
424172,Tume kali A.LE COQ kuni 0.5% 1L,,,,,,other,dry_other,fallback
424173,"Või SAULUTE GoldenGhee selitat.99,9%500g",,,"Barbora, Maxima",,,dairy_eggs_fats,dairy_butter_margarine,high
424174,"Valgehall.juust PRESIDENT Brie nat.,kg",,,"Barbora, Maxima",,,dairy_eggs_fats,dairy_cheese_slices,high
424175,"Või ALMA 82%, 200g",,,,,,dairy_eggs_fats,dairy_butter_margarine,high
424176,"Kiievi kotlet TALLEGG, 300g",,,,,,other,dry_other,fallback
424177,"Või WELL DONE 82% laktoosivaba, 200g",,,"Barbora, Maxima",,,dairy_eggs_fats,dairy_butter_margarine,high
424178,Sprotid õlis AMBERFISH 250g,,,"Barbora, Maxima",,,sauces_oils,oils_other,high
424179,Sojadessert ALPRO punaste marjadega 200g,,,"Barbora, Maxima",,,dairy_eggs_fats,dairy_desserts,high
424180,"Šprotid õlis KAIJA, 160g",,,"Barbora, Maxima",,,sauces_oils,oils_other,high
424181,"Sojajook ALPRO kaltsiumiga, 1L",,,,,,dairy_eggs_fats,dairy_plant_drinks,high
424182,"Jahut.krabimaits.surimi pulg.OCEAN,300g",,,"Barbora, Maxima",,,dry_preserves,dry_flour_sugar_baking,high
424183,Muu piir.jook IMPERIAL XII VS 30%500ml,,,,,,other,dry_other,fallback
424184,"Sojajook ALPRO šokolaadi, 250ml",,,,,,dairy_eggs_fats,dairy_plant_drinks,high
424185,"Juustupannkoogid MAMMA, 200g",,,,,,dairy_eggs_fats,dairy_cheese_slices,high
424186,"Juustuvorst M&M,300g",,,"Barbora, Maxima",,,dairy_eggs_fats,dairy_cheese_slices,high
424187,"Jahut.broileri lihasmagu WELL DONE,400g",,,"Barbora, Maxima",,,dry_preserves,dry_flour_sugar_baking,high
424188,Juustune kana-köögiviljasupp MAMMA 1kg,,,,,,dairy_eggs_fats,dairy_cheese_slices,high
424189,"Suit.seakaelakarbonaad RAKVERE,130g viil",,,,,,other,dry_other,fallback
424190,"Juustune kana-köögiviljasupp MAMMA, 300g",,,,,,dairy_eggs_fats,dairy_cheese_slices,high
424191,Klassikaline pesto FILIPPO BERIO 190g,,,,,,sauces_oils,sauces_pasta_cooking,high
424192,"Klassik.sealihasnäkk Pork Jerky M&M, 50g",,,"Barbora, Maxima",,,meat_fish,meat_pork,high
424193,Juustusalat küüslauguga 200g,,,"Barbora, Maxima",,,dairy_eggs_fats,dairy_cheese_slices,high
424194,"Muu.alk.jook Saku on ICE Tsitr. 4% 0,33l",,,,,,other,dry_other,fallback
424195,"Kodujuust ALMA 5%,380g",,,"Barbora, Maxima",,,dairy_eggs_fats,dairy_cottage_quark,high
424196,Muu alkohoollne jook APEROL 11% 1l,,,,,,dry_preserves,dry_cereals_muesli,high
424197,"Jahutatud seamaks RAKVERE, 600g",,,"Barbora, Maxima",,,dry_preserves,dry_flour_sugar_baking,high
424198,"Juustuvorst RAKVERE, 600g",,,,,,dairy_eggs_fats,dairy_cheese_slices,high
424200,"Kaaviarimääre krevettidega NORVEN, 160g",,,"Barbora, Maxima",,,other,dry_other,fallback
424201,"Keefir FARM MILK 2%, 1kg",,,"Barbora, Maxima",,,dairy_eggs_fats,dairy_yogurt_kefir,high
424202,Vesi AURA PLUS sidr.maits. 500ml,,,"Barbora, Maxima",,,drinks,drinks_water,high
424203,"Maksapasteet Delikatess NÕO, 200g",,,,,,drinks,drinks_tea_coffee,high
424204,Maksakaste tatraga 300g,,,"Barbora, Maxima",,,sauces_oils,sauces_other,heuristic
424205,Vesi AURA PLUS pohlamaits. 500ml,,,"Barbora, Maxima",,,drinks,drinks_water,high
424206,"Keefir GEFILUS 2,5% 1kg, PP",,,,,,dairy_eggs_fats,dairy_yogurt_kefir,high
424207,"Kodujuust FARMI väherasv.,lakt.vaba,330g",,,"Barbora, Maxima",,,dairy_eggs_fats,dairy_cottage_quark,high
424208,"Suitsusardell Lemmik M&M,375g",,,,,,meat_fish,meat_sausages,high
424209,"Kodujuust TERE karulaugupestoga, 300g",,,,,,dairy_eggs_fats,dairy_cottage_quark,high
424210,Viin FINLANDIA Blackcurrant 37.5% 500ml,,,"Barbora, Maxima",,,drinks,drinks_spirits,high
424211,Viin FINLANDIA Cranberry 37.5% 500ml,,,"Barbora, Maxima",,,drinks,drinks_spirits,high
424212,"Kodujuust TERE mädarõikaga, 300g",,,"Barbora, Maxima",,,dairy_eggs_fats,dairy_cottage_quark,high
424213,Trühvlipesto WELL DONE 190g,,,"Barbora, Maxima",,,sauces_oils,sauces_pasta_cooking,high
424214,"Sojajook ALPRO vanilje, 1L",,,"Barbora, Maxima",,,dairy_eggs_fats,dairy_plant_drinks,high
424215,Tšilli pesto FILIPPO BERIO 190g,,,"Barbora, Maxima",,,sauces_oils,sauces_pasta_cooking,high
424216,"T/s kanasnäkk KARNI, 85g",,,"Barbora, Maxima",,,meat_fish,meat_poultry,high
424217,"Salaami küüslauguga WELL DONE, 50g viil",,,"Barbora, Maxima",,,other,dry_other,fallback
424218,"Keefir GEFILUS jääkohv, 300g",,,,,,dairy_eggs_fats,dairy_yogurt_kefir,high
424219,"Salaami juustuga WELL DONE, 50g viil",,,"Barbora, Maxima",,,dairy_eggs_fats,dairy_cheese_slices,high
424220,Viin NEMIROFF Delikat 40% 500ml,,,"Barbora, Maxima",,,drinks,drinks_spirits,high
424221,Viin PEREPJOLKA Carpathian 40% 500ml,,,"Barbora, Maxima",,,drinks,drinks_spirits,high
424222,Viin PEREPJOLKA Classic 40% 500ml,,,"Barbora, Maxima",,,drinks,drinks_spirits,high
424223,"Keefir GEFILUS kama, 300g",,,,,,dairy_eggs_fats,dairy_yogurt_kefir,high
424224,"Kabanoss Cheddari täidis. TARCZYNSKI,95g",,,"Barbora, Maxima",,,dairy_eggs_fats,dairy_cheese_slices,high
424225,"Keefir GEFILUS maasika-banaani, 1kg",,,,,,dairy_eggs_fats,dairy_yogurt_kefir,high
424226,"Kodukandi EESTI PAGAR koorikleib, 300g",,,,,,dairy_eggs_fats,dairy_cream_sourcream,high
424227,"Keefir GEFILUS metsmaasika, 300g",,,,,,dairy_eggs_fats,dairy_yogurt_kefir,high
424228,"Salaami pipraga WELL DONE, 50g viil",,,"Barbora, Maxima",,,other,dry_other,fallback
424229,"Br.poolkoiva tükid WELL DONE,500g",,,"Barbora, Maxima",,,other,dry_other,fallback
424230,"Suitsujuust TERE, 200g",,,,,,dairy_eggs_fats,dairy_cheese_slices,high
424231,"Sulatatud juust VALIO küüsl.-sibul,185g",,,"Barbora, Maxima",,,dairy_eggs_fats,dairy_cheese_slices,high
424232,"Suitsujuust GRANAROLO Scamorza, 250g",,,"Barbora, Maxima",,,dairy_eggs_fats,dairy_cheese_slices,high
424233,Viin PEREPJOLKA Classic 40% 700ml,,,"Barbora, Maxima",,,drinks,drinks_spirits,high
424234,Viin POOLIK 37.5% 500ml,,,"Barbora, Maxima",,,drinks,drinks_spirits,high
424235,"Sulatatud juust HIIRTE JUUST, 400g",,,"Barbora, Maxima",,,dairy_eggs_fats,dairy_cheese_slices,high
424236,Viin POOLIK 40% 200ml,,,"Barbora, Maxima",,,drinks,drinks_spirits,high
424237,"Jahutatud broiler A-klass WELL DONE,kg",,,"Barbora, Maxima",,,dry_preserves,dry_flour_sugar_baking,high
424238,Banaani-kohupiimapannkoogid MAMMA 200g,,,,,,dairy_eggs_fats,dairy_cottage_quark,high
424239,"Kabanoss Eksklus. juust.TARCZYNSKI, 105g",,,"Barbora, Maxima",,,dairy_eggs_fats,dairy_cheese_slices,high
424240,"Keefir HELLUS 2,5% D-vitamiiniga, 400g",,,"Barbora, Maxima",,,dairy_eggs_fats,dairy_yogurt_kefir,high
424241,"Keefir HELLUS 2,5% 1kg PP",,,"Barbora, Maxima",,,dairy_eggs_fats,dairy_yogurt_kefir,high
424242,"Kabanoss Eksklus.kanalih.TARCZYNSKI,105g",,,"Barbora, Maxima",,,meat_fish,meat_poultry,high
424243,"Keefir GEFILUS õuna-banaani-laimi,1kg",,,,,,dairy_eggs_fats,dairy_yogurt_kefir,high
424244,"Keefir HELLUS lakt.vaba, 1kg",,,"Barbora, Maxima",,,dairy_eggs_fats,dairy_yogurt_kefir,high
424245,"Keefirijook HELLUS mango-apr.-avok.,170g",,,"Barbora, Maxima",,,dairy_eggs_fats,dairy_yogurt_kefir,high
424246,Viin ZUBROWKA Biala 40% 1l,,,"Barbora, Maxima",,,drinks,drinks_spirits,high
424247,Kodupelmeenid MAKS&MOORITS 700g,,,,,,other,dry_other,fallback
424249,Ameerika pannkoogid BIMAR 250g,,,"Barbora, Maxima",,,other,dry_other,fallback
424250,Viin ZUBROWKA Biala 40% 700ml,,,"Barbora, Maxima",,,drinks,drinks_spirits,high
424251,"77,7% Sardell MAKS&MOORITS 375g",,,,,,meat_fish,meat_sausages,high
424252,Vitamiinijook VITAMIN WELL Reload 500ml,,,"Barbora, Maxima",,,other,dry_other,fallback
424253,Virsiku viinamarjajook MIO&RIO 200ml,,,"Barbora, Maxima",,,drinks,drinks_spirits,high
424254,"Sulatatud juust VALIO suitsukanaga,185g",,,"Barbora, Maxima",,,dairy_eggs_fats,dairy_cheese_slices,high
424255,Vitam.jook Vitamineral Power 750ml,,,"Barbora, Maxima",,,other,dry_other,fallback
424256,Maksapasteet RANNAROOTSI 240g,,,,,,drinks,drinks_tea_coffee,high
424257,"Maksapasteet OSKAR, 200g",,,"Barbora, Maxima",,,drinks,drinks_tea_coffee,high
424258,KPN Vein V.ALBALI Gr.Reserva S.P. 750ml,,,"Barbora, Maxima",,,drinks,drinks_wine,high
424259,"Kodusai RÖST FAZER, 500g",,,,,,bakery,bakery_buns_croissants,high
424260,KPN vein STEMMARI Pinot Grigio 750ml,,,"Barbora, Maxima",,,drinks,drinks_wine,high
424261,KPN vein TORRE ORIA Gran Seleccion 750ml,,,"Barbora, Maxima",,,drinks,drinks_wine,high
424262,"Kodujuust ALMA murakamoosiga, 200g",,,,,,dairy_eggs_fats,dairy_cottage_quark,high
424263,"Kodujuust FARMI rõõsa koorega, 330g",,,,,,dairy_eggs_fats,dairy_cottage_quark,high
424264,Mandariinitarretis 160g,,,"Barbora, Maxima",,,produce,produce_tropical,high
424265,"Kodujuust ALMA soolakurgi-tilliga,200g",,,,,,dairy_eggs_fats,dairy_cottage_quark,high
424266,Basiil.ricotta pesto FILIPPO BERIO 190g,,,"Barbora, Maxima",,,sauces_oils,sauces_pasta_cooking,high
424267,Kodujuust Alma šok.tükk.lakt.vab.200g,,,"Barbora, Maxima",,,dairy_eggs_fats,dairy_cottage_quark,high
424268,KPN vein SENDERO ROYAL Tempranillo 750ml,,,"Barbora, Maxima",,,drinks,drinks_wine,high
424269,"Sulatatud suitsujuust RVA, 80g",,,"Barbora, Maxima",,,dairy_eggs_fats,dairy_cheese_slices,high
424271,"Sulat.juust FARM MILK cheddar viil.,150g",,,"Barbora, Maxima",,,dairy_eggs_fats,dairy_cheese_slices,high
424272,"Koh.kreem TERE Emma jõhv.kis. l.v., 150g",,,"Barbora, Maxima",,,other,dry_other,fallback
424273,Basturmaa veise ARMEENIA GRILL 50g,,,"Barbora, Maxima",,,meat_fish,meat_beef_lamb_game,high
424275,Maits.viin Jõhvika viin 37.5% 100ml tops,,,"Barbora, Maxima",,,drinks,drinks_spirits,high
424276,Looduslik karbon.miner.vesi BORJOMI1.25L,,,"Barbora, Maxima",,,drinks,drinks_water,high
424277,Mahlajook DR.ACTIVE Apel.Anan.Porg.500ml,,,"Barbora, Maxima",,,drinks,drinks_juices,high
424278,Looduslik min.vesi NEPTUNAS karb. 6x1.5L,,,"Barbora, Maxima",,,drinks,drinks_water,high
424279,"Kabanoss Eksklus. sealih.TARCZYNSKI,105g",,,"Barbora, Maxima",,,other,dry_other,fallback
424280,Looduslik karbon.miner.vesi BORJOMI500ml,,,"Barbora, Maxima",,,drinks,drinks_water,high
424281,"Muu.alk.j.SFF LD Cranberry 5.5% 1,5l pet",,,,,,other,dry_other,fallback
424282,Loodus.min.vesi NEPTUNAS karb-ta 6x1.5L,,,"Barbora, Maxima",,,drinks,drinks_water,high
424283,Mahe Puhastav tee YOGI 17x1.8g,,,"Barbora, Maxima",,,drinks,drinks_tea_coffee,high
424284,Maasikajook LIMPA 250ml,,,,,,produce,produce_berries,high
424285,Mahlaj. DR. Active Õuna-arbuusi 0.5l,,,,,,drinks,drinks_juices,high
424286,Mahlajook DR.ACTIVE Apels.Anan.Porg.1.5L,,,"Barbora, Maxima",,,drinks,drinks_juices,high
424287,"Mahlajook arbuusi-meloni FruttoCIDO,1.5l",,,"Barbora, Maxima",,,drinks,drinks_juices,high
424288,Mahlajook DR.ACTIVE Õuna-arbuusi 1.5l,,,,,,drinks,drinks_juices,high
424289,Sul.juust MEREVAIK krevettidega 200g,,,"Barbora, Maxima",,,dairy_eggs_fats,dairy_cheese_slices,high
424290,"Sul.juust MEREVAIK lakt.vaba, 200g",,,"Barbora, Maxima",,,dairy_eggs_fats,dairy_cheese_slices,high
424291,Sul.juust MEREVAIK murulauguga 200g,,,"Barbora, Maxima",,,dairy_eggs_fats,dairy_cheese_slices,high
424292,Mahe Rahustav tee YOGI 30.6g,,,"Barbora, Maxima",,,drinks,drinks_tea_coffee,high
424293,Mango-apel.smuuti datlitega SALVEST 170g,,,"Barbora, Maxima",,,produce,produce_tropical,high
424294,Marjatee Münd.m.sõst.PÕH.TEETALU 10x2.5g,,,"Barbora, Maxima",,,drinks,drinks_tea_coffee,high
424295,"Kohuke TERE kondensp.karam.glasuur.,40g",,,"Barbora, Maxima",,,other,dry_other,fallback
424296,"Kalkunifilee RANNAMÕISA, kg",,,"Barbora, Maxima",,,meat_fish,meat_poultry,high
424297,"Kabanoss Jalapeno täidis. TARCZYNSKI,95g",,,"Barbora, Maxima",,,other,dry_other,fallback
424298,Melissitee TEEKANNE 20x2g,,,"Barbora, Maxima",,,drinks,drinks_tea_coffee,high
424299,"Kabanoss Eksklus. tšill.TARCZYNSKI, 105g",,,"Barbora, Maxima",,,other,dry_other,fallback
424300,Sul.juust MEREVAIK nat. 200g,,,"Barbora, Maxima",,,dairy_eggs_fats,dairy_cheese_slices,high
424301,Multijook LIMPA 250ml,,,"Barbora, Maxima",,,other,dry_other,fallback
424302,Marjatee Münd.vaarik.PÕH.TEETALU 10x2.5g,,,"Barbora, Maxima",,,drinks,drinks_tea_coffee,high
424303,Mineraalvesi VICHY Looduslik g-tud 1.5L,,,,,,drinks,drinks_water,high
424304,Mango-granadilli nektar PFANNER 1l,,,"Barbora, Maxima",,,drinks,drinks_juices,high
424305,Marjatee LOYD kirsimaitseline 20x2g,,,"Barbora, Maxima",,,drinks,drinks_tea_coffee,high
424306,"Mineraalvesi VÄRSKA Piparm.Laim.1L,PET",,,"Barbora, Maxima",,,drinks,drinks_water,high
424307,Mineraalvesi VICHY Looduslik g-tud 500ml,,,"Barbora, Maxima",,,drinks,drinks_water,high
424308,"Täispiim FARMI 3,6-4,2%, 1L",,,,,,dairy_eggs_fats,dairy_milk,high
424309,"Täispiim FARMI 3,6-4,2%, 2L",,,,,,dairy_eggs_fats,dairy_milk,high
424310,"Täispiim NOPRI 3,8-4,4%, 1L",,,,,,dairy_eggs_fats,dairy_milk,high
424311,Metsamarjatee LOYD pür.50x2g,,,"Barbora, Maxima",,,drinks,drinks_tea_coffee,high
424312,"Mineraalvesi VÄRSKA 0,5 L",,,"Barbora, Maxima",,,drinks,drinks_water,high
424313,Min.vesi VÄRSKA Naturaal mulliga 0.5l,,,"Barbora, Maxima",,,drinks,drinks_water,high
424314,Suitsuvorst küüslauguga MATSIMOKA 240g,,,"Barbora, Maxima",,,meat_fish,meat_sausages,high
424315,Must tee Earl Grey CHELTON 25x2g,,,,,,drinks,drinks_tea_coffee,high
424316,"Sulatatud kalmaarituubid 80-120g, kg",,,"Barbora, Maxima",,,other,dry_other,fallback
424317,"Tofu maitsestamata BON VEGAN,250g",,,,,,other,dry_other,fallback
424318,"Must tee English Strong CHELTON 25x1,5g",,,,,,drinks,drinks_tea_coffee,high
424319,Must tee Gold LIPTON 25x1.5g,,,,,,drinks,drinks_tea_coffee,high
424320,Must tee ingver HYLEYS 100g,,,,,,drinks,drinks_tea_coffee,high
424321,Must tee Pu-erh BASILUR 100g,,,,,,drinks,drinks_tea_coffee,high
424322,Must tseil.tee DILMAH Premium 50x2g,,,"Barbora, Maxima",,,drinks,drinks_tea_coffee,high
424323,Must tee Scot. Breakf. CHELTON 25x1.5g,,,,,,drinks,drinks_tea_coffee,high
424324,Muu piir.jook TRES SOMBREROS 38% 700ml,,,"Barbora, Maxima",,,other,dry_other,fallback
424325,Muu al.jook Must tee&apels.6.5% 250ml,,,,,,drinks,drinks_tea_coffee,high
424326,Muu al.jook Rabarb.&hibisk 6.5% 250ml,,,,,,other,dry_other,fallback
424327,Muu al.jook Vaarik.&sencha 6.5%250ml,,,,,,produce,produce_berries,high
424328,"Kohupiim ALMA vanilli, 200g",,,,,,dairy_eggs_fats,dairy_cottage_quark,high
424329,Muu alk.jook HOGGYS Gin 5% 0.5L prk,,,,,,drinks,drinks_spirits,high
424330,Muu p.jookRIGA BLACK BALSAM Cur.0.5l 30%,,,"Barbora, Maxima",,,other,dry_other,fallback
424331,Must Tseil.tee DILMAH Premium 25x2g,,,"Barbora, Maxima",,,drinks,drinks_tea_coffee,high
424332,Must.-jogurtismuuti kinoa SALVEST 170g,,,"Barbora, Maxima",,,dairy_eggs_fats,dairy_yogurt_kefir,high
424333,"Kohupiimapasta TERE kakao, 300g",,,,,,dairy_eggs_fats,dairy_cottage_quark,high
424334,"Kanasink Fitlap NÕO, 105g viil",,,,,,meat_fish,meat_poultry,high
424335,"Toorjuust FARMI originaal 29.8%,150g",,,,,,drinks,drinks_spirits,high
424336,"Muu alk.j.SINEBRYCHOFF Grape 5,5% 0,5L",,,,,,other,dry_other,fallback
424337,Muu piir.jook GARLING Cherry 30% 500ml,,,,,,other,dry_other,fallback
424338,Muu piir.jook IMPERIAL XII VS 30% 200ml,,,,,,other,dry_other,fallback
424339,"Kohupiim FARMI Lahja 0,5%, 200g",,,,,,dairy_eggs_fats,dairy_cottage_quark,high
424340,Muu piir.jook PIPRA NAPS Meega 35% 200ml,,,,,,other,dry_other,fallback
424341,Muu piir.jook ARAMIS VSOP 30% 0.2L,,,"Barbora, Maxima",,,other,dry_other,fallback
424342,"Täissuitsuvorst Emmentali NÕO, 105g viil",,,"Barbora, Maxima",,,dairy_eggs_fats,dairy_cheese_slices,high
424343,Muu piir.j. PIPRA NAPS Ingveriga35%350ml,,,,,,other,dry_other,fallback
424344,Muu piir.j.ROOSTER ROJO Anejo 38%700ml,,,,,,other,dry_other,fallback
424345,Muu piir.j.ROOSTER ROJO Blanco 38% 700ml,,,,,,other,dry_other,fallback
424346,"Kohupiim FARM MILK 8%, 250g",,,"Barbora, Maxima",,,dairy_eggs_fats,dairy_cottage_quark,high
424347,Naturaal. mineraalvesi AKVILE Kids 500ml,,,,,,drinks,drinks_water,high
424348,Karamellikreem kirsimoosiga 130g,,,"Barbora, Maxima",,,dry_preserves,dry_other,high
424349,"Täissuitsuvorst Kalevipoja NÕO, 250g",,,"Barbora, Maxima",,,meat_fish,meat_sausages,high
424350,Nisuõlu AMBER CITY 4.5% 500ml prk,,,,,,drinks,drinks_beer_cider,high
424351,Toorjuusturull lõhega WELL DONE 100g,,,"Barbora, Maxima",,,dairy_eggs_fats,dairy_cheese_slices,high
424352,Nisuõlu PAULANER Weisbier 5.5% 500ml,,,"Barbora, Maxima",,,drinks,drinks_beer_cider,high
424353,Muu piir.jook PIPRA KIBE NAPS 35% 200ml,,,"Barbora, Maxima",,,other,dry_other,fallback
424354,"Toorjuust WELL DONE ürtidega, 200g",,,"Barbora, Maxima",,,dairy_eggs_fats,dairy_cheese_slices,high
424355,Nisuõlu AMBER CITY 5% 500ml,,,"Barbora, Maxima",,,drinks,drinks_beer_cider,high
424356,Nisuõlu APOSTEL Dunkel 5.3% 500ml,,,,,,drinks,drinks_beer_cider,high
424357,Nisuõlu APOSTEL Weissbier 5.3% 500ml,,,,,,drinks,drinks_beer_cider,high
424358,Õuna-sidruni-piparmün.mahlKADARBIKU250ml,,,"Barbora, Maxima",,,drinks,drinks_juices,high
424359,Nisuõlu KronenbourgBlanc Fruits4.5% 0.5L,,,,,,drinks,drinks_beer_cider,high
424360,Õlu BOCK Double 6% 2L,,,,,,drinks,drinks_beer_cider,high
424361,Õuna-Kirsijook LIMPA 250ml,,,,,,produce,produce_apples_pears,high
424362,Perry SOMERSBY Pirni siider4.5% 0.5L prk,,,,,,drinks,drinks_beer_cider,high
424363,Õunamahl MIO&RIO 1l,,,"Barbora, Maxima",,,drinks,drinks_juices,high
424364,Kohupiim laktoosi vaba WELL DONE 9% 180g,,,"Barbora, Maxima",,,dairy_eggs_fats,dairy_cottage_quark,high
424365,Õunanektar MIO&RIO 2l,,,"Barbora, Maxima",,,drinks,drinks_juices,high
424366,Pirni-kiivismuuti spirulin.SALVEST 170g,,,,,,produce,produce_apples_pears,high
424367,Punane tee LOYD manuka meega 20x1.7g,,,,,,drinks,drinks_tea_coffee,high
424368,Broilerilihasült KARNI 270g,,,"Barbora, Maxima",,,meat_fish,meat_poultry,high
424369,"Punan.õlu KARL FRIEDRICH Märzen5%,0.568L",,,,,,drinks,drinks_beer_cider,high
424370,Puuv.tee LOYD jõhv.-vaarika pür 20x2g,,,,,,drinks,drinks_tea_coffee,high
424371,Puuv.tee Tai-ingv.mango TEEKANNE20*2.25g,,,,,,drinks,drinks_tea_coffee,high
424372,Kartuli-lihasalat 200g,,,,,,produce,produce_herbs_salads_sprouts,high
424373,"Kohupiim TERE rosinatega, 200g",,,"Barbora, Maxima",,,dairy_eggs_fats,dairy_cottage_quark,high
424374,"Broilerikints WELL DONE ABta,500g",,,"Barbora, Maxima",,,meat_fish,meat_poultry,high
424375,"Kebab lambalihaga OSKAR, 400g",,,,,,meat_fish,meat_beef_lamb_game,high
424376,Puuv.tee LOYD jõhv.-ingver pür 20x2g,,,"Barbora, Maxima",,,drinks,drinks_tea_coffee,high
424377,Vähend. rasvasis. margariin VOIMIX 400g,,,"Barbora, Maxima",,,dairy_eggs_fats,dairy_butter_margarine,high
424378,Vahukoor ALMA 35% 200ml PP,,,,,,dairy_eggs_fats,dairy_cream_sourcream,high
424379,Puuv.tee vahemere virs. TEEKANNE 20*2.5g,,,,,,drinks,drinks_tea_coffee,high
424380,Puuv.vah.COSMO.Diva Pass.Fruit 5.5%750ml,,,,,,other,dry_other,fallback
424381,"Täissuitsuvorst Pepperoni OSKAR,80g viil",,,,,,meat_fish,meat_sausages,high
424382,Puuv. vein SHAHNAZARYAN Cherry 750ml,,,,,,drinks,drinks_wine,high
424383,"Roheline jäätee NESTEA Sidruni 1,5l",,,,,,drinks,drinks_tea_coffee,high
424384,Roheline tee Jasmine BASILUR 25x2g,,,,,,drinks,drinks_tea_coffee,high
424385,Roheline tee LIPTON vaarika-maas.25x1.4g,,,,,,drinks,drinks_tea_coffee,high
424386,Roheline tee Milk Oolong BASILUR 100g,,,,,,drinks,drinks_tea_coffee,high
424387,"Kohvikapslid Forza L'OR 10x5,2g",,,"Barbora, Maxima",,,drinks,drinks_coffee_beans_capsules,high
424388,Rohel tee Jasmine Green BASILUR 100g,,,,,,drinks,drinks_tea_coffee,high
424389,"Valgehall.juust Camembert CASTELLO,125g",,,,,,dairy_eggs_fats,dairy_cheese_slices,high
424390,Roh.tee must sõst.PÕHJALA TEETALU10x2.3g,,,,,,drinks,drinks_tea_coffee,high
424391,Rumm PLANTATION Barbados 5YO 40%700ml,,,,,,drinks,drinks_spirits,high
424392,Rumm The COLONIST Dark 40% 70cl,,,,,,drinks,drinks_spirits,high
424393,Rumm The COLONIST Spiced Black 40% 700ml,,,,,,drinks,drinks_spirits,high
424394,"Siider HOGGYS Dry Apple 4.5% 330ml,pdl",,,,,,drinks,drinks_beer_cider,high
424395,Vutimunad WELL DONE 18tk,,,"Barbora, Maxima",,,dairy_eggs_fats,dairy_eggs,high
424396,Õlu PAULANER Münchener Hell 4.9% 500ml,,,"Barbora, Maxima",,,drinks,drinks_beer_cider,high
424397,"Valgehall.juust PRESIDENT Brie pähkl.,kg",,,"Barbora, Maxima",,,dairy_eggs_fats,dairy_cheese_slices,high
424398,Puuv.vein SHAHNAZARYAN Pomegranate 750ml,,,"Barbora, Maxima",,,drinks,drinks_wine,high
424399,"Wrapikaste FELIX, 395g",,,,,,bakery,bakery_flatbreads_wraps,high
424400,Organic jahv.kohv LÖFBERGS medium 450g,,,"Barbora, Maxima",,,drinks,drinks_other,heuristic
424401,Smuuti AURA Aprikoos-Banaani-Porg. 330ml,,,,,,produce,produce_tropical,high
424402,Smuuti AURA Kiivi-Ananassi-Mango 330ml,,,,,,produce,produce_tropical,high
424403,Smuuti AURA Mango-Apelsini 330ml,,,,,,produce,produce_tropical,high
424404,Taimetee LOYD Hea Une Tee 20x1.2g,,,,,,drinks,drinks_tea_coffee,high
424405,Siider SOMERSBY Blackberry 4.5% 1L PET,,,,,,drinks,drinks_beer_cider,high
424406,Tomatimahl PÕLTSAMAA 2L,,,,,,drinks,drinks_juices,high
424407,"Tume õlu Alexander Dunkel4,2% 0,568l prk",,,,,,drinks,drinks_beer_cider,high
424408,Tume õlu AMBER CITY 5% Lager 500ml prk,,,,,,drinks,drinks_beer_cider,high
424409,"Toorsuitsupeekon NÕO,105g viil",,,"Barbora, Maxima",,,meat_fish,meat_pork,high
424410,Kohvioad Brazil LÖFBERGS 1kg,,,,,,drinks,drinks_coffee_beans_capsules,high
424411,Perry SOMERSBY Pirni siider 4.5% 330ml,,,,,,drinks,drinks_beer_cider,high
424412,"Tume õlu IMPERIAL Doub.stout7% 400ml,pdl",,,,,,drinks,drinks_beer_cider,high
424413,Tume õlu Leffe Brune 6.5% 500ml prk,,,,,,drinks,drinks_beer_cider,high
424414,"Tume õlu MUST NUNN 6%,500ml,pdl",,,,,,drinks,drinks_beer_cider,high
424416,Ürditee YOGI Women’s Balance 17x1.8g,,,,,,drinks,drinks_tea_coffee,high
424417,Vahujook LIMPA Mullike 750ml,,,,,,other,dry_other,fallback
424418,"Kohvikoor TERE 10%, 380ml",,,"Barbora, Maxima",,,dairy_eggs_fats,dairy_cream_sourcream,high
424419,"Tseburekid klassikalised praetud,250g",,,"Barbora, Maxima",,,other,dry_other,fallback
424420,"Tseburekid praetud lambalihaga,250g",,,"Barbora, Maxima",,,meat_fish,meat_beef_lamb_game,high
424422,Vahuvein FREIXENET Prosecco DOC 750ml,,,,,,drinks,drinks_wine,high
424423,Vahuvein ITALIA Brut 750ml,,,,,,drinks,drinks_wine,high
424424,"Hummus päik.kuiv.tomat-basiil.GC,200g",,,"Barbora, Maxima",,,produce,produce_root_veg,high
424425,Vahuvein MIONETTO Vivo Dolce magus 750ml,,,,,,drinks,drinks_wine,high
424426,Vahuvein MIONETTO Vivo Extra Dry 750ml,,,,,,drinks,drinks_wine,high
424427,Vahuvein POLINI Treviso Prosecco 750ml,,,,,,drinks,drinks_wine,high
424428,Kohvioad Krönung JACOBS 1 kg,,,"Barbora, Maxima",,,drinks,drinks_coffee_beans_capsules,high
424429,"Hautatud kanaliha KODUKÜLA, 250g",,,"Barbora, Maxima",,,meat_fish,meat_poultry,high
424430,Vahuvein VEUVE DU VERNAY Rose Brut 750ml,,,,,,drinks,drinks_wine,high
424431,Valge tee Chinese BASILUR 100g,,,,,,drinks,drinks_tea_coffee,high
424432,Valge vein KIA ORA Sauvignon Blanc 750ml,,,,,,drinks,drinks_wine,high
424433,Valge vein MATUA Sauvignon Blanc 750ml,,,,,,drinks,drinks_wine,high
424434,Pirni-õunamahlajook AURA Fresh 2L,,,,,,drinks,drinks_juices,high
424435,Vein ASIO OTUS Cab.Mer.Shiraz 750ml,,,,,,drinks,drinks_wine,high
424436,Vein ASIO OTUS Chard.Sauv.Blanc 750ml,,,,,,drinks,drinks_wine,high
424437,"T/s.peekon Ameerikapär.RAKVERE,150g viil",,,"Barbora, Maxima",,,meat_fish,meat_pork,high
424438,Piiritusjook CARIBBA Xtabla 35% 500ml,,,"Barbora, Maxima",,,other,dry_other,fallback
424439,"Fileerib.jogurti-tilli mar.TALLEGG, 500g",,,,,,dairy_eggs_fats,dairy_yogurt_kefir,high
424440,"Hautatud kanaliha MAAILU,240g",,,"Barbora, Maxima",,,meat_fish,meat_poultry,high
424441,Vahuvein JULES LAROSE Brut 750ml,,,"Barbora, Maxima",,,drinks,drinks_wine,high
424442,Vein BIG GAME Malbec 750ml,,,,,,drinks,drinks_wine,high
424443,Vein CHIANTI ROCCIALTA 750ml,,,,,,drinks,drinks_wine,high
424444,Vein GRAN CASTILLO Cab.-Shiraz 3L BIB,,,,,,drinks,drinks_wine,high
424445,Vein GRAN CASTILLO V.&Chardonnay 3L BIB,,,,,,drinks,drinks_wine,high
424446,Vein AUSSIE Rules Shiraz 750ml,,,"Barbora, Maxima",,,drinks,drinks_wine,high
424447,Vein FRANZ HOFFNER Weisswein 750ml,,,"Barbora, Maxima",,,drinks,drinks_wine,high
424448,Kirsimaitse. tarretis virsikutega 200g,,,"Barbora, Maxima",,,other,dry_other,fallback
424449,Vein PRIMAVERA Rose 750ml,,,,,,drinks,drinks_wine,high
424450,"Keele-želeevorst OSKAR, 120g viil",,,"Barbora, Maxima",,,meat_fish,meat_sausages,high
424451,Vein RIO LINDO Chardonnay 750ml,,,,,,drinks,drinks_wine,high
424452,Vein RIO LINDO Syrah 750ml,,,,,,drinks,drinks_wine,high
424453,Vein SILK & SPICE Red Blend 750ml,,,,,,drinks,drinks_wine,high
424454,Vein Skywalker Sauvignon Blanc M. 750ml,,,,,,drinks,drinks_wine,high
424455,Vein TALISMAN Grüner Veltliner 750ml,,,,,,drinks,drinks_wine,high
424456,Jahimeh.kuumsuitsuvorstid WELL DONE 260g,,,"Barbora, Maxima",,,meat_fish,meat_sausages,high
424457,"Jah. krabinuudel, surimi, VICI, 200g",,,"Barbora, Maxima",,,other,dry_other,fallback
424458,"Kaaviarimääre kalmaaridega NORVEN, 160g",,,"Barbora, Maxima",,,other,dry_other,fallback
424459,Vermut VIVIANO Bianco 1L,,,,,,other,dry_other,fallback
424460,"Kergsuitsu seasink RANNAROOTSI,kg",,,"Barbora, Maxima",,,meat_fish,meat_hams,high
424461,Juurviljad juustukastmes 300g,,,"Barbora, Maxima",,,dairy_eggs_fats,dairy_cheese_slices,high
424462,Klassikaline roheline pesto SACLA 190g,,,"Barbora, Maxima",,,sauces_oils,sauces_pasta_cooking,high
424463,"Kaaviarimääre suitsulõhega NORVEN, 160g",,,"Barbora, Maxima",,,meat_fish,fish_salted_smoked,high
424464,Vein GRAND SUD Chardonnay 250ml,,,"Barbora, Maxima",,,drinks,drinks_wine,high
424465,"Vesi AURA FRUIT Maas.-Basiilik 0,5l pet",,,,,,drinks,drinks_water,high
424466,"Vesi AURA FRUIT Maas.-Basiilik 1,5l pet",,,,,,drinks,drinks_water,high
424467,Kons.turistieine veiselihast MINU 250g,,,"Barbora, Maxima",,,meat_fish,meat_beef_lamb_game,high
424468,"Kanafil.nagitsad praetud WELL DONE, 300g",,,"Barbora, Maxima",,,meat_fish,meat_poultry,high
424469,Vesi AURA sportkorgiga karb-ta 0.75L,,,,,,drinks,drinks_water,high
424470,"Kohupiimapannkoogid MAMMA, 200g",,,,,,dairy_eggs_fats,dairy_cottage_quark,high
424471,"Keeduviinerid PORMET, 260g",,,"Barbora, Maxima",,,drinks,drinks_spirits,high
424472,"Broil.rinnafilee palad A klass WD,400g",,,"Barbora, Maxima",,,other,dry_other,fallback
424473,Klassik.pesto vegan FILIPPO BERIO 190g,,,,,,sauces_oils,sauces_pasta_cooking,high
424474,Viin FREITAG Premium 40% 500ml,,,,,,drinks,drinks_spirits,high
424475,Viin HLIBNY DAR Ginger-Honey 40% 500ml,,,,,,drinks,drinks_spirits,high
424476,Viin HLIBNY DAR Pr.Craft Corn 40% 500ml,,,,,,drinks,drinks_spirits,high
424477,Viin HÕBE 39.2% 700ml tuubis,,,,,,drinks,drinks_spirits,high
424478,"Kodune kotletisegu M&M, 500g",,,,,,other,dry_other,fallback
424479,Viin KOSKENKORVA 40% 500ml,,,,,,drinks,drinks_spirits,high
424480,Viin LAUA 40% 100ml Pet,,,,,,drinks,drinks_spirits,high
424481,Viin POOLIK 40% 100ml,,,,,,drinks,drinks_spirits,high
424482,Vesi Aura Fruit õuna kasemahlaga 0.5l,,,,,,drinks,drinks_water,high
424483,Roheline tee Jasmiin suurleh.HYLEYS 100g,,,"Barbora, Maxima",,,drinks,drinks_tea_coffee,high
424484,Puuv.tee Hispaania apel.TEEKANNE 20x2.5g,,,"Barbora, Maxima",,,drinks,drinks_tea_coffee,high
424486,Vesi Aura Fruit õuna kasemahlaga 1.5l,,,,,,drinks,drinks_water,high
424487,Viin BELVEDERE Pure 40% 700ml,,,"Barbora, Maxima",,,drinks,drinks_spirits,high
424488,"Konservid hautatud hirvelihast RGK,250g",,,"Barbora, Maxima",,,meat_fish,meat_other,heuristic
424489,Koore. kukeseene kaste FOODSTUDIO 230ml,,,"Barbora, Maxima",,,dairy_eggs_fats,dairy_cream_sourcream,high
424490,"Koodirulaad OSKAR,kg",,,"Barbora, Maxima",,,meat_fish,meat_hams,high
424491,Viin STUMBRAS Ebaküdoonia 40% 0.5l,,,,,,drinks,drinks_spirits,high
424492,Viin VALGE VIIN 40% 200ml,,,,,,drinks,drinks_spirits,high
424493,"Rumm CAPTAIN MORGAN White 37,5% 700ml",,,,,,drinks,drinks_spirits,high
424494,Viin VECHIRNJA CHARKA Milk 40% 0.7l,,,,,,drinks,drinks_spirits,high
424495,Köögiv.püreesupp kanafileega PRESTO 300g,,,"Barbora, Maxima",,,meat_fish,meat_poultry,high
424496,"Krabipulga salat köögiviljad. VICI, 400g",,,"Barbora, Maxima",,,produce,produce_herbs_salads_sprouts,high
424497,"Viin VIRU VALGE Cranberry 37,5% 500ml",,,,,,drinks,drinks_spirits,high
424498,"Viin VIRU VALGE Green Apple 37,5% 500ml",,,,,,drinks,drinks_spirits,high
424499,"Rumm CARIBBA Blanco 37,5% 500ml",,,,,,drinks,drinks_spirits,high
424500,"Rumm CARIBBA Negro 37,5% 1l",,,,,,drinks,drinks_spirits,high
424501,Vitamiinijook VITAMIN WELL Awake 500ml,,,,,,other,dry_other,fallback
424502,Vitamiinij. VITAMIN WELL Celebrate 500ml,,,,,,other,dry_other,fallback
424503,Vitam.jook VITAMINERAL Detox 750ml pet,,,,,,other,dry_other,fallback
424504,"Vitam.jook VITAMINERAL Wat.Well.0,75Lpet",,,,,,other,dry_other,fallback
424505,Vitam.jook VITAMIN WELL Hydrate 500ml,,,,,,other,dry_other,fallback
424506,Whiskey THE POGUES Triple Dist. 40%700ml,,,,,,other,dry_other,fallback
424507,"Rumm ANGOSTURA 1919 8YO Dark Rum,40%70cl",,,"Barbora, Maxima",,,drinks,drinks_spirits,high
424508,"Rumm CARIBBA Negro 37,5% 500ml",,,,,,drinks,drinks_spirits,high
424509,Rumm MATUSALEM Solero 7yo 40% 700ml,,,"Barbora, Maxima",,,drinks,drinks_spirits,high
424511,"Krevetid Maxi soolvees VICI, 200g",,,,,,world_spices,spices_basic_salt_pepper,high
424512,"Br.poolkoivad grillmaitsest.TALLEGG,1kg",,,"Barbora, Maxima",,,other,dry_other,fallback
424513,"Kuiv.kalmaar, lõigatud MSDM,36g",,,"Barbora, Maxima",,,other,dry_other,fallback
424514,"Külmsuitsutatud lõhefilee OCEAN, 120g",,,"Barbora, Maxima",,,meat_fish,fish_salted_smoked,high
424515,"Brokolisalat peekoniga MK, kg",,,"Barbora, Maxima",,,meat_fish,meat_pork,high
424516,Whisky JP WISER'S 10 YO 40% 700ml,,,,,,drinks,drinks_spirits,high
424517,Rumm ZACAPA 23Y Solera 40% 700ml,,,"Barbora, Maxima",,,drinks,drinks_spirits,high
424518,Siider FIZZ Pear 4.5% 500ml,,,,,,drinks,drinks_beer_cider,high
424519,"Br.poolkoiva tükid WELL DONE ABta,500g",,,"Barbora, Maxima",,,other,dry_other,fallback
424520,Whisky LOCH LOMOND S.Malt 40% 700ml karp,,,,,,drinks,drinks_spirits,high
424522,"Br.rin.filee mustikamar.Fit.TALLEGG,500g",,,"Barbora, Maxima",,,produce,produce_berries,high
424523,"Koorejäätis ERITI RAMMUS maasika, 480g",,,,,,dairy_eggs_fats,dairy_cream_sourcream,high
424524,Külms.lõhe tükid OCEAN 100g,,,"Barbora, Maxima",,,meat_fish,fish_fresh,high
424525,Siider LA BRIQUE Brut DeNormandie5%750ml,,,"Barbora, Maxima",,,drinks,drinks_wine,high
424526,Whisky CHIVAS REGAL Extra 40% 700ml karp,,,"Barbora, Maxima",,,drinks,drinks_spirits,high
424527,Whisky CASTLE HILL Blen.Scotch 40% 700ml,,,"Barbora, Maxima",,,drinks,drinks_spirits,high
424528,Kuiv.kanafilee soja CHICK&GO 30g viil,,,"Barbora, Maxima",,,sauces_oils,sauces_soy_worcester,high
424529,"Külmsuitsuvorst WELL DONE, 350g",,,"Barbora, Maxima",,,meat_fish,meat_sausages,high
424530,"Külmutatud jõhvikad WELL DONE, 400g",,,"Barbora, Maxima",,,produce,produce_berries,high
424531,Whisky TULLAMORE 40% 1L,,,"Barbora, Maxima",,,drinks,drinks_spirits,high
424532,Kuiv.kanafilee paprika CHICK&GO 30g viil,,,"Barbora, Maxima",,,meat_fish,meat_poultry,high
424533,"Br.rinnafilee sisetk A-kl WELL DONE,400g",,,"Barbora, Maxima",,,other,dry_other,fallback
424534,"Külmutatud kalapulgad VICI, 250g",,,,,,frozen_food,frozen_fish,high
424535,Whisky THE GLENLIVET Reserve SM40% 700ml,,,"Barbora, Maxima",,,drinks,drinks_spirits,high
424536,"Kodujuust OTTO klassikaline, 440g",,,,,,dairy_eggs_fats,dairy_cottage_quark,high
424538,Leibjuust Hollandi MO SAAREMAA viil.150g,,,"Barbora, Maxima",,,dairy_eggs_fats,dairy_cheese_slices,high
424539,"Br.rinnafileerib.õrnsoolat.TALLEGG,400g",,,"Barbora, Maxima",,,world_spices,spices_basic_salt_pepper,high
424540,"Kodujuust OTTO klassikaline, 330g",,,,,,dairy_eggs_fats,dairy_cottage_quark,high
424541,Whisky TULLAMORE 40% 700ml,,,"Barbora, Maxima",,,drinks,drinks_spirits,high
424542,"Br.rinnafilee WELL DONE ABta,500g",,,"Barbora, Maxima",,,other,dry_other,fallback
