product_id,name,brand,size_text,stores_sample,current_food_group,current_sub_code,food_group_corrected,new_sub_code,confidence,final_food_group,final_sub_code,final_confidence,change_reason
583954,Nivea Men Sensitive Cool AS palsam 100ml,Nivea,100ml,Coop,,,personal_care,pcare_shampoo_cond,high,personal_care,pcare_shampoo_cond,high,
583955,Essential Nivea Lip Care hüg.huulepulk,Essential,,Coop,,,other,dry_other,fallback,dry_preserves,dry_other,medium,proposed_group_invalid;align_group_to_sub_parent
583956,Nivea Hydra Care hüg.huulepulk,Nivea,,Coop,,,other,dry_other,fallback,dry_preserves,dry_other,medium,proposed_group_invalid;align_group_to_sub_parent
583957,Nivea Men Active Lip Care Hüg.huulepulk,Nivea,,Coop,,,other,dry_other,fallback,dry_preserves,dry_other,medium,proposed_group_invalid;align_group_to_sub_parent
583958,Pur Balsam Aloe Vera nõudep/vahend 450ml,Pur,450ml,Coop,,,other,dry_other,fallback,dry_preserves,dry_other,medium,proposed_group_invalid;align_group_to_sub_parent
583959,Pur Balsam Hands&Nails nõudepesuv. 450ml,Pur,450ml,Coop,,,household,hh_dishwashing,high,household,hh_dishwashing,high,
583960,Red Bull White Edition 0.25L prk,Red,0.25L ,Coop,,,drinks,drinks_energy,high,drinks,drinks_energy,high,
583961,Pez mänguasja täide 6-pakk 51g,Pez,51g,Coop,,,other,dry_other,fallback,dry_preserves,dry_other,medium,proposed_group_invalid;align_group_to_sub_parent
583962,Pez Kommijagaja+puuvilja täide 10tk,Pez,10tk,Coop,,,sweets_snacks,sweets_candies,high,sweets_snacks,sweets_candies,high,
583963,Mänguasi Pez + 2 täidet,Mänguasi,,Coop,,,other,dry_other,fallback,household,hh_other,low_oos,proposed_group_invalid;override_with_name_rules
583964,Red Bull Green Edition en.jook 0.25L prk,Red,0.25L ,Coop,,,drinks,drinks_energy,high,drinks,drinks_energy,high,
583965,Red Bull Sea Blue Edition en.jook 0.25L,Red,0.25L,Coop,,,drinks,drinks_energy,high,drinks,drinks_energy,high,
583966,Red Bull Ice Ed. Gummy Bear 0.25L prk,Red,0.25L ,Coop,,,drinks,drinks_energy,high,drinks,drinks_energy,high,
583967,Hipp Combiotic3 1A Jätkupiimasegu 500g,Hipp,500g,Coop,,,dairy_eggs_fats,dairy_milk,high,baby,baby_formula,high,override_with_name_rules
583968,Hipp 4K Kaerapudrupulber Bio 200g,Hipp,200g,Coop,,,other,dry_other,fallback,dry_preserves,dry_other,medium,proposed_group_invalid;align_group_to_sub_parent
583969,Hipp Bio 8K Aedviljad riisi&vasikal.220g,Hipp,220g,Coop,,,dry_preserves,dry_pasta_rice,high,dry_preserves,dry_pasta_rice,high,
583970,Hipp Bio 1A Juurv-nuudlipüree 220g kanal,Hipp,220g ,Coop,,,dry_preserves,dry_pasta_rice,high,dry_preserves,dry_pasta_rice,high,
583971,Hipp 1A aedviljapüree 220g kalkunil.riis,Hipp,220g ,Coop,,,dry_preserves,dry_pasta_rice,high,meat_fish,meat_poultry,high,override_with_name_rules
583972,Hipp 4K Aedviljapüree 125g mahe,Hipp,125g ,Coop,,,other,dry_other,fallback,dry_preserves,dry_other,medium,proposed_group_invalid;align_group_to_sub_parent
583973,Hipp Bio 4K Ploomipüree 125g,Hipp,125g,Coop,,,other,dry_other,fallback,dry_preserves,dry_other,medium,proposed_group_invalid;align_group_to_sub_parent
583974,Hipp Bio 8K Riisi-porg.püree 220g kalkun,Hipp,220g ,Coop,,,dry_preserves,dry_pasta_rice,high,meat_fish,meat_poultry,high,override_with_name_rules
583975,Hipp Bio1A Tomati-nuudlipüree220g vasika,Hipp,,Coop,,,dry_preserves,dry_pasta_rice,high,dry_preserves,dry_pasta_rice,high,
583976,Hipp 8K Makaronid kalaga Hipp220g sparg.,Hipp,,Coop,,,dry_preserves,dry_pasta_rice,high,dry_preserves,dry_pasta_rice,high,
583977,Hipp Bio 4K porgandipüree 125g kartuliga,Hipp,125g ,Coop,,,produce,produce_root_veg,high,produce,produce_root_veg,high,
583978,Hipp Bio 4K Piimapuder Head ööd190g puuv,Hipp,,Coop,,,dairy_eggs_fats,dairy_milk,high,dairy_eggs_fats,dairy_milk,high,
583979,Hipp 4K Spaghetti Bolognese Bio 190g,Hipp,190g,Coop,,,other,dry_other,fallback,dry_preserves,dry_other,medium,proposed_group_invalid;align_group_to_sub_parent
583980,Hipp Bio 4K õunapüree virsiku-marja 100g,Hipp,100g,Coop,,,produce,produce_apples_pears,high,produce,produce_apples_pears,high,
583981,Hipp Bio 8K Peedi-juurviljapüree 220g,Hipp,220g,Coop,,,other,dry_other,fallback,dry_preserves,dry_other,medium,proposed_group_invalid;align_group_to_sub_parent
583982,Hipp Mama Taimetee imetavale emale 200g,Hipp,200g,Coop,,,drinks,drinks_tea_coffee,high,drinks,drinks_tea_coffee,high,
583983,Hipp Bio 4K pirni-õunapüree Hippis 100g,Hipp,100g,Coop,,,produce,produce_apples_pears,high,produce,produce_apples_pears,high,
583984,Hipp Bio 4K õuna-ban.püree beebiküps100g,Hipp,,Coop,,,produce,produce_apples_pears,high,produce,produce_apples_pears,high,
583985,Hipp Bio 6K pirnipüree banaani-kiivi100g,Hipp,,Coop,,,produce,produce_apples_pears,high,produce,produce_apples_pears,high,
583986,Hipp Bio 6K õuna-ban.püree vaarikaga100g,Hipp,,Coop,,,produce,produce_berries,high,produce,produce_berries,high,
583987,Hipp Bio1K Õuna-virsikupür.mirab.plo100g,Hipp,,Coop,,,produce,produce_apples_pears,high,produce,produce_apples_pears,high,
583988,Hipp Org.4K Suvikõrvitsapür.125g kartuli,Hipp,125g ,Coop,,,produce,produce_root_veg,high,produce,produce_root_veg,high,
583989,Hipp 4K Porg-kartulipüree190g merilõhega,Hipp,,Coop,,,meat_fish,fish_fresh,high,meat_fish,fish_fresh,high,
583990,Hipp 6K Jätkupiimasegu Bio Comb.2 800g,Hipp,800g,Coop,,,dairy_eggs_fats,dairy_milk,high,baby,baby_formula,high,override_with_name_rules
583991,Hipp Bio 8K Riisivahvlid vaarikaga 30g,Hipp,30g,Coop,,,dry_preserves,dry_pasta_rice,high,produce,produce_berries,high,override_with_name_rules
583992,Hipp Bio 1A õuna-banaani-kaerabatoon 23g,Hipp,23g,Coop,,,sweets_snacks,sweets_chocolate_bars,high,sweets_snacks,sweets_chocolate_bars,high,
583993,Hipp Bio 1A õuna-ban.batoon23g vaarikaga,Hipp,,Coop,,,sweets_snacks,sweets_chocolate_bars,high,sweets_snacks,sweets_chocolate_bars,high,
583994,Hipp Bio 1A Puuviljasõber jog.-kirsi 23g,Hipp,23g,Coop,,,other,dry_other,fallback,dry_preserves,dry_other,medium,proposed_group_invalid;align_group_to_sub_parent
583995,Hipp 6K 5-vilja piimapuder ploomi250g,Hipp,,Coop,,,dairy_eggs_fats,dairy_milk,high,dairy_eggs_fats,dairy_milk,high,
583997,Hipp 8K piimapuder prebiootik 250g puuv.,Hipp,250g ,Coop,,,dairy_eggs_fats,dairy_milk,high,dairy_eggs_fats,dairy_milk,high,
583998,Hipp 6K Kaera-õuna piimapudrup.BIO 250g,Hipp,250g,Coop,,,dairy_eggs_fats,dairy_milk,high,produce,produce_apples_pears,high,override_with_name_rules
583999,Hipp Bio 4K õuna-pirni-ja ban.püree 100g,Hipp,100g,Coop,,,produce,produce_apples_pears,high,produce,produce_apples_pears,high,
584000,Hipp Hippis 6K virsiku-ban.pür.mango100g,Hipp,,Coop,,,produce,produce_tropical,high,produce,produce_tropical,high,
584001,Dilmah must tee 50g suureleheline,Dilmah,50g ,Coop,,,drinks,drinks_tea_coffee,high,drinks,drinks_tea_coffee,high,
584002,Dilmah Ceylon Gold must tee 25*2g,Dilmah,2g,Coop,,,drinks,drinks_tea_coffee,high,drinks,drinks_tea_coffee,high,
584003,Dilmah must tee 20*1.5g sidrunimaits.,Dilmah,1.5g ,Coop,,,drinks,drinks_tea_coffee,high,drinks,drinks_tea_coffee,high,
584004,Dilmah roh.tee 20*1.5g apelsiniga,Dilmah,1.5g ,Coop,,,drinks,drinks_tea_coffee,high,drinks,drinks_tea_coffee,high,
584005,Dilmah roh.tee 20*1.5g sidruniga,Dilmah,1.5g ,Coop,,,drinks,drinks_tea_coffee,high,drinks,drinks_tea_coffee,high,
613799,Ahjuvorstid jõhvikatega Rakvere 400g,Rakvere,400g,Rimi,,,meat_fish,meat_sausages,high,produce,produce_berries,high,override_with_name_rules
613898,Xtra pesupulber Color 2kg,Xtra,2 kg,Prisma,,,household,hh_laundry,high,household,hh_laundry,high,
613899,Kotimaista Singivorm 300 G,Kotimaista Singivorm,300 g,Prisma,,,dry_preserves,dry_canned_veg,high,drinks,drinks_spirits,high,override_with_name_rules
613900,Klorin puhastusaine lavendel 750ml,Klorin,750 ml,Prisma,,,bakery,bakery_buns_croissants,high,household,hh_cleaners,high,override_with_name_rules
613901,"Nopri dessert sidruni-yuzu, 150 g",Nopri,150 g,Prisma,,,dairy_eggs_fats,dairy_desserts,high,drinks,drinks_spirits,high,override_with_name_rules
613902,Puhastuslapid rullis Wettex Soft Fresh 3m,Puhastuslapid,,Prisma,,,household,hh_cleaners,high,household,hh_cleaners,high,
613903,"Tutteli 4 Junior piimajook alates 2 aasta vanusest, 300g",Tutteli,300 g,Prisma,,,dairy_eggs_fats,dairy_milk,high,dairy_eggs_fats,dairy_milk,high,
613904,Fazer Rohelised kuulid 260g,Fazer Rohelised,260 g,Prisma,,,other,dry_other,fallback,dry_preserves,dry_other,medium,proposed_group_invalid;align_group_to_sub_parent
613905,"Ahjukartul 1,5kg",Ahjukartul,1.5 kg,Prisma,,,produce,produce_root_veg,high,produce,produce_root_veg,high,
613906,"Alma kohuke jõhvika-kanelli kakaoglasuuris, 40g",Alma,40 g,Prisma,,,produce,produce_berries,high,produce,produce_berries,high,
613907,Kalev piimašokolaad 20 g,Kalev,20 g,Prisma,,,dairy_eggs_fats,dairy_milk,high,drinks,drinks_spirits,high,override_with_name_rules
613908,Lindt Lindor jõulušokolaadipallide segu 337g,Lindt Lindor,337 g,Prisma,,,sweets_snacks,sweets_chocolate_bars,high,sweets_snacks,sweets_chocolate_bars,high,
613909,Kaktuse- ja Sukulendimuld 6 l,Kaktuse-,6 l,Prisma,,,other,dry_other,fallback,dry_preserves,dry_other,medium,proposed_group_invalid;align_group_to_sub_parent
613910,Kotimaista ratsuritäht punane,Kotimaista,,Prisma,,,dry_preserves,dry_canned_veg,high,dry_preserves,dry_canned_veg,high,
613911,Coop vanillijogurt 150 g,Coop,150 g,Prisma,,,dairy_eggs_fats,dairy_yogurt_kefir,high,drinks,drinks_spirits,high,override_with_name_rules
613912,Jõulukaltus,Jõulukaltus,,Prisma,,,meat_fish,meat_beef_lamb_game,high,meat_fish,meat_beef_lamb_game,high,
613913,Maasikad 250 g,Maasikad,250 g,Prisma,,,produce,produce_berries,high,drinks,drinks_spirits,high,override_with_name_rules
613914,"Xtra Gouda viilutatud juust 16%, 150 g",Xtra Gouda,150 g,Prisma,,,dairy_eggs_fats,dairy_cheese_slices,high,drinks,drinks_spirits,high,override_with_name_rules
613915,HIINAROOS,HIINAROOS,,Prisma,,,other,dry_other,fallback,dry_preserves,dry_other,medium,proposed_group_invalid;align_group_to_sub_parent
613916,"Oatly Ikaffe kaerajook Popcorn, 1l",Oatly Ikaffe,1 l,Prisma,,,dairy_eggs_fats,dairy_plant_drinks,high,sweets_snacks,sweets_snacks_salty,high,override_with_name_rules
613917,"Basilur Merry Berries assortii rohelise-, musta- ja puuviljateed Valge 40tk",Basilur Merry,40 pcs,Prisma,,,drinks,drinks_tea_coffee,high,drinks,drinks_tea_coffee,high,
613918,Marabou Big Taste Nutty Choco Wafer piimašokolaad 270g,Marabou Big,270 g,Prisma,,,dairy_eggs_fats,dairy_milk,high,sweets_snacks,sweets_chocolate_bars,high,override_with_name_rules
613919,Dolfin Kummitus ja skeleti üllatusšokolaadifiguur 80g,Dolfin Kummitus,80 g,Prisma,,,sweets_snacks,sweets_chocolate_bars,high,sweets_snacks,sweets_chocolate_bars,high,
613920,Pesukauss 8 l lilla,Pesukauss,8 l,Prisma,,,other,dry_other,fallback,dry_preserves,dry_other,medium,proposed_group_invalid;align_group_to_sub_parent
613921,Dave&Jon's datlid kaneelisaiamaitselised 125g,Dave&Jon's,125 g,Prisma,,,bakery,bakery_buns_croissants,high,bakery,bakery_buns_croissants,high,
613922,"Xtra Gouda viilutatud juust, 400g",Xtra Gouda,400 g,Prisma,,,dairy_eggs_fats,dairy_cheese_slices,high,dairy_eggs_fats,dairy_cheese_slices,high,
613923,Kotimaista Küüslaugukoorekartulid 700G,Kotimaista Küüslaugukoorekartulid,700 g,Prisma,,,dairy_eggs_fats,dairy_cream_sourcream,high,dairy_eggs_fats,dairy_cream_sourcream,high,
613924,Kucharek loomalihapuljong 120g,Kucharek,120 g,Prisma,,,world_spices,spices_broth_stock,high,world_spices,spices_broth_stock,high,
613925,"Nordtempeh kollase herne tempeh, 200g",Nordtempeh,200 g,Prisma,,,other,dry_other,fallback,dry_preserves,dry_other,medium,proposed_group_invalid;align_group_to_sub_parent
613926,Pringles advendikalender,Pringles,,Prisma,,,other,dry_other,fallback,dry_preserves,dry_other,medium,proposed_group_invalid;align_group_to_sub_parent
613927,Xtra kakao 1kg,Xtra,1 kg,Prisma,,,other,dry_other,fallback,dry_preserves,dry_other,medium,proposed_group_invalid;align_group_to_sub_parent
613928,"Oddlygood Barista kaerajook sarapuupähkli maitseline, gluteenivaba, UHT 1l",Oddlygood Barista,1 l,Prisma,,,drinks,drinks_tea_coffee,high,sweets_snacks,sweets_nuts_driedfruit,high,override_with_name_rules
613929,Basilur Must tee Joyful Celebrations 75g metallpurgis,Basilur Must,75 g,Prisma,,,drinks,drinks_tea_coffee,high,baby,baby_food_jars,high,override_with_name_rules
613930,Remedia jõhvikaliköör 18%vol 500ml,Remedia,500 ml,Prisma,,,produce,produce_berries,high,drinks,drinks_spirits,high,override_with_name_rules
613931,Wrigley's Extra White Sweet Mint närimiskummid 29g,Wrigley's Extra,29 g,Prisma,,,sweets_snacks,sweets_gums_mints,high,sweets_snacks,sweets_gums_mints,high,
613932,"Jim Beam Red Stag Black Cherry liköör 32,5%vol 700ml",Jim Beam,700 ml,Prisma,,,other,dry_other,fallback,drinks,drinks_spirits,high,proposed_group_invalid;override_with_name_rules
613933,Coop texmex bataadisupp 570 ml,Coop,570 ml,Prisma,,,other,dry_other,fallback,world_spices,spices_mexican,high,proposed_group_invalid;override_with_name_rules
613934,Activus öko kolme läätse supp 400g,Activus,400 g,Prisma,,,dry_preserves,dry_groats_beans,high,dry_preserves,dry_groats_beans,high,
613935,Omo pesugeel active clean 920ml,Omo,920 ml,Prisma,,,household,hh_laundry,high,household,hh_laundry,high,
613936,Filter tolmuimejale X-Force 8.60 2tk,Filter,2 pcs,Prisma,,,other,dry_other,fallback,dry_preserves,dry_other,medium,proposed_group_invalid;align_group_to_sub_parent
613937,Pesuloputusvahend Mayeri Angel Kiss hüpoallergeenne 750ml,Pesuloputusvahend Mayeri,750 ml,Prisma,,,household,hh_laundry,high,household,hh_laundry,high,
613938,Sallinen apelsinisukaad 100 g,Sallinen,100 g,Prisma,,,produce,produce_tropical,high,drinks,drinks_spirits,high,override_with_name_rules
613939,Activus püreesupp kõrvits 400g,Activus,400 g,Prisma,,,other,dry_other,fallback,dry_preserves,dry_other,medium,proposed_group_invalid;align_group_to_sub_parent
613940,Xtra pesuloputusvahend 1l,Xtra,1 l,Prisma,,,household,hh_laundry,high,household,hh_laundry,high,
613941,"Karums piparkoogi-mandarini kohuke, 45 g",Karums,45 g,Prisma,,,drinks,drinks_spirits,high,drinks,drinks_spirits,high,
613942,Hulten jõulusokk 223g,Hulten,223 g,Prisma,,,other,dry_other,fallback,household,hh_other,low_oos,proposed_group_invalid;override_with_name_rules
613943,Fini Scary Box maiustuste karp 92,Fini Scary,,Prisma,,,other,dry_other,fallback,dry_preserves,dry_other,medium,proposed_group_invalid;align_group_to_sub_parent
613944,Coop India pähklid 100g,Coop India,100 g,Prisma,,,sweets_snacks,sweets_nuts_driedfruit,high,sweets_snacks,sweets_nuts_driedfruit,high,
613945,Liivimaa Lihaveis Veiseklops 300G,Liivimaa Lihaveis,300 g,Prisma,,,meat_fish,meat_beef_lamb_game,high,meat_fish,meat_beef_lamb_game,high,
613946,Mynthon Original Õunamaits.suhkruvaba + C vitamiiniga 39g,Mynthon Original,39 g,Prisma,,,drinks,drinks_spirits,high,produce,produce_apples_pears,high,override_with_name_rules
613947,Coop Külmutatud Lõhefilee kg,Coop Külmutatud,,Prisma,,,meat_fish,fish_fresh,high,meat_fish,fish_fresh,high,
613948,KALEV Riisikrõbinatega pralineekomm piimašokolaadis 150g,KALEV Riisikrõbinatega,150 g,Prisma,,,dairy_eggs_fats,dairy_milk,high,sweets_snacks,sweets_chocolate_bars,high,override_with_name_rules
613949,Kodulõhnastaja Amii Winter Morning 100ml,Kodulõhnastaja Amii,100 ml,Prisma,,,other,dry_other,fallback,dry_preserves,dry_other,medium,proposed_group_invalid;align_group_to_sub_parent
613950,LaBuble Crémant de Bordeaux Brut KPN kvaliteetvahuvein 12%vol 750 ml,LaBuble Crémant,750 ml,Prisma,,,drinks,drinks_wine,high,drinks,drinks_wine,high,
613951,Mahlapurikas Apelsini-Maasika-Pirni-Mango-Mahlajää 75 G,Mahlapurikas Apelsini-Maasika-Pirni-Mango-Mahlajää,75 g,Prisma,,,drinks,drinks_juices,high,drinks,drinks_spirits,high,override_with_name_rules
613952,Tallegg Broilerirulaad Klassikaline 400 G,Tallegg Broilerirulaad,400 g,Prisma,,,meat_fish,meat_poultry,high,drinks,drinks_spirits,high,override_with_name_rules
613953,Bio Luvil Classic pesugeel 920 ml,Bio Luvil,920 ml,Prisma,,,household,hh_laundry,high,household,hh_laundry,high,
613954,Seep Neutral lõhnavaba 100g,Seep Neutral,100 g,Prisma,,,personal_care,pcare_soap,high,personal_care,pcare_soap,high,
614089,Coop želatiinilehed 20g,Coop,20 g,Prisma,,,other,dry_other,fallback,dry_preserves,dry_other,medium,proposed_group_invalid;align_group_to_sub_parent
614090,Rainbow mahe mustikamoos 360 g,Rainbow,360 g,Prisma,,,dry_preserves,dry_other,high,drinks,drinks_spirits,high,override_with_name_rules
614091,Mull° alkoholivaba siider rabarberiga,Mull°,,Prisma,,,drinks,drinks_beer_cider,high,drinks,drinks_beer_cider,high,
614092,Õun Red Delicious I klass,Õun Red,,Prisma,,,produce,produce_apples_pears,high,produce,produce_apples_pears,high,
614093,Carlsberg hele õlu 5%vol 500ml,Carlsberg,500 ml,Prisma,,,drinks,drinks_beer_cider,high,drinks,drinks_beer_cider,high,
614094,Jalostaja tomati-läätsesupp 550 ml,Jalostaja,550 ml,Prisma,,,dry_preserves,dry_groats_beans,high,dry_preserves,dry_groats_beans,high,
614095,USIN Mehhiko toorsalat 200 g,USIN Mehhiko,200 g,Prisma,,,produce,produce_herbs_salads_sprouts,high,drinks,drinks_spirits,high,override_with_name_rules
614096,Gustav Catering Võikana Riisiga 310 G,Gustav Catering,310 g,Prisma,,,dairy_eggs_fats,dairy_butter_margarine,high,drinks,drinks_spirits,high,override_with_name_rules
614097,Cirio tomatipüree 680 g,Cirio,680 g,Prisma,,,produce,produce_root_veg,high,drinks,drinks_spirits,high,override_with_name_rules
614098,"Fazer premium vaarika-jogurti pulgajäätis, 66 g/94 ml",Fazer,66 g,Prisma,,,dairy_eggs_fats,dairy_yogurt_kefir,high,drinks,drinks_spirits,high,override_with_name_rules
614099,Coop tuunikalatükid väheses vees msc 130/116g,Coop,116 g,Prisma,,,dry_preserves,dry_canned_meat_fish,high,dry_preserves,dry_canned_meat_fish,high,
614100,"Coop kaerajook, 1l",Coop,1 l,Prisma,,,dairy_eggs_fats,dairy_plant_drinks,high,dairy_eggs_fats,dairy_plant_drinks,high,
614101,Varsseller,Varsseller,,Prisma,,,other,dry_other,fallback,dry_preserves,dry_other,medium,proposed_group_invalid;align_group_to_sub_parent
614102,Xtra rosinad 250g,Xtra,250 g,Prisma,,,other,dry_other,fallback,dry_preserves,dry_other,medium,proposed_group_invalid;align_group_to_sub_parent
614103,"Jänks piparkoogikohuke hõrgu glasuuriga, 52 g",Jänks,52 g,Prisma,,,world_spices,spices_basic_salt_pepper,high,drinks,drinks_spirits,high,override_with_name_rules
614104,Laste el.hambahari iO2 Kids Stitch,Laste,,Prisma,,,personal_care,pcare_oral_care,high,personal_care,pcare_oral_care,high,
614105,Coop kreemine šampinjonisupp 570 ml,Coop,570 ml,Prisma,,,produce,produce_mushrooms,high,produce,produce_mushrooms,high,
614106,Kinder Maxi üllatusmuna 220g,Kinder Maxi,220 g,Prisma,,,dairy_eggs_fats,dairy_eggs,high,dairy_eggs_fats,dairy_eggs,high,
614107,El.hambahari Oral-B iO2 Duo must/ pink,El.hambahari Oral-B,,Prisma,,,personal_care,pcare_oral_care,high,personal_care,pcare_oral_care,high,
614108,Aktiivsöefilter Miele AA50,Aktiivsöefilter Miele,,Prisma,,,other,dry_other,fallback,dry_preserves,dry_other,medium,proposed_group_invalid;align_group_to_sub_parent
614109,"Maks ja Moorits Eelküpsetatud Suur Praetükk ~ 1,6Kg",Maks,1.6 kg,Prisma,,,other,dry_other,fallback,dry_preserves,dry_flour_sugar_baking,high,proposed_group_invalid;override_with_name_rules
614110,"Jim Beam & Cola muu alkohoolne jook 4,5%vol 330 ml",Jim Beam,330 ml,Prisma,,,drinks,drinks_soft_soda,high,drinks,drinks_soft_soda,high,
614111,Dals Kitchen Szechuan Kana Riisiga 350G,Dals Kitchen,350 g,Prisma,,,dry_preserves,dry_pasta_rice,high,meat_fish,meat_poultry,high,override_with_name_rules
614112,USIN Vinigrett 300g,USIN Vinigrett,300 g,Prisma,,,other,dry_other,fallback,dry_preserves,dry_other,medium,proposed_group_invalid;align_group_to_sub_parent
614113,"Mehukatti hea päevaal. mahl, viinamari-pirn-maasikas 1 l",Mehukatti,1 l,Prisma,,,drinks,drinks_spirits,high,drinks,drinks_juices,high,override_with_name_rules
614114,Wc loputuskasti sinised tabletid Easy 8tk,Wc,8 pcs,Prisma,,,drinks,drinks_wine,high,drinks,drinks_wine,high,
614115,"Xtra kodujuust 3,5% 300g",Xtra,300 g,Prisma,,,dairy_eggs_fats,dairy_cottage_quark,high,dairy_eggs_fats,dairy_cottage_quark,high,
614116,Pesugeel Mayeri Color All-Care täitepakk 3l,Pesugeel Mayeri,3 l,Prisma,,,household,hh_laundry,high,household,hh_laundry,high,
614117,Nata Sojalõigud Tomati-Palsamiäädika 300 G,Nata Sojalõigud,300 g,Prisma,,,sauces_oils,sauces_soy_worcester,high,personal_care,pcare_shampoo_cond,high,override_with_name_rules
614118,X-Tra Köögiviljasegu Brokkoliga 1 Kg,X-Tra Köögiviljasegu,1 kg,Prisma,,,other,dry_other,fallback,dry_preserves,dry_other,medium,proposed_group_invalid;align_group_to_sub_parent
614119,Hulten FavoritMix X-mas jõulumaiused 450g,Hulten FavoritMix,450 g,Prisma,,,other,dry_other,fallback,dry_preserves,dry_other,medium,proposed_group_invalid;align_group_to_sub_parent
614120,Rivani Pinot Rose Extra Dry vahuvein 11%vol 750ml,Rivani Pinot,750 ml,Prisma,,,drinks,drinks_wine,high,drinks,drinks_wine,high,
614121,Mänguri kõrvaklapid Jbl Quantum 350,Mänguri,,Prisma,,,other,dry_other,fallback,dry_preserves,dry_other,medium,proposed_group_invalid;align_group_to_sub_parent
614122,Meigipeegel Pixiem LED Hollywood HM37T,Meigipeegel Pixiem,,Prisma,,,other,dry_other,fallback,dry_preserves,dry_other,medium,proposed_group_invalid;align_group_to_sub_parent
614123,Kaluri Praetud Kilud Koduses Marinaadis 500G,Kaluri Praetud,500 g,Prisma,,,dry_preserves,dry_canned_meat_fish,high,sauces_oils,sauces_marinades,high,override_with_name_rules
614124,Nutikell Huawei Band 10 roosa,Nutikell Huawei,,Prisma,,,other,dry_other,fallback,dry_preserves,dry_other,medium,proposed_group_invalid;align_group_to_sub_parent
614125,NSW2 mäng Donkey Kong Bananza,NSW2,,Prisma,,,other,dry_other,fallback,dry_preserves,dry_other,medium,proposed_group_invalid;align_group_to_sub_parent
614126,Konsool PlayStation 5 Standard 1TB,Konsool PlayStation,,Prisma,,,world_spices,spices_basic_salt_pepper,high,world_spices,spices_basic_salt_pepper,high,
614127,2026 aastalant Helmi-Tundra BLU-G,2026,,Prisma,,,other,dry_other,fallback,drinks,drinks_spirits,high,proposed_group_invalid;override_with_name_rules
614128,Mati krõbe kanaloog ehk taimne filee 170 g,Mati,170 g,Prisma,,,meat_fish,meat_poultry,high,drinks,drinks_spirits,high,override_with_name_rules
614129,PS5 NHL 26 EA Sports,PS5 NHL,,Prisma,,,other,dry_other,fallback,dry_preserves,dry_other,medium,proposed_group_invalid;align_group_to_sub_parent
614130,PS5 Ghost of Yotei,PS5 Ghost,,Prisma,,,other,dry_other,fallback,dry_preserves,dry_other,medium,proposed_group_invalid;align_group_to_sub_parent
614131,PS5 pult DualSense Chroma Teal,PS5,,Prisma,,,other,dry_other,fallback,dry_preserves,dry_other,medium,proposed_group_invalid;align_group_to_sub_parent
614132,NSW mäng POKEMON LEGENDID Z-A,NSW,,Prisma,,,other,dry_other,fallback,dry_preserves,dry_other,medium,proposed_group_invalid;align_group_to_sub_parent
614133,PS5 FC 26 EA Sports,PS5 FC,,Prisma,,,other,dry_other,fallback,dry_preserves,dry_other,medium,proposed_group_invalid;align_group_to_sub_parent
614134,2026 aastalant Helmi-Tundra Pink-G,2026,,Prisma,,,other,dry_other,fallback,drinks,drinks_spirits,high,proposed_group_invalid;override_with_name_rules
614135,Törley Talisman Demi-Sec vahuvein 11%vol 750ml,Törley Talisman,750 ml,Prisma,,,drinks,drinks_wine,high,drinks,drinks_wine,high,
614136,Konsool NSW 2 + Mario Kart World,Konsool NSW,,Prisma,,,world_spices,spices_basic_salt_pepper,high,world_spices,spices_basic_salt_pepper,high,
614137,Mamma Seentega Sealihakaste 400G,Mamma Seentega,400 g,Prisma,,,meat_fish,meat_pork,high,meat_fish,meat_pork,high,
614138,Trimmer Philips OneBlade 360 QP2834/23,Trimmer Philips,,Prisma,,,other,dry_other,fallback,dry_preserves,dry_other,medium,proposed_group_invalid;align_group_to_sub_parent
614139,"Kruus Muumi Party Time 0,3l",Kruus Muumi,0.3 l,Prisma,,,other,dry_other,fallback,dry_preserves,dry_other,medium,proposed_group_invalid;align_group_to_sub_parent
614140,"Kruus Iittala Taika 0,4L Öö kinkekarp",Kruus Iittala,0.4 l,Prisma,,,other,dry_other,fallback,dry_preserves,dry_other,medium,proposed_group_invalid;align_group_to_sub_parent
614141,HIIUMAA KÖÖK Pohla-kamakreem 130g,HIIUMAA KÖÖK,130 g,Prisma,,,produce,produce_berries,high,produce,produce_berries,high,
614142,Õllekruus Iittala Krouvi 50cl,Õllekruus Iittala,50 cl,Prisma,,,other,dry_other,fallback,dry_preserves,dry_other,medium,proposed_group_invalid;align_group_to_sub_parent
614143,Nutikell Huawei Band 10 must,Nutikell Huawei,,Prisma,,,other,dry_other,fallback,dry_preserves,dry_other,medium,proposed_group_invalid;align_group_to_sub_parent
614144,Mänguri kõrvaklapid QUANTUM 200,Mänguri,,Prisma,,,other,dry_other,fallback,dry_preserves,dry_other,medium,proposed_group_invalid;align_group_to_sub_parent
614145,Valgusteraapiamask PIXIEM IR850,Valgusteraapiamask PIXIEM,,Prisma,,,other,dry_other,fallback,dry_preserves,dry_other,medium,proposed_group_invalid;align_group_to_sub_parent
614146,Kotimaista kanakintsufilee maitsestamata 600g,Kotimaista,600 g,Prisma,,,dry_preserves,dry_canned_veg,high,dry_preserves,dry_canned_veg,high,
614147,Kucharek veiselihapuljong 60g,Kucharek,60 g,Prisma,,,world_spices,spices_broth_stock,high,meat_fish,meat_beef_lamb_game,high,override_with_name_rules
614148,"Kruus Iittala Taika 0,4L Uni kirss kinkekarp",Kruus Iittala,0.4 l,Prisma,,,other,dry_other,fallback,dry_preserves,dry_other,medium,proposed_group_invalid;align_group_to_sub_parent
614149,Minikartul pestud Koorti Kartul 1kg,Minikartul,1 kg,Prisma,,,dairy_eggs_fats,dairy_cream_sourcream,high,dairy_eggs_fats,dairy_cream_sourcream,high,
614150,"Kotimaista kanafileeribad, kergelt soolatud, 700 g",Kotimaista,700 g,Prisma,,,dry_preserves,dry_canned_veg,high,drinks,drinks_spirits,high,override_with_name_rules
614151,Nata Nata Sojalõigud Mahedas Marinaadis 300 G,Nata Nata,300 g,Prisma,,,sauces_oils,sauces_soy_worcester,high,drinks,drinks_spirits,high,override_with_name_rules
614152,Liivimaa Lihaveis Veisepraad 500G,Liivimaa Lihaveis,500 g,Prisma,,,meat_fish,meat_beef_lamb_game,high,meat_fish,meat_beef_lamb_game,high,
614153,"Kotimaista broilerifileeribad, meemarinaadis 350g",Kotimaista,350 g,Prisma,,,dry_preserves,dry_canned_veg,high,meat_fish,meat_poultry,high,override_with_name_rules
614154,Coop Mandariin Primasole I klass MAHE,Coop Mandariin,,Prisma,,,produce,produce_tropical,high,produce,produce_tropical,high,
614155,"Blender Wilfa BL-5002GO 0,6l/500W",Blender Wilfa,0.6 l,Prisma,,,other,dry_other,fallback,dry_preserves,dry_other,medium,proposed_group_invalid;align_group_to_sub_parent
614156,Õun Krista I klass 1 kg,Õun Krista,1 kg,Prisma,,,produce,produce_apples_pears,high,produce,produce_apples_pears,high,
614157,Linnamäe Lihatööst Prantsuspärane Eelküps. Metssealiha 450G,Linnamäe Lihatööst,450 g,Prisma,,,meat_fish,meat_pork,high,meat_fish,meat_pork,high,
614158,"Kuumaõhufritüür Philips NA230/00 6,2l",Kuumaõhufritüür Philips,6.2 l,Prisma,,,other,dry_other,fallback,dry_preserves,dry_other,medium,proposed_group_invalid;align_group_to_sub_parent
614159,Lokitangid Remington AirVive 2in1 AS8930,Lokitangid Remington,,Prisma,,,other,dry_other,fallback,dry_preserves,dry_other,medium,proposed_group_invalid;align_group_to_sub_parent
614160,Rõivaste auruti Russell Steam Genie Essentials,Rõivaste,,Prisma,,,other,dry_other,fallback,dry_preserves,dry_other,medium,proposed_group_invalid;align_group_to_sub_parent
614161,Massažipüstol Fascia,Massažipüstol Fascia,,Prisma,,,other,dry_other,fallback,dry_preserves,dry_other,medium,proposed_group_invalid;align_group_to_sub_parent
614162,Rannamõisa Part Jahutatud ~1500-2400G,Rannamõisa Part,2400 g,Prisma,,,dry_preserves,dry_flour_sugar_baking,high,dry_preserves,dry_flour_sugar_baking,high,
614163,Codorniu Clasico Cava Brut KPN kvaliteetvahuvein 11%vol 750ml,Codorniu Clasico,750 ml,Prisma,,,drinks,drinks_wine,high,drinks,drinks_wine,high,
614164,ARTISAN metsamarja ja mee glögi alkoholivaba 500 ml,ARTISAN,500 ml,Prisma,,,dry_preserves,dry_cereals_muesli,high,dry_preserves,dry_cereals_muesli,high,
614165,Marli Juissi suhkruvaba draakoniviljamahlajook 1 l,Marli Juissi,1 l,Prisma,,,drinks,drinks_juices,high,drinks,drinks_juices,high,
614166,HIIUMAA KÖÖK Toorjuustu-leivakreempohlamoosiga 130g,HIIUMAA KÖÖK,130 g,Prisma,,,dairy_eggs_fats,dairy_cheese_slices,high,produce,produce_berries,high,override_with_name_rules
614167,2026 aastalant Helmi-Tundra GR-G,2026,,Prisma,,,other,dry_other,fallback,drinks,drinks_spirits,high,proposed_group_invalid;override_with_name_rules
614168,Jaanihanso Brut NO:12 puuviljavahuvein 12%vol 750ml,Jaanihanso Brut,750 ml,Prisma,,,drinks,drinks_wine,high,drinks,drinks_wine,high,
614169,Air Wick Duo Fresh Freesia ja Jasmin õhuvärskendaja 2X250ml,Air Wick,2x250 ml,Prisma,,,household,hh_candles_airfresh,high,household,hh_candles_airfresh,high,
614170,Õun Liivika I klass,Õun Liivika,,Prisma,,,produce,produce_apples_pears,high,produce,produce_apples_pears,high,
614171,Pann Fiskars Hard Face 28 cm,Pann Fiskars,,Prisma,,,other,dry_other,fallback,household,hh_kitchenware,high,proposed_group_invalid;override_with_name_rules
614172,COOP glögi alkoholivaba suhkruvaba 1l,COOP,1 l,Prisma,,,dry_preserves,dry_cereals_muesli,high,dry_preserves,dry_cereals_muesli,high,
614173,Dirhami Vähesoolane Lõhefilee Viilud 150G,Dirhami Vähesoolane,150 g,Prisma,,,world_spices,spices_basic_salt_pepper,high,world_spices,spices_basic_salt_pepper,high,
614174,"Pann Tefal 24 cm OnePickPot, vanilje",Pann Tefal,,Prisma,,,other,dry_other,fallback,household,hh_kitchenware,high,proposed_group_invalid;override_with_name_rules
614175,Punase veini klaas Iittala Essence 45 cl 4 tk,Punase,45 cl,Prisma,,,drinks,drinks_wine,high,drinks,drinks_wine,high,
614176,Mati Hõrgud Seenevalgust Fileetükid 180G,Mati Hõrgud,180 g,Prisma,,,produce,produce_mushrooms,high,produce,produce_mushrooms,high,
614177,Led-meigipeegel Magic Mirror hõbedane,Led-meigipeegel Magic,,Prisma,,,other,dry_other,fallback,dry_preserves,dry_other,medium,proposed_group_invalid;align_group_to_sub_parent
614178,Ahjupott Fiskars Folken 4l valuraud,Ahjupott Fiskars,4 l,Prisma,,,other,dry_other,fallback,household,hh_kitchenware,high,proposed_group_invalid;override_with_name_rules
614179,Mandariin Bruno I klass,Mandariin Bruno,,Prisma,,,produce,produce_tropical,high,produce,produce_tropical,high,
614180,Joel Ostrat Mac & Cheese Hakkliha Ja Ürtidega 300 G,Joel Ostrat,300 g,Prisma,,,meat_fish,meat_minced,high,drinks,drinks_spirits,high,override_with_name_rules
614181,Tallegg Broiler Päikesekuivatatud Tomatiga 350G,Tallegg Broiler,350 g,Prisma,,,meat_fish,meat_poultry,high,sweets_snacks,sweets_nuts_driedfruit,high,override_with_name_rules
614182,Tallegg Broileri Ahjukintsuliha Juustuga 700G,Tallegg Broileri,700 g,Prisma,,,dairy_eggs_fats,dairy_cheese_slices,high,dairy_eggs_fats,dairy_eggs,high,override_with_name_rules
614183,Valge veini klaas iittala Essence 33cl 4tk,Valge,33 cl,Prisma,,,drinks,drinks_wine,high,drinks,drinks_wine,high,
614184,Lumelabidas Fiskars SnowXpert 52cm,Lumelabidas Fiskars,,Prisma,,,other,dry_other,fallback,dry_preserves,dry_other,medium,proposed_group_invalid;align_group_to_sub_parent
614185,Õliradiaator Airam Smart 2000W,Õliradiaator Airam,,Prisma,,,sauces_oils,oils_other,high,sauces_oils,oils_other,high,
614186,Eesti Pagar Piparkoogitaigen 500 g,Eesti Pagar,500 g,Prisma,,,world_spices,spices_basic_salt_pepper,high,drinks,drinks_spirits,high,override_with_name_rules
614187,Autolabidas Fiskars Solid,Autolabidas Fiskars,,Prisma,,,other,dry_other,fallback,dry_preserves,dry_other,medium,proposed_group_invalid;align_group_to_sub_parent
614188,Lumesahk Fiskars SnowXpert 75cm,Lumesahk Fiskars,,Prisma,,,other,dry_other,fallback,dry_preserves,dry_other,medium,proposed_group_invalid;align_group_to_sub_parent
614189,Lumelabidas Fiskars SnowXpert 35cm,Lumelabidas Fiskars,,Prisma,,,other,dry_other,fallback,dry_preserves,dry_other,medium,proposed_group_invalid;align_group_to_sub_parent
614190,Biolagunev prügikott Biomat 30l 10tk,Biolagunev,30 l,Prisma,,,household,hh_bins_bags,high,household,hh_other,low_oos,override_with_name_rules
614191,Kikas Broiler vürtsika mee marinaadis 600g,Kikas Broiler,600 g,Prisma,,,world_spices,spices_herbs_spice_mix,high,meat_fish,meat_poultry,high,override_with_name_rules
614192,Honore Louis Cremant De Bourgogne Blanc Brut KPN kvaliteetvahuvein 750ml,Honore Louis,750 ml,Prisma,,,drinks,drinks_wine,high,drinks,drinks_wine,high,
614193,Kulta Katriina filtrikohv 450 g Öko,Kulta Katriina,450 g,Prisma,,,drinks,drinks_other,heuristic,drinks,drinks_spirits,high,override_with_name_rules
614379,"Estrella Damm Daura gluteenivaba õlu 5,4%vol 330ml",Estrella Damm,330 ml,Prisma,,,drinks,drinks_beer_cider,high,drinks,drinks_beer_cider,high,
614380,Eesti Pagar Roheline Piparkoogiglasuur 90 g,Eesti Pagar,90 g,Prisma,,,world_spices,spices_basic_salt_pepper,high,drinks,drinks_spirits,high,override_with_name_rules
614381,"Lumelabidas Alpin 49cm sinine, puitvars",Lumelabidas Alpin,,Prisma,,,other,dry_other,fallback,dry_preserves,dry_other,medium,proposed_group_invalid;align_group_to_sub_parent
614382,"Blue Dragon, teriyaki-kaste, 120 g","Blue Dragon,",120 g,Prisma,,,world_spices,spices_asian,high,drinks,drinks_spirits,high,override_with_name_rules
614383,Eesti Pagar Valge Piparkoogiglasuur 90 g,Eesti Pagar,90 g,Prisma,,,world_spices,spices_basic_salt_pepper,high,drinks,drinks_spirits,high,override_with_name_rules
614384,HIIUMAA KÖÖK Ananassiunelm 200 g,HIIUMAA KÖÖK,200 g,Prisma,,,produce,produce_tropical,high,drinks,drinks_spirits,high,override_with_name_rules
614385,Õliradiaator 7-ribi 1500 W,Õliradiaator,,Prisma,,,sauces_oils,oils_other,high,sauces_oils,oils_other,high,
614386,Niedregger jõulu martsipani assortii 206g,Niedregger,206 g,Prisma,,,other,dry_other,fallback,dry_preserves,dry_other,medium,proposed_group_invalid;align_group_to_sub_parent
614387,After Eight šokolaadi kinkekarp 199g,After Eight,199 g,Prisma,,,sweets_snacks,sweets_chocolate_bars,high,sweets_snacks,sweets_chocolate_bars,high,
614388,Rannarootsi Maasuitsusingiga Verivorstid 500G,Rannarootsi Maasuitsusingiga,500 g,Prisma,,,meat_fish,meat_sausages,high,meat_fish,meat_grill_blood_sausages,high,override_with_name_rules
614389,Eesti Pagar Kollane piparkoogiglasuur 90 g,Eesti Pagar,90 g,Prisma,,,world_spices,spices_basic_salt_pepper,high,drinks,drinks_spirits,high,override_with_name_rules
614390,Haribo Advendikalender 300g,Haribo Advendikalender,300 g,Prisma,,,other,dry_other,fallback,dry_preserves,dry_other,medium,proposed_group_invalid;align_group_to_sub_parent
614391,"Coop Lõhefilee, Kg","Coop Lõhefilee,",,Prisma,,,meat_fish,fish_fresh,high,meat_fish,fish_fresh,high,
614392,Eesti Pagar Roosa Piparkoogiglasuur 90 g,Eesti Pagar,90 g,Prisma,,,world_spices,spices_basic_salt_pepper,high,drinks,drinks_spirits,high,override_with_name_rules
614393,Basilur must tee 4 seasons Winter Tea purutee 100g,Basilur,100 g,Prisma,,,drinks,drinks_tea_coffee,high,drinks,drinks_tea_coffee,high,
614394,Kalev Maiuspala pralineekompvek 350 g,Kalev Maiuspala,350 g,Prisma,,,other,dry_other,fallback,drinks,drinks_spirits,high,proposed_group_invalid;override_with_name_rules
614395,Coop Jõhvika-Karamelli saiake 75 g,Coop Jõhvika-Karamelli,75 g,Prisma,,,bakery,bakery_buns_croissants,high,drinks,drinks_spirits,high,override_with_name_rules
614396,Kotimaista maitsestamata kanafileelõik 350 g,Kotimaista,350 g,Prisma,,,dry_preserves,dry_canned_veg,high,drinks,drinks_spirits,high,override_with_name_rules
614397,Lipsi Pirni Mahlajää 70 ml,Lipsi Pirni,70 ml,Prisma,,,drinks,drinks_juices,high,drinks,drinks_juices,high,
614398,Pagarini Piparkoogiglasuur Mustasõstra 90 g,Pagarini Piparkoogiglasuur,90 g,Prisma,,,world_spices,spices_basic_salt_pepper,high,drinks,drinks_spirits,high,override_with_name_rules
614399,"Vino Escanza Fizzy Rosé gaseeritud poolvahuvein 8,5%vol 200 ml",Vino Escanza,200 ml,Prisma,,,drinks,drinks_wine,high,drinks,drinks_wine,high,
614400,Fazer Jõulušokolaad kompvekid 295g,Fazer Jõulušokolaad,295 g,Prisma,,,sweets_snacks,sweets_chocolate_bars,high,sweets_snacks,sweets_chocolate_bars,high,
614401,Casali shokolaadibanaan XL 22g,Casali,22 g,Prisma,,,produce,produce_tropical,high,produce,produce_tropical,high,
614402,Pesugeel Omo Sensitive Color 920ml,Pesugeel Omo,920 ml,Prisma,,,household,hh_laundry,high,household,hh_laundry,high,
614403,Coop alkoholivaba glögi 1l,Coop,1 l,Prisma,,,dry_preserves,dry_cereals_muesli,high,dry_preserves,dry_cereals_muesli,high,
614404,Eesti Pagar Sinine Piparkoogiglasuur 90 g,Eesti Pagar,90 g,Prisma,,,world_spices,spices_basic_salt_pepper,high,drinks,drinks_spirits,high,override_with_name_rules
614405,"91090 kaalikas kaski-, enon kanta",91090,,Prisma,,,other,dry_other,fallback,dry_preserves,dry_other,medium,proposed_group_invalid;align_group_to_sub_parent
614406,"Coop mustikakissell suhkruvaba, 1 l",Coop,1 l,Prisma,,,produce,produce_berries,high,produce,produce_berries,high,
614407,"Mandariin Marisol I klass puitkast 2,3 kg",Mandariin Marisol,2.3 kg,Prisma,,,produce,produce_tropical,high,produce,produce_tropical,high,
614408,Klementiin Clemenules I klass 1 kg Xtra,Klementiin Clemenules,1 kg,Prisma,,,other,dry_other,fallback,dry_preserves,dry_other,medium,proposed_group_invalid;align_group_to_sub_parent
614409,"Coop mustikakissell, 1 l",Coop,1 l,Prisma,,,produce,produce_berries,high,produce,produce_berries,high,
614410,Kosmeetikakott Pixiem LED-peegliga,Kosmeetikakott Pixiem,,Prisma,,,personal_care,pcare_cosmetics,high,household,hh_other,low_oos,override_with_name_rules
614411,Rannarootsi Jäägripada Metssealihast 800G Eelküps.,Rannarootsi Jäägripada,800 g,Prisma,,,meat_fish,meat_pork,high,meat_fish,meat_pork,high,
614412,Kotimaista kartul 2kg,Kotimaista,2 kg,Prisma,,,dry_preserves,dry_canned_veg,high,dry_preserves,dry_canned_veg,high,
614413,Õliradiaator 9-ribi 2000W,Õliradiaator,,Prisma,,,sauces_oils,oils_other,high,sauces_oils,oils_other,high,
614414,Coop Kalkunirull 700g,Coop Kalkunirull,700 g,Prisma,,,meat_fish,meat_poultry,high,meat_fish,meat_poultry,high,
614415,Swiffer põrandapesu komplekti lapid 18tk,Swiffer,18 pcs,Prisma,,,other,dry_other,fallback,dry_preserves,dry_other,medium,proposed_group_invalid;align_group_to_sub_parent
614416,"Vino Escanza Fizzy Secco gaseeritud poolvahuvein 8,5%vol 200 ml",Vino Escanza,200 ml,Prisma,,,drinks,drinks_wine,high,drinks,drinks_wine,high,
614417,Föön Pixiem EVO BLDC 1800W,Föön Pixiem,,Prisma,,,other,dry_other,fallback,dry_preserves,dry_other,medium,proposed_group_invalid;align_group_to_sub_parent
614418,"Kotimaista veisesisefilee, kg",Kotimaista,,Prisma,,,dry_preserves,dry_canned_veg,high,meat_fish,meat_beef_lamb_game,high,override_with_name_rules
614419,"Sea Treasures Soolatud Lõhefilee, Viilutatud, Kg",Sea Treasures,,Prisma,,,world_spices,spices_basic_salt_pepper,high,meat_fish,fish_salted_smoked,high,override_with_name_rules
614420,HQ Brut alkoholivaba vahuvein 750ml,HQ Brut,750 ml,Prisma,,,drinks,drinks_wine,high,drinks,drinks_wine,high,
614421,Coop laimitäismahl 200ml,Coop,200 ml,Prisma,,,drinks,drinks_juices,high,drinks,drinks_juices,high,
614422,"Old El Paso gluteenivabad tortiljad 6 tk, 216 g",Old El,216 g,Prisma,,,drinks,drinks_tea_coffee,high,drinks,drinks_spirits,high,override_with_name_rules
614423,Coop fusilli maisi- ja riisipasta 340g g-v,Coop,340 g,Prisma,,,dry_preserves,dry_pasta_rice,high,drinks,drinks_spirits,high,override_with_name_rules
614424,Xtra sidrunimahl 200 ml,Xtra,200 ml,Prisma,,,drinks,drinks_juices,high,drinks,drinks_juices,high,
614425,Gustav Catering Kreeka Jogurt Mango Ja Chiaga 250 G,Gustav Catering,250 g,Prisma,,,dairy_eggs_fats,dairy_yogurt_kefir,high,drinks,drinks_spirits,high,override_with_name_rules
614426,n sokid 3-p bordoo mix 36-38,n,,Prisma,,,other,dry_other,fallback,dry_preserves,dry_other,medium,proposed_group_invalid;align_group_to_sub_parent
614427,n sokid 3-p must mix 39-41,n,,Prisma,,,other,dry_other,fallback,dry_preserves,dry_other,medium,proposed_group_invalid;align_group_to_sub_parent
614428,"Kotimaista kanafileeribad, meemarinaadis 800g",Kotimaista,800 g,Prisma,,,dry_preserves,dry_canned_veg,high,sauces_oils,sauces_marinades,high,override_with_name_rules
614429,n sokid 3-p must 36-38,n,,Prisma,,,other,dry_other,fallback,dry_preserves,dry_other,medium,proposed_group_invalid;align_group_to_sub_parent
614430,Kotimaista Veiseribad 300G,Kotimaista Veiseribad,300 g,Prisma,,,dry_preserves,dry_canned_veg,high,meat_fish,meat_beef_lamb_game,high,override_with_name_rules
614431,Brain Blasterz hapud närimiskommid 20g,Brain Blasterz,20 g,Prisma,,,sweets_snacks,sweets_candies,high,sweets_snacks,sweets_candies,high,
614432,Kinder šokolaadibatoonid 300g 24tk,Kinder,300 g,Prisma,,,sweets_snacks,sweets_chocolate_bars,high,sweets_snacks,sweets_chocolate_bars,high,
614433,Kinder Surprise XMAS 20g,Kinder Surprise,20 g,Prisma,,,other,dry_other,fallback,dry_preserves,dry_other,medium,proposed_group_invalid;align_group_to_sub_parent
614434,n sokid 3-p must mix 36-38,n,,Prisma,,,other,dry_other,fallback,dry_preserves,dry_other,medium,proposed_group_invalid;align_group_to_sub_parent
614435,Coop Fruit Chews puuviljamaitset pastillid 3x38g,Coop Fruit,3x38 g,Prisma,,,drinks,drinks_wine,high,sweets_snacks,sweets_gums_mints,high,override_with_name_rules
614436,USIN Hapukapsasalat õuna ja jõhvikatega 300 G,USIN Hapukapsasalat,300 g,Prisma,,,produce,produce_herbs_salads_sprouts,high,drinks,drinks_spirits,high,override_with_name_rules
614437,Kinder piimašokolaadiga kaetud šokolaadifiguurid piimatäidisega 122g,Kinder,122 g,Prisma,,,dairy_eggs_fats,dairy_milk,high,sweets_snacks,sweets_chocolate_bars,high,override_with_name_rules
614438,USIN Punase kapsa salat 300 g,USIN Punase,300 g,Prisma,,,produce,produce_herbs_salads_sprouts,high,drinks,drinks_spirits,high,override_with_name_rules
614439,Lindt jõulu martsipani assortii 175g,Lindt,175 g,Prisma,,,other,dry_other,fallback,dry_preserves,dry_other,medium,proposed_group_invalid;align_group_to_sub_parent
614440,ASTRI Rosolje 850g,ASTRI Rosolje,850 g,Prisma,,,other,dry_other,fallback,dry_preserves,dry_other,medium,proposed_group_invalid;align_group_to_sub_parent
614585,Hälsans Kök Taimne fileepala 420 g,Hälsans Kök,420 g,Prisma,,,other,dry_other,fallback,drinks,drinks_spirits,high,proposed_group_invalid;override_with_name_rules
614586,"Hartwall Original Long Drink Glögg muu alkohoolne jook 5,5%vol 330 ml",Hartwall Original,330 ml,Prisma,,,drinks,drinks_beer_cider,high,drinks,drinks_beer_cider,high,
614587,Vana Tallinn Cream šokolaad 104 g,Vana Tallinn,104 g,Prisma,,,sweets_snacks,sweets_chocolate_bars,high,drinks,drinks_spirits,high,override_with_name_rules
614588,Kalev Tuljak tume šokolaad täidisega 105 g,Kalev Tuljak,105 g,Prisma,,,sweets_snacks,sweets_chocolate_bars,high,drinks,drinks_spirits,high,override_with_name_rules
614589,"Pesugeel Larbre Vert Sensitive 1,53l",Pesugeel Larbre,1.53 l,Prisma,,,household,hh_laundry,high,household,hh_laundry,high,
614590,Led-meigipeegel Magic Mirror kuldne,Led-meigipeegel Magic,,Prisma,,,other,dry_other,fallback,dry_preserves,dry_other,medium,proposed_group_invalid;align_group_to_sub_parent
614591,Seentesegu 200 g,Seentesegu,200 g,Prisma,,,produce,produce_mushrooms,high,drinks,drinks_spirits,high,override_with_name_rules
614592,Muumi Advendikalender 75g,Muumi Advendikalender,75 g,Prisma,,,other,dry_other,fallback,dry_preserves,dry_other,medium,proposed_group_invalid;align_group_to_sub_parent
614593,"Mandariin Klementiin I klass 1,5 kg Hyvää Joulua",Mandariin Klementiin,1.5 kg,Prisma,,,produce,produce_tropical,high,produce,produce_tropical,high,
614594,Chef Lunden Kartuli-metsaseenesalat 200g,Chef Lunden,200 g,Prisma,,,produce,produce_herbs_salads_sprouts,high,produce,produce_herbs_salads_sprouts,high,
614595,n sokid 3-p must 39-41,n,,Prisma,,,other,dry_other,fallback,dry_preserves,dry_other,medium,proposed_group_invalid;align_group_to_sub_parent
614596,Coop vanilliga pirnimoos 85 g,Coop,85 g,Prisma,,,dry_preserves,dry_other,high,drinks,drinks_spirits,high,override_with_name_rules
614597,Canderel kakaojook 250G,Canderel,250 g,Prisma,,,other,dry_other,fallback,dry_preserves,dry_other,medium,proposed_group_invalid;align_group_to_sub_parent
614598,Kotimaista Kartul Argipäeva 1kg,Kotimaista Kartul,1 kg,Prisma,,,dry_preserves,dry_canned_veg,high,dry_preserves,dry_canned_veg,high,
614599,Tymbark kirsi-õunajook 2L,Tymbark,2 l,Prisma,,,produce,produce_apples_pears,high,produce,produce_apples_pears,high,
614600,Eesti Leivatööstus Piparkoogitainas 500 g,Eesti Leivatööstus,500 g,Prisma,,,world_spices,spices_basic_salt_pepper,high,drinks,drinks_spirits,high,override_with_name_rules
614601,Minijõulutäht,Minijõulutäht,,Prisma,,,other,dry_other,fallback,dry_preserves,dry_other,medium,proposed_group_invalid;align_group_to_sub_parent
614602,Dr.Oetker Ristorante Pepperoni-Salaami Pitsa 320 g,Dr.Oetker Ristorante,320 g,Prisma,,,other,dry_other,fallback,drinks,drinks_spirits,high,proposed_group_invalid;override_with_name_rules
614603,Galipette alkoholivaba siider 33cl,Galipette,33 cl,Prisma,,,drinks,drinks_beer_cider,high,drinks,drinks_beer_cider,high,
614604,Kodulõhnastaja Amii Dreams,Kodulõhnastaja Amii,,Prisma,,,other,dry_other,fallback,dry_preserves,dry_other,medium,proposed_group_invalid;align_group_to_sub_parent
614605,Tupla minibatoonid karbis 256g,Tupla,256 g,Prisma,,,sweets_snacks,sweets_chocolate_bars,high,sweets_snacks,sweets_chocolate_bars,high,
614606,NOCCO Skum Nisse ENERGIAJOOK 330ml,NOCCO Skum,330 ml,Prisma,,,other,dry_other,fallback,dry_preserves,dry_other,medium,proposed_group_invalid;align_group_to_sub_parent
614607,RAINBOW SMUUTI PIRNI-PLOOMI 110G 6K+,RAINBOW SMUUTI,110 g,Prisma,,,produce,produce_apples_pears,high,produce,produce_smoothies_fresh_juices,high,override_with_name_rules
614608,Coop tuunikalatükid väheses päevalilleõlis 120/105 g,Coop,105 g,Prisma,,,dry_preserves,dry_canned_meat_fish,high,drinks,drinks_spirits,high,override_with_name_rules
614609,Fazer Street Food Minitortilla 8 tk 240g,Fazer Street,240 g,Prisma,,,bakery,bakery_flatbreads_wraps,high,bakery,bakery_flatbreads_wraps,high,
614610,"Klaasipesuvedelik talvine -20°C, 5 l kanister",Klaasipesuvedelik,5 l,Prisma,,,other,dry_other,fallback,dry_preserves,dry_other,medium,proposed_group_invalid;align_group_to_sub_parent
614611,Uvic Fitlap Odrajahust Pelmeenid Kanalihast 400 g,Uvic Fitlap,400 g,Prisma,,,dry_preserves,dry_flour_sugar_baking,high,drinks,drinks_spirits,high,override_with_name_rules
614612,Kinder Mix advendikalender 351 g,Kinder Mix,351 g,Prisma,,,other,dry_other,fallback,drinks,drinks_spirits,high,proposed_group_invalid;override_with_name_rules
614613,Mandriin Marisol I klass 1 kg Talvepakend,Mandriin Marisol,1 kg,Prisma,,,other,dry_other,fallback,dry_preserves,dry_other,medium,proposed_group_invalid;align_group_to_sub_parent
614614,Oskar Kuldne Marinaad Broilerikintsuliha 600G,Oskar Kuldne,600 g,Prisma,,,sauces_oils,sauces_marinades,high,meat_fish,meat_poultry,high,override_with_name_rules
614615,Kartul punane pestud,Kartul,,Prisma,,,produce,produce_root_veg,high,produce,produce_root_veg,high,
614616,Merci Mousse assortiišokolaad vahustatud kreemja täidisega 210g,Merci Mousse,210 g,Prisma,,,sweets_snacks,sweets_chocolate_bars,high,sweets_snacks,sweets_chocolate_bars,high,
614617,Nokian Panimo Pina Colada alkoholivaba kokteil 330 ml,Nokian Panimo,330 ml,Prisma,,,drinks,drinks_soft_soda,high,drinks,drinks_soft_soda,high,
614618,Herkku itaalia ekstra väärisoliiviõli 500 ml,Herkku,500 ml,Prisma,,,sauces_oils,oils_olive,high,sauces_oils,oils_olive,high,
614619,"Pott Tefal Air 20cm/2,5l t.hall",Pott Tefal,2.5 l,Prisma,,,other,dry_other,fallback,household,hh_kitchenware,high,proposed_group_invalid;override_with_name_rules
614620,Tomat Soome I klass,Tomat Soome,,Prisma,,,produce,produce_root_veg,high,produce,produce_root_veg,high,
614621,n sokid 3-p bordoo mix 39-41,n,,Prisma,,,other,dry_other,fallback,dry_preserves,dry_other,medium,proposed_group_invalid;align_group_to_sub_parent
614622,WC Kukka Rosewater Air Freshener 150ml,WC Kukka,150 ml,Prisma,,,drinks,drinks_wine,high,household,hh_candles_airfresh,high,override_with_name_rules
614623,SOVETSKOJE IGRISTOJE SW. 12% 750 ML,SOVETSKOJE IGRISTOJE,750 ml,Prisma,,,other,dry_other,fallback,dry_preserves,dry_other,medium,proposed_group_invalid;align_group_to_sub_parent
614624,PANEERITUD BROILERIKINTSULIHA 400 G,PANEERITUD BROILERIKINTSULIHA,400 g,Prisma,,,meat_fish,meat_poultry,high,drinks,drinks_spirits,high,override_with_name_rules
614625,"Mandariin Klementiin I klass kinkekotis 1,5 kg",Mandariin Klementiin,1.5 kg,Prisma,,,produce,produce_tropical,high,produce,produce_tropical,high,
614626,PRINGLES HAPUKOORE-SIBULA KRÕPSUD 185G,PRINGLES HAPUKOORE-SIBULA,185 g,Prisma,,,dairy_eggs_fats,dairy_cream_sourcream,high,sweets_snacks,sweets_snacks_salty,high,override_with_name_rules
614627,ACTIVE FRESH COMPLETE JASMINE BOUQ.228ML,ACTIVE FRESH,228 ml,Prisma,,,other,dry_other,fallback,dry_preserves,dry_other,medium,proposed_group_invalid;align_group_to_sub_parent
614628,PREMIUM PIPARKOOGITAIGEN VÕIGA 500 G,PREMIUM PIPARKOOGITAIGEN,500 g,Prisma,,,dairy_eggs_fats,dairy_butter_margarine,high,drinks,drinks_spirits,high,override_with_name_rules
614629,AURA GLÖGG APPLE-BLACKCURRANT 1L TETRA,AURA GLÖGG,1 l,Prisma,,,produce,produce_apples_pears,high,produce,produce_apples_pears,high,
614630,Šampinjon 150g viilutatud,Šampinjon,150 g,Prisma,,,produce,produce_mushrooms,high,produce,produce_mushrooms,high,
614631,EN. DRED BULL SUMMER EDITION ENERGIAJOOK,EN. DRED,,Prisma,,,drinks,drinks_energy,high,drinks,drinks_energy,high,
614632,"KOSKENKORVA VILLAGE MOJITO 4,7%VOL 330ML",KOSKENKORVA VILLAGE,330 ml,Prisma,,,other,dry_other,fallback,dry_preserves,dry_other,medium,proposed_group_invalid;align_group_to_sub_parent
614633,"Põltsamaa Nonalcoholic Glogg 1,0l",Põltsamaa Nonalcoholic,1.0 l,Prisma,,,dry_preserves,dry_cereals_muesli,high,dry_preserves,dry_cereals_muesli,high,
614634,"VALDO Sool Ekstra 0.5 kg, karbis",VALDO Sool,0.5 kg,Prisma,,,world_spices,spices_basic_salt_pepper,high,world_spices,spices_basic_salt_pepper,high,
614635,LION BROWNIE ŠOKOLAAD 40G,LION BROWNIE,40 g,Prisma,,,sweets_snacks,sweets_chocolate_bars,high,sweets_snacks,sweets_chocolate_bars,high,
614636,COINTREAU LIKÖÖR 40%VOL 50ML,COINTREAU LIKÖÖR,50 ml,Prisma,,,other,dry_other,fallback,drinks,drinks_spirits,high,proposed_group_invalid;override_with_name_rules
614637,Coop Cherry tomatoes 400g,Coop Cherry,400 g,Prisma,,,produce,produce_root_veg,high,produce,produce_root_veg,high,
614638,Kaalikavorm 400g,Kaalikavorm,400 g,Prisma,,,other,dry_other,fallback,dry_preserves,dry_other,medium,proposed_group_invalid;align_group_to_sub_parent
614639,KIHILISED KANEELITORUKESED 100 G,KIHILISED KANEELITORUKESED,100 g,Prisma,,,world_spices,spices_herbs_spice_mix,high,drinks,drinks_spirits,high,override_with_name_rules
614640,Valežs kuivpärm 12g,Valežs,12 g,Prisma,,,dry_preserves,dry_flour_sugar_baking,high,dry_preserves,dry_flour_sugar_baking,high,
614641,PAULIG KOHV NEW YORK 500 G,PAULIG KOHV,500 g,Prisma,,,drinks,drinks_other,heuristic,drinks,drinks_spirits,high,override_with_name_rules
614642,Bataadivorm 350g,Bataadivorm,350 g,Prisma,,,other,dry_other,fallback,dry_preserves,dry_other,medium,proposed_group_invalid;align_group_to_sub_parent
614643,"RED BULL BLUE EDITION 0,250L CAN",RED BULL,0.250 l,Prisma,,,drinks,drinks_energy,high,drinks,drinks_energy,high,
614644,WINTER WONDERLAND 110G,WINTER WONDERLAND,110 g,Prisma,,,other,dry_other,fallback,dry_preserves,dry_other,medium,proposed_group_invalid;align_group_to_sub_parent
614645,Coop christmas turkey slice 300g,Coop,300 g,Prisma,,,other,dry_other,fallback,meat_fish,meat_poultry,high,proposed_group_invalid;override_with_name_rules
614758,KARTULIVORM 400 G,KARTULIVORM,400 g,Prisma,,,produce,produce_root_veg,high,drinks,drinks_spirits,high,override_with_name_rules
614759,Ice Breaker Berry Sours,Ice Breaker,,Prisma,,,other,dry_other,fallback,produce,produce_berries,high,proposed_group_invalid;override_with_name_rules
614760,LEMAITRE BALLOTIN NOIR 175G,LEMAITRE BALLOTIN,175 g,Prisma,,,other,dry_other,fallback,dry_preserves,dry_other,medium,proposed_group_invalid;align_group_to_sub_parent
614761,KARL FAZER SUKLAAJOULUKALENTERI 200 G,KARL FAZER,200 g,Prisma,,,meat_fish,meat_beef_lamb_game,high,drinks,drinks_spirits,high,override_with_name_rules
614762,PÕLDMARI 125 G,PÕLDMARI,125 g,Prisma,,,other,dry_other,fallback,drinks,drinks_spirits,high,proposed_group_invalid;override_with_name_rules
614763,KM POTATO 2KG/BAG,KM POTATO,2 kg,Prisma,,,other,dry_other,fallback,dry_preserves,dry_other,medium,proposed_group_invalid;align_group_to_sub_parent
614764,ANDERSON'S ÕLLEKALENDER 2025,ANDERSON'S ÕLLEKALENDER,,Prisma,,,other,dry_other,fallback,dry_preserves,dry_other,medium,proposed_group_invalid;align_group_to_sub_parent
614765,M&M'S&FRIENDS 361G ADVENT CALENDAR,M&M'S&FRIENDS,361 g,Prisma,,,other,dry_other,fallback,dry_preserves,dry_other,medium,proposed_group_invalid;align_group_to_sub_parent
614766,KANEELISAIAMAITSELINE KIIRPUDER 6*40G,KANEELISAIAMAITSELINE KIIRPUDER,40 g,Prisma,,,bakery,bakery_buns_croissants,high,bakery,bakery_buns_croissants,high,
614767,Kotimaista hüatsint 9cm,Kotimaista,,Prisma,,,dry_preserves,dry_canned_veg,high,dry_preserves,dry_canned_veg,high,
614768,Nintendo Switch konsool JoyCon Neon Blue/Red,Nintendo Switch,,Prisma,,,world_spices,spices_basic_salt_pepper,high,world_spices,spices_basic_salt_pepper,high,
614769,"Canned Salmon, Skin- & boneless","Canned Salmon,",,Prisma,,,other,dry_other,fallback,dry_preserves,dry_other,medium,proposed_group_invalid;align_group_to_sub_parent
614770,KULTUURMUSTIKAD KARBIS 125 G,KULTUURMUSTIKAD KARBIS,125 g,Prisma,,,produce,produce_berries,high,drinks,drinks_spirits,high,override_with_name_rules
614771,Kotimaista Püreekartul 1kg,Kotimaista Püreekartul,1 kg,Prisma,,,dry_preserves,dry_canned_veg,high,dry_preserves,dry_canned_veg,high,
614772,PANNKOOGID SIDRUNI-M00NITÄIDISEGA 200g,PANNKOOGID SIDRUNI-M00NITÄIDISEGA,200 g,Prisma,,,produce,produce_tropical,high,produce,produce_tropical,high,
614773,BELIEF GASEERITUD MANDAR.MAIT.JOOK 530ML,BELIEF GASEERITUD,530 ml,Prisma,,,other,dry_other,fallback,dry_preserves,dry_other,medium,proposed_group_invalid;align_group_to_sub_parent
614774,Carrefour Extra Rooibos Tea with Vanilla,Carrefour Extra,,Prisma,,,other,dry_other,fallback,dry_preserves,dry_other,medium,proposed_group_invalid;align_group_to_sub_parent
614775,Mandariin Klementiin 2 kg kast lehtedega,Mandariin Klementiin,2 kg,Prisma,,,produce,produce_tropical,high,produce,produce_tropical,high,
614776,PlayStation 5 console (slim),PlayStation,,Prisma,,,other,dry_other,fallback,dry_preserves,dry_other,medium,proposed_group_invalid;align_group_to_sub_parent
614777,PRAETUD PELMEENID LIHAGA 350 G,PRAETUD PELMEENID,350 g,Prisma,,,meat_fish,meat_other,heuristic,drinks,drinks_spirits,high,override_with_name_rules
614778,Dishwash Liquid Aloe Vera,Dishwash Liquid,,Prisma,,,other,dry_other,fallback,household,hh_dishwashing,high,proposed_group_invalid;override_with_name_rules
614779,SIMPLY CHOICE LILLELINE WC-SEEP 3X40G,SIMPLY CHOICE,3x40 g,Prisma,,,personal_care,pcare_soap,high,personal_care,pcare_soap,high,
614780,KONSOOL NINTENDO SWITCH LITE SININE,KONSOOL NINTENDO,,Prisma,,,world_spices,spices_basic_salt_pepper,high,world_spices,spices_basic_salt_pepper,high,
614781,HERKKU Karelian roast mashed potato 350g,HERKKU Karelian,350 g,Prisma,,,other,dry_other,fallback,dry_preserves,dry_other,medium,proposed_group_invalid;align_group_to_sub_parent
614782,Konsool PlayStation 5 Digital 825GB,Konsool PlayStation,,Prisma,,,world_spices,spices_basic_salt_pepper,high,world_spices,spices_basic_salt_pepper,high,
614783,JUHLAPÖYDÄN KONVEHTEJA 435G CHOCOLA,JUHLAPÖYDÄN KONVEHTEJA,435 g,Prisma,,,drinks,drinks_soft_soda,high,drinks,drinks_soft_soda,high,
614784,"BLOSSA 25 ALKOHOL FRI 0,5% 75cl",BLOSSA,75 cl,Prisma,,,dry_preserves,dry_cereals_muesli,high,dry_preserves,dry_cereals_muesli,high,
614785,Kartulikrõpsud PRINGLES Japanese Style S,Kartulikrõpsud PRINGLES,,Prisma,,,sweets_snacks,sweets_snacks_salty,high,sweets_snacks,sweets_snacks_salty,high,
614786,ABSOLUT DRINKS BLUEBERRY LEMONADE 275ML,ABSOLUT DRINKS,275 ml,Prisma,,,other,dry_other,fallback,produce,produce_berries,high,proposed_group_invalid;override_with_name_rules
614787,Nintendo Switch konsool OLED valge,Nintendo Switch,,Prisma,,,world_spices,spices_basic_salt_pepper,high,world_spices,spices_basic_salt_pepper,high,
614788,Majonees Taimne provansaal 300g,Majonees Taimne,300 g,Prisma,,,sauces_oils,sauces_ketchup_mayo,high,sauces_oils,sauces_ketchup_mayo,high,
614789,KINDER SCHOKOLADE 150G 12PCS CHOCOL,KINDER SCHOKOLADE,150 g,Prisma,,,other,dry_other,fallback,dry_preserves,dry_other,medium,proposed_group_invalid;align_group_to_sub_parent
614790,KOTIMAISTA KARTUL 2KG,KOTIMAISTA KARTUL,2 kg,Prisma,,,dry_preserves,dry_canned_veg,high,dry_preserves,dry_canned_veg,high,
614791,"PILTTI ÕUNAPÜREE LASTELE 125 G, ALATES 4",PILTTI ÕUNAPÜREE,125 g,Prisma,,,produce,produce_apples_pears,high,drinks,drinks_spirits,high,override_with_name_rules
614792,DR.OETKER CHRISTMAS PARTY SPRINKLES 110G,DR.OETKER CHRISTMAS,110 g,Prisma,,,other,dry_other,fallback,dry_preserves,dry_other,medium,proposed_group_invalid;align_group_to_sub_parent
614793,Kucharek kanalihapuljong 120g,Kucharek,120 g,Prisma,,,world_spices,spices_broth_stock,high,world_spices,spices_broth_stock,high,
614794,Wilton sugar decoration eyeballs 57g,Wilton,57 g,Prisma,,,other,dry_other,fallback,dry_preserves,dry_other,medium,proposed_group_invalid;align_group_to_sub_parent
614795,Kotimaista Kanahakkliha 4% 400G,Kotimaista Kanahakkliha,400 g,Prisma,,,dry_preserves,dry_canned_veg,high,meat_fish,meat_minced,high,override_with_name_rules
614796,Broilerikintsuliha tzatziki kastmes 800g,Broilerikintsuliha,800 g,Prisma,,,meat_fish,meat_poultry,high,meat_fish,meat_poultry,high,
614797,Cinnamon ground 70g,Cinnamon,70 g,Prisma,,,world_spices,spices_herbs_spice_mix,high,world_spices,spices_herbs_spice_mix,high,
614798,Rosso Baked feta-rigatone pasta 330 g,Rosso Baked,330 g,Prisma,,,dry_preserves,dry_pasta_rice,high,drinks,drinks_spirits,high,override_with_name_rules
614799,BREEZER LIME 4%VOL 275ML,BREEZER LIME,275 ml,Prisma,,,other,dry_other,fallback,dry_preserves,dry_other,medium,proposed_group_invalid;align_group_to_sub_parent
614800,"PIPARKOOK 12TK (PINGVIIN, ÖÖKULL, REBAN",PIPARKOOK,12 pcs,Prisma,,,drinks,drinks_spirits,high,drinks,drinks_spirits,high,
614801,TULIPUNANE TALLEKE 750ML,TULIPUNANE TALLEKE,750 ml,Prisma,,,other,dry_other,fallback,dry_preserves,dry_other,medium,proposed_group_invalid;align_group_to_sub_parent
614802,Verivorst Pöialpoiss e-vaba 500g,Verivorst Pöialpoiss,500 g,Prisma,,,meat_fish,meat_sausages,high,meat_fish,meat_grill_blood_sausages,high,override_with_name_rules
614803,ABSOLUT DRINKS RASPBERRY LEMONADE 275ML,ABSOLUT DRINKS,275 ml,Prisma,,,other,dry_other,fallback,produce,produce_berries,high,proposed_group_invalid;override_with_name_rules
614804,JUURETISEGA LEIVA KÜPSETAMISE KOMPLEKT -,JUURETISEGA LEIVA,,Prisma,,,other,dry_other,fallback,dry_preserves,dry_flour_sugar_baking,high,proposed_group_invalid;override_with_name_rules
614805,SHEPPY'S ORGANIC SIIDER 6%VOL 500ML,SHEPPY'S ORGANIC,500 ml,Prisma,,,drinks,drinks_beer_cider,high,drinks,drinks_beer_cider,high,
614806,Majonees Kuldne provansaal 300g,Majonees Kuldne,300 g,Prisma,,,sauces_oils,sauces_ketchup_mayo,high,sauces_oils,sauces_ketchup_mayo,high,
