left_chain,left_ext_id,left_name,left_brand,left_size_text,right_chain,right_ext_id,right_name,right_brand,right_size_text,match_reason,match_score
Barbora,https-barbora-ee-toode-poolsuitsuvorst-kalevi-rannarootsi-330-g,"Poolsuitsuvorst Kalevi RANNAROOTSI,330g",RANNAROOTSI,,Selver,4.7403E+12,"Kalevi poolsuitsuvorst, RANNAROOTSI, 330 g",RANNAROOTSI LIHATÃ–Ã–STUS AS,,medium,0.75
Barbora,https-barbora-ee-toode-kamajook-farmi-mustika-vaarika-750-g,"Kamajook FARMI mustika-vaarika, 750g",FARMI,,Selver,125699,"Kamajook mustika-vaarika, FARMI, 750 g",,,medium,0.8
Barbora,https-barbora-ee-toode-kohvioad-lavazza-crema-e-aroma-1-kg,"Kohvioad LAVAZZA Crema e Aroma,1kg",LAVAZZA,,Selver,8.00007E+12,Lavazza kohvioad Crema E Aroma 1 kg,Lavazza,1 kg,medium,0.8333
Barbora,https-barbora-ee-toode-majonees-lemmik-provansaal-210-g,"Majonees LEMMIK Provansaal, 210g",LEMMIK,,Selver,4.7405E+12,"Lemmik Majonees Provansaal, 210 g",Lemmik Majonees,210 g,medium,0.75
Barbora,https-barbora-ee-toode-tallinna-peenleib-leibur-490-g,Tallinna peenleib LEIBUR 490g,LEIBUR,,Selver,4.74007E+12,Leibur Tallinna Peenleib 490 G,Leibur Tallinna,490 G,medium,0.75
Barbora,https-barbora-ee-toode-lapi-leib-street-food-fazer-140-g,Lapi leib Street Food FAZER 140g,FAZER,,Selver,4.75021E+12,"Lapi leib Street Food, FAZER, 140 g",FAZER EESTI OÃœ,,medium,0.8333
Barbora,https-barbora-ee-toode-vurtsikilufileed-viru-rand-100-g,"VÃ¼rtsikilufileed VIRU RAND, 100g",VIRU RAND,,Selver,4.74004E+12,"VÃ¼rtsikilufileed, VIRU RAND, 100 g",VIRU RAND OÃœ,,medium,0.75
Barbora,https-barbora-ee-toode-pozarski-kotlet-tallegg-350-g,"PoÅ¾arski kotlet TALLEGG, 350g",TALLEGG,,Selver,4.74005E+12,"PoÅ¾arski kotlet, TALLEGG, 350 g",TALLEGG Pozarski,350 g,medium,0.75
Barbora,https-barbora-ee-toode-premium-majonees-felix-445-g,Premium majonees FELIX 445g,FELIX,,Selver,4.74003E+12,"Premium Majonees, FELIX, 445 g",ORKLA EESTI AS,,medium,0.75
Barbora,000000000000014338,Lahustuv kohv KrÃ¶nung JACOBS 100g,JACOBS,,Selver,8.711E+12,"Lahustuv kohv KrÃ¶nung, JACOBS, 100 g",SELVER AS,,medium,0.8
Barbora,https-barbora-ee-toode-voi-alma-82-proc-laktoosivaba-200-g,"VÃµi ALMA 82% laktoosivaba, 200g",ALMA,,Selver,4.74055E+12,Alma vÃµi 82% 200g,Alma,200 g,medium,0.75
Barbora,https-barbora-ee-toode-sepik-seemnetega-fazer-250-g,Sepik seemnetega FAZER 250g,FAZER,,Selver,4.7401E+12,Fazer Seemnetega Sepik 250 G,Fazer Seemnetega,250 G,medium,0.75
Barbora,https-barbora-ee-toode-skyr-farmi-kirssidega-150-g,"Skyr FARMI kirssidega, 150g",SKYR,,Selver,4.74011E+12,"Farmi Kirssidega skyr, 150 g",Farmi Kirssidega,150 g,medium,0.75
Barbora,https-barbora-ee-toode-kuldne-klassikaline-rostsai-leibur-500-g,Kuldne klassikaline rÃ¶stsai LEIBUR 500g,LEIBUR,,Selver,4.74007E+12,Leibur RÃ¶stsai Kuldne Klassikaline 500 G,Leibur RÃ¶stsai,,medium,0.8
Barbora,https-barbora-ee-toode-sinihallitusjuust-bergader-gourmet-100-g,"Sinihallitusjuust BERGADER Gourmet,100g",,,Selver,4.0064E+12,"Gourmet sinihallitusjuust, BERGADER, 100 g",ESTOVER OÃœ,,medium,0.75
Barbora,000000000000139477,Viin LAUA  40% 1L,LAUA VIIN,,Selver,4.74005E+12,Laua viin 40%vol 1L,Laua,,medium,0.75
Barbora,https-barbora-ee-toode-majonees-salvest-kerge-430-g,"Majonees SALVEST Kerge, 430g",SALVEST,,Selver,4.74007E+12,"Salvest Kerge majonees, 430 g",Salvest Kerge,430 g,medium,0.75
Barbora,https-barbora-ee-toode-suflee-lohefileest-avektra-220-g,Suflee lÃµhefileest AVEKTRA 220g,AVEKTRA,,Selver,4.74069E+12,"Suflee lÃµhefileest, AVEKTRA, 220 g",AVEKTRA OÃœ,,medium,0.75
Barbora,https-barbora-ee-toode-maasika-banaani-smuuti-pai-280-ml,"Maasika-banaani smuuti PAI, 280ml",PAI,,Selver,4.74003E+12,"Maasika-banaani smuuti, PAI, 280 ml",Pai,,medium,0.8
Barbora,https-barbora-ee-toode-majonees-tarplan-provansaal-50-proc-450-g,"Majonees TARPLAN Provansaal 50%, 450g",TARPLAN,,Selver,4.74016E+12,"Majonees Provansaal 50%, TARPLAN, 450 g",TARPLANI KAUBANDUSE OÃœ,,medium,0.75
Barbora,https-barbora-ee-toode-rumm-caribba-negro-37-5-proc-1-l,"Rumm CARIBBA Negro 37,5% 1l",CARIBBA,,Selver,4.74005E+12,"Caribba Negro rumm 37,5%vol 1l",Caribba Negro,,medium,0.8
Barbora,https-barbora-ee-toode-panna-cotta-apelsini-nopri-150-g,Panna Cotta Apelsini NOPRI 150g,NOPRI,,Selver,4.74022E+12,"Panna Cotta apelsini, NOPRI, 150 g",NOPRI TALUMEIEREI OÃœ,,medium,0.8
Barbora,https-barbora-ee-toode-veiseliha-omas-mahlas-rannarootsi-240-g,"Veiseliha omas mahlas RANNAROOTSI, 240g",RANNAROOTSI,,Selver,4.7403E+12,"Veiseliha omas mahlas, RANNAROOTSI, 240 g",Rannarootsi,,medium,0.8
Barbora,https-barbora-ee-toode-kohvioad-barista-crema-jacobs-1-kg,Kohvioad Barista Crema JACOBS 1kg,JACOBS,,Selver,8.711E+12,"Kohvioad Barista Crema, JACOBS, 1 kg",SELVER AS,,medium,0.8
Barbora,https-barbora-ee-toode-alkoholivaba-olu-clausthaler-lemon-500-ml,Alkoholivaba Ãµlu CLAUSTHALER Lemon 500ml,CLAUSTHALER,,Selver,https://www.selver.ee/alkoholivaba-olu-lemon-clausthaler-330-ml,"Alkoholivaba Ãµlu Lemon, CLAUSTHALER, 330 ml",AVALLONE AS,,medium,0.8
Barbora,https-barbora-ee-toode-kohvioad-mountain-grown-lavazza-1-kg,Kohvioad Mountain Grown LAVAZZA 1kg,LAVAZZA,,Selver,8.00007E+12,"Kohvioad Qualita Oro Mountain Grown, LAVAZZA, 1kg",SELVER AS,,medium,0.7143
Barbora,https-barbora-ee-toode-juust-cheddar-atleet-250-g,"Juust Cheddar ATLEET, 250g",VALIO ATLEET,,Selver,4.74055E+12,"Atleet Cheddar juust, 250 g",Atleet Cheddar,250 g,medium,0.75
Barbora,https-barbora-ee-toode-panna-cotta-nopri-fitlap-kohvi-150-g,"Panna Cotta NOPRI Fitlap kohvi, 150g",NOPRI,,Selver,4.74022E+12,Panna Cotta Kohvi 150g FITLAP,Panna Cotta,,medium,0.8333
Barbora,https-barbora-ee-toode-mustika-grill-ribi-rakvere-kg,"Mustika grill-ribi RAKVERE,kg",RAKVERE,,Selver,2.36036E+12,"Mustika grill-ribi, RAKVERE LK, kg",Mustika,,medium,0.8
Barbora,https-barbora-ee-toode-taissuitsuvorst-pepperoni-oskar-210-g,"TÃ¤issuitsuvorst Pepperoni OSKAR, 210g",OSKAR,,Selver,4.74057E+12,"Pepperoni tÃ¤issuitsuvorst, OSKAR, 210 g",OSKAR LT AS,,medium,0.75
Barbora,https-barbora-ee-toode-suitsutatud-seakeel-noo-200-g,"Suitsutatud seakeel NÃ•O, 200g",NÃ•O,,Selver,4.74057E+12,"Suitsutatud seakeel, NÃ•O, 200 g",NÃ•O LIHATÃ–Ã–STUS OÃœ,,medium,0.75
Barbora,https-barbora-ee-toode-gaseeritud-vesi-saaremaa-1-5-l,"Gaseeritud vesi SAAREMAA 1,5L",SAAREMAA VESI,,Selver,4.74112E+12,"SAAREMAA VESI NÃ•RGALT GASEERITUD 1,5L",SAAREMAA VESI,1.5 L,medium,0.8
Barbora,https-barbora-ee-toode-salatikrevett-soolvees-kaluri-280-g,"Salatikrevett soolvees KALURI, 280g",KALURI,,Selver,4.74059E+12,"Salatikrevett soolvees, KALURI, 280 g",LÃ„Ã„TSA KALATÃ–Ã–STUS AS,,medium,0.75
Barbora,https-barbora-ee-toode-energiajook-battery-400-ml,Energiajook BATTERY 400ml,BATTERY,,Selver,6.4156E+12,Battery original energiajook 400ml,Battery,400 ml,medium,0.75
Barbora,https-barbora-ee-toode-sealiha-omas-mahlas-rannarootsi-240-g,"Sealiha omas mahlas RANNAROOTSI, 240g",RANNAROOTSI,,Selver,4.7403E+12,"Sealiha omas mahlas, RANNAROOTSI, 240 g",RANNAROOTSI LIHATÃ–Ã–STUS AS,,medium,0.8
Barbora,https-barbora-ee-toode-maksapasteet-delikatess-noo-200-g,"Maksapasteet Delikatess NÃ•O, 200g",NÃ•O,,Selver,4.74057E+12,"Delikatess maksapasteet, NÃ•O, 200 g",Delikatess,,medium,0.75
Barbora,https-barbora-ee-toode-gin-kingsmill-38-proc-500-ml,Gin KINGSMILL 38% 500ml,KINGSMILL,,Selver,4.74005E+12,Kingsmill Gin 38%vol 500ml,Kingsmill Gin,,medium,0.75
Barbora,https-barbora-ee-toode-toorjuust-philadelphia-original-200-g,"Toorjuust Classic PHILADELPHIA , 200g",PHILADELPHIA,,Selver,7.62221E+12,"Toorjuust Classic, PHILADELPHIA, 200 g",ESTOVER OÃœ,,medium,0.75
Barbora,https-barbora-ee-toode-tuunikala-soolvees-rio-mare-160-g,"Tuunikala soolvees RIO MARE,160g",RIO MARE,,Selver,https://www.selver.ee/tuunikala-soolvees-rio-mare-160-g,"Tuunikala soolvees, RIO MARE, 160 g",INTERALTUS OÃœ,,medium,0.8
Barbora,https-barbora-ee-toode-keeduvorst-laste-rakvere-300-g,"Keeduvorst Laste RAKVERE, 300g",RAKVERE,,Selver,2.70033E+12,"Keeduvorst Laste, RAKVERE, kg",,,medium,0.75
Barbora,https-barbora-ee-toode-taissuitsuvorst-wabariigi-noo-250-g,"TÃ¤issuitsuvorst Wabariigi NÃ•O, 250g",NÃ•O,,Selver,4.74057E+12,"TÃ¤issuitsuvorst Wabariigi, NÃ•O, 250 g",NÃ•O LIHATÃ–Ã–STUS OÃœ,,medium,0.75
Barbora,https-barbora-ee-toode-joogijogurt-tere-metsmaasika-900-g,"Joogijogurt TERE metsmaasika, 900g",TERE,,Selver,4.74004E+12,"Joogijogurt metsmaasika, TERE, 900 g",Tere,900 g,medium,0.75
Barbora,https-barbora-ee-toode-heeringafilee-kergsoola-vici-220-g,"Heeringafilee kergsoola VICI,220g",VICI,,Selver,4.77019E+12,"Heeringafilee kergsoola, VICI, 220 g",VICIUNAI BALTIC OÃœ,,medium,0.75
Barbora,https-barbora-ee-toode-juust-taispiimast-eesti-viilutatud-180-g,"Juust tÃ¤ispiimast EESTI viilutatud, 180g",ESTOVER,,Selver,4.74057E+12,"Eesti juust tÃ¤ispiimast, viilutatud, 180 g",Eesti,,medium,0.8
Barbora,https-barbora-ee-toode-kaerajook-deary-barista-1-l,"Kaerajook DEARY Barista, 1l",DEARY,,Selver,4.74004E+12,Tere Deary barista kaerajook 1L,Tere Deary,1 L,medium,0.8
Barbora,https-barbora-ee-toode-marineeritud-skumbria-m-v-wool-250-g,"Marineeritud skumbria M.V.Wool, 250g",M.V.WOOL,,Selver,4.74019E+12,"Marineeritud skumbria, M.V.WOOL, 250 g","Skumbria,",250 g,medium,0.8333
Barbora,https-barbora-ee-toode-salaami-traditsiooniline-matsimoka-150-g,"Salaami traditsiooniline MATSIMOKA,150g",MATSIMOKA,,Selver,4.74474E+12,"Traditsiooniline salaami, MATSIMOKA, 150 g",Traditsiooniline,,medium,0.75
Barbora,000000000000044985,"KÃ¼lmutatud kalapulgad SILVER, ESVA 250g",ESVA,,Selver,4.74006E+12,"Esva Silver kalapulgad, 250g",Esva Silver,250 g,medium,0.8
Barbora,https-barbora-ee-toode-toorjuust-farmi-murulauguga-29-4-proc-150-g,"Toorjuust FARMI murulauguga 29.4%,150g",FARMI,,Selver,4.74012E+12,"Toorjuust murulauguga, FARMI, 150 g",FARMI PIIMATÃ–Ã–STUS AS,,medium,0.75
Barbora,https-barbora-ee-toode-kohupiimakreem-alma-mustika-300-g,"Kohupiimakreem ALMA mustika, 300g",ALMA,,Selver,4.74013E+12,"Kohupiimakreem mustika, ALMA, 300 g",Mustika,300 g,medium,0.75
Barbora,https-barbora-ee-toode-taissuitsuvorst-mundi-oskar-210-g,"TÃ¤issuitsuvorst MÃ¼ndi OSKAR, 210g",OSKAR,,Selver,4.74057E+12,"TÃ¤issuitsuvorst MÃ¼ndi, OSKAR, 210 g",OSKAR LT AS,,medium,0.75
Barbora,https-barbora-ee-toode-biskviit-eesti-pagar-400-g,"Biskviit EESTI PAGAR, 400g",EESTI PAGAR,,Selver,30559,"Biskviit, EESTI PAGAR, 400 g",Eesti Pagar,400 G,medium,0.75
Barbora,000000000000014334,Lahustuv kohv Cronat Gold  JACOBS 200g,JACOBS,,Selver,8.711E+12,"Lahustuv kohv Cronat Gold, JACOBS, 200 g",SELVER AS,,medium,0.8333
Barbora,https-barbora-ee-toode-juust-atleet-originaal-viilutatud-500-g,"Juust ATLEET Originaal viilutatud, 500g",VALIO ATLEET,,Selver,4.74055E+12,"Juust Atleet Originaal, viilutatud, 500 g",Juust Atleet,500 g,medium,0.8
Barbora,https-barbora-ee-toode-kreeka-jogurt-saare-10-proc-380-g,"Kreeka jogurt SAARE 10%, 380g",SAARE,,Selver,4.74223E+12,"Kreeka jogurt 10%, SAARE, 380 g",Saare Kreeka,380 g,medium,0.75
Barbora,https-barbora-ee-toode-laste-toorvorstikesed-maks-moorits-400-g,"Laste toorvorstikesed MAKS&MOORITS,400g",MAKS & MOORITS,,Selver,4.74017E+12,"Laste toorvorstikesed, MAKS&MOORITS, 400 g",Laste,400 g,medium,0.8
Barbora,https-barbora-ee-toode-suur-perenaise-sai-eesti-pagar-500-g,"Suur Perenaise sai EESTI PAGAR, 500g",EESTI PAGAR,,Selver,4.74009E+12,Eesti Pagar Suur Perenaise Sai 500 G,Eesti Pagar,500 G,medium,0.8333
Barbora,https-barbora-ee-toode-hele-olu-a-le-coq-special-5-2-proc-500-ml,"Hele Ãµlu A.Le Coq Special 5,2% 500ml",A. LE COQ,,Selver,4.7401E+12,"Hele Ãµlu Special, A. LE COQ, 500 ml pudel",A. LE COQ AS,,medium,0.7143
Barbora,https-barbora-ee-toode-majonees-taimne-hellmann-s-vegan-340-ml,Majonees taimne HELLMANN'S vegan 340ml,HELLMANN'S,,Selver,8.7212E+12,"Vegan taimne majonees klaaspurgis, HELLMANN'S, 330 g",UNILEVER EESTI AS,,medium,0.7143
Barbora,https-barbora-ee-toode-cognac-hennessy-vs-40-proc-200-ml,Cognac HENNESSY VS 40% 200ml,HENNESSY,,Selver,3.24599E+12,Hennessy VS Cognac 40%vol 200ml,Hennessy VS,,medium,0.8
Barbora,000000000001095912,"KoorejÃ¤Ã¤tis laktoosivaba BALBIINO, 480g",BALBIINO,,Selver,4.74019E+12,"Laktoosivaba koorejÃ¤Ã¤tis, BALBIINO, 480 g",BALBIINO AS,,medium,0.75
Barbora,https-barbora-ee-toode-kuldne-klassikaline-rostsai-leibur-250-g,"Kuldne klassikaline rÃ¶stsai LEIBUR, 250g",LEIBUR,,Selver,50477,"Kuldne klassikaline rÃ¶stsai, LEIBUR, 250 g",Leibur RÃ¶stsai,,medium,0.8
Barbora,000000000001080144,"KoorejÃ¤Ã¤tis PREMIA mango&meloni, 480g",PREMIA,,Selver,4.74009E+12,"Mango-meloni koorejÃ¤Ã¤tis, PREMIA, 480 g",PREMIA TALLINNA KÃœLMHOONE AS,,medium,0.8
Barbora,https-barbora-ee-toode-kpn-vein-gran-mirador-red-blend-750-ml,KPN vein GRAN MIRADOR Red Blend 750ml,GRAN MIRADOR,,Selver,4.74016E+12,"Gran Mirador Red Blend vein 12,5%vol 750ml",Gran Mirador,750 ml,medium,0.75
Barbora,https-barbora-ee-toode-riivsai-tartu-mill-400-g,Riivsai TARTU MILL 400g,TARTU MILL,,Selver,4.74049E+12,Tartu mill riivsai 400 g,Tartu,,medium,0.75
Barbora,https-barbora-ee-toode-kodusai-rost-fazer-500-g,"Kodusai RÃ–ST FAZER, 500g",FAZER,,Selver,4.7401E+12,Fazer Kodusai RÃ¶st 500 G,Fazer Kodusai,500 G,medium,0.75
Barbora,000000000000139473,Viin VIRU VALGE 40% 500ml,VIRU VALGE,,Selver,4.74005E+12,Viru Valge viin 40%vol 500ml,Viru Valge,,medium,0.8
Barbora,https-barbora-ee-toode-kgt-vein-charlize-pinot-grigio-750-ml,KGT vein CHARLIZE Pinot Grigio 750ml,CASA CHARLIZE,,Selver,4.74016E+12,Casa Charlize Floreale Pinot Grigio KGT vein 750ml,Casa Charlize,750 ml,medium,0.75
Barbora,https-barbora-ee-toode-skyr-farmi-mustikatega-150-g,"Skyr FARMI mustikatega, 150g",SKYR,,Selver,4.74011E+12,"Skyr mustikatega, FARMI, 150 g",FARMI PIIMATÃ–Ã–STUS AS,,medium,0.75
Barbora,https-barbora-ee-toode-majonees-lemmik-provansaal-700-g,"Majonees LEMMIK Provansaal, 700g",LEMMIK,,Selver,4.7405E+12,"Lemmik Majonees Provansaal, 700 g",Lemmik Majonees,700 g,medium,0.75
Barbora,https-barbora-ee-toode-klassikaline-pesto-filippo-berio-190-g,Klassikaline pesto FILIPPO BERIO 190g,FILIPPO BERIO,,Selver,8.00221E+12,Filippo Berio klassikaline pesto 190 g,Filippo Berio,190 g,medium,0.8
Barbora,https-barbora-ee-toode-lahustuv-kohv-gold-merrild-200-g,Lahustuv kohv Gold MERRILD 200g,MERRILD,,Selver,8.00007E+12,"Lahustuv kohv Gold, MERRILD, 200 g",SELVER AS,,medium,0.8
Barbora,https-barbora-ee-toode-kohupiimakreem-alma-metsmaasika-300-g,"Kohupiimakreem ALMA metsmaasika, 300g",ALMA,,Selver,4.74013E+12,"Kohupiimakreem metsmaasika, ALMA, 150 g",VALIO EESTI AS,,medium,0.75
Barbora,https-barbora-ee-toode-roheline-purutee-twinings-gunpowder-100-g,"Roheline purutee TWININGS Gunpowder,100g",TWININGS,,Selver,0070177029784,"Roheline purutee Gunpowder, TWININGS, 100 g",,,medium,0.8
Barbora,https-barbora-ee-toode-kohvioad-brazil-lofbergs-1-kg,Kohvioad Brazil LÃ–FBERGS 1kg,LÃ–FBERGS,,Selver,7.31005E+12,"Kohvioad Brazil, LÃ–FBERGS, 1 kg",SELVER AS,,medium,0.75
Barbora,https-barbora-ee-toode-taislihaviiner-suitsutatud-noo-310-g,"TÃ¤islihaviiner suitsutatud NÃ•O,310g",NÃ•O,,Selver,4.74057E+12,"Suitsutatud tÃ¤islihaviiner, NÃ•O, 310 g",NÃ•O LIHATÃ–Ã–STUS OÃœ,,medium,0.75
Barbora,https-barbora-ee-toode-keedusalaami-vasalli-noo-105-viil,"Keedusalaami Vasalli NÃ•O, 105 viil",NÃ•O,,Selver,4.74057E+12,"Keedusalaami Vasalli, NÃ•O, 105 g",NÃ•O LIHATÃ–Ã–STUS OÃœ,,medium,0.75
Barbora,https-barbora-ee-toode-leib-peremehe-eesti-pagar-600-g,Leib Peremehe EESTI PAGAR 600g,EESTI PAGAR,,Selver,4.74009E+12,Eesti Pagar Peremehe Leib 600 G,Eesti Pagar,600 G,medium,0.8
Barbora,https-barbora-ee-toode-puding-alma-karamelli-230-g,"Puding ALMA karamelli, 230g",ALMA,,Selver,4.74013E+12,"Puding Alma karamelli, ALMA, 230 g",VALIO EESTI AS,,medium,0.75
Barbora,https-barbora-ee-toode-taissuitsuvorst-hirve-rannarootsi-240-g,"TÃ¤issuitsuvorst Hirve RANNAROOTSI,240g",RANNAROOTSI,,Selver,https://www.selver.ee/hirve-taissuitsuvorst-rannarootsi-240-g,"Hirve tÃ¤issuitsuvorst, RANNAROOTSI, 240 g",RANNAROOTSI LIHATÃ–Ã–STUS AS,,medium,0.75
Barbora,https-barbora-ee-toode-vahukoor-tere-35-proc-laktoosivaba-400-ml,"Vahukoor TERE 35% laktoosivaba, 400ml",TERE,,Selver,4.74004E+12,"Vahukoor 35% laktoosivaba, TERE, 400 ml",Tere,,medium,0.75
Barbora,https-barbora-ee-toode-karastusjook-fanta-apelsini-500-ml,Karastusjook FANTA apelsini 500ml,FANTA,,Selver,54491625,"Karastusjook Fanta apelsini, FANTA, 500 ml",COCA-COLA HBC EESTI AS,,medium,0.75
Barbora,000000000000014334,Lahustuv kohv Cronat Gold JACOBS 200g,JACOBS,,Selver,8.711E+12,"Lahustuv kohv Cronat Gold, JACOBS, 200 g",SELVER AS,,medium,0.8333
Barbora,https-barbora-ee-toode-koorejogurt-muah-troopiline-alma-180-g,Koorejogurt Muah troopiline ALMA 180g,ALMA,,Selver,4.74013E+12,"Koorejogurt muah troopiline, ALMA, 180 g",VALIO EESTI AS,,medium,0.8
Barbora,https-barbora-ee-toode-juust-taispiimast-eesti-viilutatud-450-g,"Juust tÃ¤ispiimast EESTI viilutatud, 450g",ESTOVER,,Selver,4.74057E+12,"Eesti juust tÃ¤ispiimast, viilutatud, 450 g",Eesti,,medium,0.8
Barbora,https-barbora-ee-toode-nakileivad-finn-crisp-traditional-200-g,NÃ¤kileivad FINN CRISP Traditional 200g,FINN CRISP,,Selver,6.4105E+12,Finn Crisp Traditional nÃ¤kileivad 200 g,Finn Crisp,,medium,0.8
Barbora,000000000000140153,Rumm BACARDI Carta Blanca 37.5% 1L,BACARDI,,Selver,5.01068E+12,"Bacardi Carta Blanca rumm 37,5%vol 1L",Bacardi Carta,,medium,0.8333
Barbora,https-barbora-ee-toode-toorvorstid-laste-rannarootsi-400-g,"Toorvorstid Laste RANNAROOTSI, 400g",RANNAROOTSI,,Selver,4.7403E+12,"Toorvorstid laste, RANNAROOTSI, 400 g",Laste,400 g,medium,0.75
Barbora,https-barbora-ee-toode-koorejogurt-alma-muah-creme-brulee-380-g,"Koorejogurt ALMA Muah creme brulee,380g",ALMA,,Selver,4.74013E+12,"Alma Muah! creme-brulee koorejogurt, 380 g",Alma Muah!,380 g,medium,0.8333
Barbora,https-barbora-ee-toode-keefirirost-kaltsiumiga-fazer-450-g,KeefirirÃ¶st kaltsiumiga FAZER 450g,FAZER,,Selver,4.7401E+12,Fazer KeefirirÃ¶st Kaltsiumiga 450 G,Fazer KeefirirÃ¶st,450 G,medium,0.75
Barbora,https-barbora-ee-toode-sulatatud-juust-merevaik-premium-170-g,"Sulatatud juust MEREVAIK Premium, 170g",MEREVAIK,,Selver,4.74004E+12,Merevaik Premium sulatatud juust 170 g,Merevaik Premium,170 g,medium,0.8
Barbora,https-barbora-ee-toode-hele-olu-pilsner-a-le-coq-4-2-proc-500-ml,"Hele Ãµlu PILSNER A.Le Coq 4,2% 500ml",A. LE COQ,,Selver,4.7401E+12,"A. Le Coq Pilsner Ãµlu 4,2%vol 500ml",A. Le,500 ml,medium,0.7143
Barbora,https-barbora-ee-toode-aloe-vera-jook-aleo-premium-1-5-l,Aloe vera jook ALEO Premium 1.5L,ALEO,,Selver,https://www.selver.ee/aloe-vera-jook-premium-aleo-1-5-l,"Aloe Vera jook Premium, ALEO, 1,5 L",PROPOSITO OÃœ,,medium,0.8333
Barbora,https-barbora-ee-toode-kana-juustupihvid-tallegg-320-g,"Kana-juustupihvid TALLEGG, 320g",TALLEGG,,Selver,4.74005E+12,"Kana-juustupihvid, TALLEGG, 320 g",TALLEGG Kana-juustupihvid,320 g,medium,0.75
Barbora,https-barbora-ee-toode-kodujuust-tere-klassikaline-4-proc-300-g,Kodujuust TERE klassikaline 4% 300g,TERE,,Selver,4.74007E+12,"Tere Klassikaline kodujuust 4%, 300 g",Tere Klassikaline,300 g,medium,0.75
Barbora,https-barbora-ee-toode-fitlap-toorvorstid-kanalihaga-noo-400-g,"Fitlap toorvorstid kanalihaga NÃ•O, 400g",NÃ•O,,Selver,4.74057E+12,"Toorvorstid kanalihaga Fitlap, NÃ•O, 400 g",NÃ•O LIHATÃ–Ã–STUS OÃœ,,medium,0.8
Barbora,https-barbora-ee-toode-majonees-tarplan-provansaal-380-g,"Majonees TARPLAN Provansaal, 380g",TARPLAN,,Selver,4.74016E+12,Majonees Provansaal 380g,Majonees Provansaal,380 g,medium,0.75
Barbora,https-barbora-ee-toode-sepik-onne-eesti-pagar-300-g,Sepik Ã•nne EESTI PAGAR 300g,EESTI PAGAR,,Selver,4.74009E+12,Eesti Pagar Ã•nne Sepik 300 G,Eesti Pagar,,medium,0.8
Barbora,https-barbora-ee-toode-juubelisai-eesti-pagar-350-g,Juubelisai EESTI PAGAR 350g,Eesti Pagar,,Selver,4.74009E+12,"Juubelisai, EESTI PAGAR, 350 g",EESTI PAGAR AS,,medium,0.75
Barbora,https-barbora-ee-toode-margariin-delma-extra-39-proc-450-g,"Margariin DELMA Extra 39%, 450g",DELMA,,Selver,8.7192E+12,"Margariin Extra 39%, DELMA, 450 g",Delma,450 g,medium,0.75
Barbora,https-barbora-ee-toode-must-leib-fazer-600-g,Must leib FAZER 600g,FAZER,,Selver,4.7401E+12,Fazer Must Leib 600 G,Fazer Must,600 G,medium,0.75
Barbora,https-barbora-ee-toode-juust-vene-estover-viilutatud-150-g,"Juust Vene ESTOVER viilutatud, 150g",ESTOVER,,Selver,4.74057E+12,"Estover Vene juust, viilutatud, 150 g",Estover Vene,150 g,medium,0.8
Barbora,https-barbora-ee-toode-gin-hendrick-s-gin-41-4-proc-700-ml,Gin HENDRICK`S Gin 41.4% 700ml,HENDRICK`S,,Selver,5.01033E+12,"Hendrick's Gin 41,4%vol 700ml",Hendrick's Gin,,medium,0.8
Barbora,https-barbora-ee-toode-juustudipp-merevaik-cheddari-200-g,"Juustudipp MEREVAIK Cheddari, 200g",MEREVAIK,,Selver,125639,"Juustudipp Cheddari, MEREVAIK, 200 g",,,medium,0.75
Barbora,https-barbora-ee-toode-heeringafilee-rasvane-vici-240-g,"Heeringafilee rasvane VICI, 240g",VICI,,Selver,4.77019E+12,"Heeringafilee rasvane, VICI, 240 g","Heeringafilee,",240 g,medium,0.75
Barbora,https-barbora-ee-toode-mahe-kaerajook-oatly-1-l,"Mahe kaerajook OATLY, 1l",OATLY,,Selver,https://www.selver.ee/mahe-kaerajook-laktoosivaba-oatly-1-l,"Oatly mahe kaerajook, 1 l",Oatly,,medium,0.75
Barbora,https-barbora-ee-toode-kohuke-alma-vanilli-40-g,"Kohuke ALMA vanilli, 40g",ALMA,,Selver,4.74013E+12,Alma kohuke vanilli kakaoglasuuris 40g,Alma,40 g,medium,0.8
Barbora,https-barbora-ee-toode-kohvioad-lofbergs-crema-1-kg,Kohvioad LÃ–FBERGS Crema 1kg,LÃ–FBERGS,,Selver,7.31005E+12,"Kohvioad Crema, LÃ–FBERGS, 1 kg",SELVER AS,,medium,0.75
Barbora,000000000000139471,Viin LAUA 40% 500ml,LAUA VIIN,,Selver,4.74005E+12,Laua viin 40%vol 500ml,Laua,500 ml,medium,0.75
Barbora,https-barbora-ee-toode-taistera-kaerarost-rost-leibur-550-g,"TÃ¤istera kaerarÃ¶st RÃ¶st LEIBUR, 550g",LEIBUR,,Selver,4.74007E+12,"RÃ–ST TÃ¤istera kaerarÃ¶st, LEIBUR, 550 g",LEIBUR AS,,medium,0.8
Barbora,https-barbora-ee-toode-glasuurkohuke-karums-kookose-45-g,"Glasuurkohuke kookose, KARUMS, 45g",KARUMS,,Selver,4.75005E+12,"Karums Kookose glasuurkohuke, 45 g",Karums Kookose,45 g,medium,0.75
Barbora,89168,Karastusjook FANTA Apelsini 1.5L,FANTA,,Selver,54491625,"Karastusjook Fanta apelsini, FANTA, 500 ml",COCA-COLA HBC EESTI AS,,medium,0.75
Barbora,https-barbora-ee-toode-heeringafilee-traditsiooniline-vici-240-g,"Heeringafilee traditsiooniline VICI,240g",VICI,,Selver,4.77019E+12,"Heeringafilee traditsiooniline, VICI, 240 g",Heeringafilee,240 g,medium,0.75
Barbora,https-barbora-ee-toode-majonees-lemmik-provansaal-405-g,"Majonees LEMMIK Provansaal, 405g",LEMMIK,,Selver,4.7405E+12,"Lemmik Majonees Provansaal, 405 g",Lemmik Majonees,405 g,medium,0.75
Barbora,https-barbora-ee-toode-pihvid-juustuga-rakvere-400-g,"Pihvid juustuga RAKVERE, 400g",RAKVERE,,Selver,4.74E+12,"Pihvid juustuga, RAKVERE, 400 g",MAAG EESTI AS,,medium,0.75
Barbora,https-barbora-ee-toode-joogijogurt-tere-mustika-vaarika-900-g,"Joogijogurt TERE mustika-vaarika, 900g",TERE,,Selver,4.74004E+12,"Joogijogurt mustika-vaarika, TERE, 900 g",TERE AS,,medium,0.8
Barbora,https-barbora-ee-toode-panna-cotta-tiramisu-nopri-150-g,Panna Cotta Tiramisu NOPRI 150g,NOPRI,,Selver,4.74022E+12,"Panna Cotta tiramisu, NOPRI, 150 g",NOPRI TALUMEIEREI OÃœ,,medium,0.8
Barbora,https-barbora-ee-toode-tursamaks-marine-abc-eo-240-g,"Tursamaks MARINE ABC, EO 240g",MARINE ABC,,Selver,https://www.selver.ee/tursamaks-marine-abc-240g,"Tursamaks, MARINE ABC, 240g",,,medium,0.8
Barbora,https-barbora-ee-toode-rost-100-proc-rukkijahu-leibur-550-g,RÃ¶st 100% rukkijahu LEIBUR 550g,LEIBUR,,Selver,4.74007E+12,Leibur RÃ¶st 100% Rukkijahu 550 G,Leibur RÃ¶st,550 G,medium,0.75
Barbora,https-barbora-ee-toode-skyr-virsiku-farmi-300-g,Skyr virsiku FARMI 300g,FARMI,,Selver,4.74011E+12,"Skyr virsiku, FARMI, 300 g",Farmi,300 g,medium,0.75
Barbora,https-barbora-ee-toode-tallinna-kilud-kaluri-250-g,"Tallinna kilud KALURI, 250g",KALURI,,Selver,4.74059E+12,"Tallinna kilud, KALURI, 250 g",LÃ„Ã„TSA KALATÃ–Ã–STUS AS,,medium,0.75
Barbora,https-barbora-ee-toode-vinnutatud-sarg-kaluri-200-g,Vinnutatud sÃ¤rg KALURI 200g,KALURI,,Selver,4.74059E+12,"Vinnutatud sÃ¤rg, KALURI, 200 g",LÃ„Ã„TSA KALATÃ–Ã–STUS AS,,medium,0.75
Barbora,https-barbora-ee-toode-soolalohe-viilutatud-m-v-wool-100-g,"SoolalÃµhe viilutatud M.V.WOOL,100g",M.V.WOOL,,Selver,4.74019E+12,M.V.Wool Viilutatud SoolalÃµhe 100 G,M.V.Wool Viilutatud,100 g,medium,0.8333
Barbora,https-barbora-ee-toode-kali-a-le-coq-klassikaline-2-l,Kali A. LE COQ KLASSIKALINE 2L,A. LE COQ,,Selver,4.7401E+12,"Klassikaline kali, A.LE COQ, 2 L",A. LE COQ AS,,medium,0.8
Barbora,https-barbora-ee-toode-poolsuitsuvorst-tommu-woro-350-g,"Poolsuitsuvorst TÃµmmu WÃ•RO, 350g",WÃ•RO,,Selver,4.74056E+12,"Poolsuitsuvorst TÃµmmu, WÃ•RO, 350 g",Suitsuvorst TÃµmmu,,medium,0.75
Barbora,https-barbora-ee-toode-vanillipuding-tere-laktoosivaba-200-g,"Vanillipuding TERE laktoosivaba, 200g",TERE,,Selver,4.74004E+12,"Vanillipuding laktoosivaba, TERE, 200 g",Laktoosivaba,200 g,medium,0.75
Barbora,https-barbora-ee-toode-rukkisepik-eesti-pagar-300-g,"Rukkisepik EESTI PAGAR, 300g",EESTI PAGAR,,Selver,4.74009E+12,Eesti Pagar Rukkisepik 300 G,Eesti Pagar,,medium,0.75
Barbora,https-barbora-ee-toode-juust-edam-mo-saaremaa-viil-450-g,"Juust Edam MO SAAREMAA viil., 450g",MO SAAREMAA,,Selver,4.74015E+12,"Edam juust viil laktoosivaba, MO SAAREMAA, 450 g",PINUS AS,,medium,0.7143
Barbora,000000000001095912,"KoorejÃ¤Ã¤tis laktoosivaba BALBIINO, 480g",BALBIINO,,Selver,4.74019E+12,"Laktoosivaba koorejÃ¤Ã¤tis, BALBIINO, 480 g",BALBIINO AS,,medium,0.75
Barbora,https-barbora-ee-toode-suur-kirde-sai-leibur-450-g,"Suur Kirde sai LEIBUR, 450g",LEIBUR,,Selver,4.74007E+12,"Suur Kirde sai, LEIBUR, 450 g",LEIBUR AS,,medium,0.8
Barbora,https-barbora-ee-toode-banaani-kohupiimapannkoogid-mamma-200-g,Banaani-kohupiimapannkoogid MAMMA 200g,MAMMA,,Selver,4.74018E+12,Mamma Kohupiimapannkoogid 200G,Mamma Kohupiimapannkoogid,200 g,medium,0.75
Barbora,000000000000824147,"Kiivi kollane karbis, 500g",,,Selver,https://www.selver.ee/kiivi-kollane-karbis-500-g,"Kiivi kollane karbis, 500 g",MÃ¤Ã¤ramata,,medium,0.75
Barbora,https-barbora-ee-toode-kohuke-alma-vaarika-40-g,"Kohuke ALMA vaarika, 40g",ALMA,,Selver,4.74013E+12,Alma kohuke vaarika kakaoglasuuris 40g,Alma,40 g,medium,0.8
Barbora,https-barbora-ee-toode-kodupelmeenid-maks-moorits-700-g,Kodupelmeenid MAKS&MOORITS 700g,MAKS & MOORITS,,Selver,4.74017E+12,"Kodupelmeenid, MAKS&MOORITS, 700 g",ATRIA EESTI AS,,medium,0.75
Barbora,https-barbora-ee-toode-e-vaba-maksapasteet-oskar-200-g,"E-vaba maksapasteet OSKAR, 200g",OSKAR,,Selver,4.74057E+12,"Maksapasteet E-vaba, OSKAR, 200 g",E-vaba,,medium,0.8
Barbora,https-barbora-ee-toode-apelsini-ounajook-poltsamaa-200-ml,Apelsini-Ãµunajook PÃ•LTSAMAA 200ml,PÃ•LTSAMAA,,Selver,4.74003E+12,PÃµltsamaa Ãµunajook 200ml,PÃµltsamaa,,medium,0.75
Barbora,000000000000338985,LikÃ¶Ã¶r COINTREAU 40% 500ml,COINTREAU,,Selver,3.03554E+12,Cointreau likÃ¶Ã¶r 40%vol 500ml,Cointreau,,medium,0.75
Barbora,https-barbora-ee-toode-vahisabad-soolvees-kaluri-250-g,"VÃ¤hisabad soolvees KALURI, 250g",KALURI,,Selver,4.74059E+12,"VÃ¤hisabad soolvees 125 g neto, KALURI, 250g",VÃ¤hisabad,,medium,0.8
Barbora,https-barbora-ee-toode-kohupiimakreem-alma-metsmustika-150-g,"Kohupiimakreem ALMA metsmustika, 150g",ALMA,,Selver,4.74013E+12,"Kohupiimakreem metsmustika, ALMA, 150 g",VALIO EESTI AS,,medium,0.75
Barbora,https-barbora-ee-toode-mustika-ounajook-poltsamaa-1-l,Mustika-Ãµunajook PÃ•LTSAMAA 1L,PÃ•LTSAMAA,,Selver,4.74003E+12,"Mustika- Ãµunajook, PÃ•LTSAMAA, 1 L",ORKLA EESTI AS,,medium,0.75
Barbora,https-barbora-ee-toode-likoor-vana-tallinn-ice-cream-16-proc-500-ml,LikÃ¶Ã¶r VANA TALLINN Ice Cream 16% 500ml,VANA TALLINN,,Selver,4.74005E+12,"LikÃ¶Ã¶r VANA TALLINN Ice Cream, 50 cl",LIVIKO AS,,medium,0.7143
Barbora,https-barbora-ee-toode-biskviitkook-kinder-pingui-kakao-4-x-30-g,Biskviitkook KINDER Pingui kakao 4x30g,KINDER,,Selver,4.0084E+12,"Kinder pingui kakao 4x30g, KINDER, 120 g",MOBEC AS,,medium,0.8
Barbora,https-barbora-ee-toode-biskviitkook-kinder-milk-slice-28-g,"Biskviitkook KINDER Milk Slice, 28g",KINDER,,Selver,40084725,"Biskviitkook Kinder Milk Slice, KINDER, 28 g",MOBEC AS,,medium,0.8
Barbora,https-barbora-ee-toode-juust-cheddar-atleet-viilutatud-150-g,"Juust Cheddar ATLEET viilutatud, 150g",VALIO ATLEET,,Selver,4.74055E+12,"Atleet Cheddar juust, viilutatud, 150 g",Atleet Cheddar,,medium,0.8
Barbora,https-barbora-ee-toode-cognac-meukow-vs-40-proc-200-ml,Cognac MEUKOW VS 40% 200ml,MEUKOW,,Selver,3.25715E+12,Meukow VS Cognac 40%vol 200ml,Meukow VS,,medium,0.8
Barbora,https-barbora-ee-toode-peipsi-sibulagrill-woro-900-g,"Peipsi sibulagrill WÃ•RO, 900g",WÃ•RO,,Selver,4.74056E+12,"Peipsi sibulagrill, WÃ•RO, 900 g",WÃµro Peipsi,900 g,medium,0.75
Barbora,000000000001244817,KÃ¼lm.ciabatta hele EESTI PAGAR 300g,EESTI PAGAR,,Selver,4.74009E+12,"Eesti Pagar Ciabatta hele, 300g",Eesti Pagar,,medium,0.8333
Barbora,000000000001080144,"KoorejÃ¤Ã¤tis PREMIA mango&meloni, 480g",PREMIA,,Selver,4.74009E+12,"Mango-meloni koorejÃ¤Ã¤tis, PREMIA, 480 g",PREMIA TALLINNA KÃœLMHOONE AS,,medium,0.8
Barbora,https-barbora-ee-toode-marmor-kohupiimakook-eesti-pagar-350-g,Marmor-kohupiimakook EESTI PAGAR 350g,EESTI PAGAR,,Selver,4.74009E+12,Eesti Pagar Marmor-Kohupiimakook 350 G,Eesti Pagar,,medium,0.8
Barbora,https-barbora-ee-toode-isa-peenleib-leibur-355-g,Isa peenleib LEIBUR 355g,LEIBUR,,Selver,4.74007E+12,"Isa peenleib, LEIBUR, 355 g",LEIBUR AS,,medium,0.75
Barbora,https-barbora-ee-toode-suitsune-tsillikaste-felix-270-g,Suitsune tÅ¡illikaste FELIX 270g,FELIX,,Selver,4.74003E+12,"Suitsune tÅ¡illikaste, FELIX, 270 g",ORKLA EESTI AS,,medium,0.75
Barbora,https-barbora-ee-toode-kohupiimakreem-alma-brownie-380-g,"Kohupiimakreem ALMA brownie, 380g",ALMA,,Selver,4.74013E+12,"Alma Brownie kohupiimakreem, 380 g",Alma Brownie,,medium,0.75
Barbora,000000000000139474,Viin VIRU VALGE 40% 1L,VIRU VALGE,,Selver,4.74005E+12,Viru Valge viin 40%vol 1L,Viru Valge,1 L,medium,0.8
Barbora,https-barbora-ee-toode-must-leib-fazer-300-g,Must leib FAZER 300g,FAZER,,Selver,126740,"Must leib, FAZER, 300 g",,,medium,0.75
Barbora,https-barbora-ee-toode-majonees-provansaal-premium-tarplan-210-g,Majonees Provansaal Premium TARPLAN 210g,TARPLAN,,Selver,4.74016E+12,"Majonees Provansaal Premium, TARPLAN, 210 g",TARPLANI KAUBANDUSE OÃœ,,medium,0.8
Barbora,https-barbora-ee-toode-kohvioad-arabica-merrild-1-kg,Kohvioad Arabica MERRILD 1kg,MERRILD,,Selver,8.00007E+12,"Kohvioad Arabica, MERRILD, 1 kg",SELVER AS,,medium,0.75
Barbora,https-barbora-ee-toode-majonees-tarplan-kuuslauguga-210-g,Majonees TARPLAN kÃ¼Ã¼slauguga 210g,TARPLAN,,Selver,4.74016E+12,"KÃ¼Ã¼slauguga majonees, TARPLAN, 210 g",TARPLANI KAUBANDUSE OÃœ,,medium,0.75
Barbora,https-barbora-ee-toode-salatikaste-tarplan-caesar-210-g,"Salatikaste TARPLAN Caesar, 210g",TARPLAN,,Selver,4.74016E+12,"Salatikaste Caesar, TARPLAN, 210 g",TARPLANI KAUBANDUSE OÃœ,,medium,0.75
Barbora,https-barbora-ee-toode-rehe-rukkileib-eesti-pagar-390-g,"Rehe rukkileib EESTI PAGAR,390g",EESTI PAGAR,,Selver,4.74009E+12,Eesti Pagar Rehe Rukkileib 390 G,Eesti Pagar,,medium,0.8
Barbora,https-barbora-ee-toode-haputaina-pehmik-eesti-pagar-240-g,Haputaina Pehmik EESTI PAGAR 240g,Eesti Pagar,,Selver,4.74009E+12,"Haputaina Pehmik, EESTI PAGAR, 240 g",EESTI PAGAR AS,,medium,0.8
Barbora,https-barbora-ee-toode-taimne-rasvavoie-keiju-soolane-70-proc-400-g,"Taimne rasvavÃµie KEIJU soolane 70%, 400g",KEIJU,,Selver,6.43821E+12,"Keiju Taimne soolane rasvavÃµie 70%, 400 g",Keiju Taimne,400 g,medium,0.8
Barbora,https-barbora-ee-toode-seemneleib-jassi-eesti-pagar-310-g,Seemneleib Jassi EESTI PAGAR 310g,EESTI PAGAR,,Selver,4.74009E+12,Eesti Pagar Jassi Seemneleib 310 G,Eesti Pagar,310 G,medium,0.8
Barbora,https-barbora-ee-toode-kodujuust-tere-klassikaline-380-g,"Kodujuust TERE klassikaline, 380g",TERE,,Selver,4.74004E+12,Tere Kodujuust klassikaline 380 g,Tere Kodujuust,,medium,0.75
Barbora,https-barbora-ee-toode-kohvioad-qualita-oro-lavazza-1-kg,Kohvioad Qualita Oro LAVAZZA 1kg,LAVAZZA,,Selver,8.00007E+12,"Kohvioad Qualita Oro Mountain Grown, LAVAZZA, 1kg",SELVER AS,,medium,0.7143
Barbora,https-barbora-ee-toode-taimne-puding-kookos-chia-deary-150-g,Taimne puding kookos-chia DEARY 150g,DEARY,,Selver,4.74004E+12,"Taimne puding kookos-chia laktoosivaba, DEARY, 150 g",DEARY OÃœ,,medium,0.7143
Barbora,https-barbora-ee-toode-kulm-paneeritud-loheburger-vici-250-g,"KÃ¼lm.paneeritud lÃµheburger VICI, 250g",VICI,,Selver,4.74006E+12,Vici paneeritud lÃµheburger 250g,Vici,250 g,medium,0.8
Barbora,https-barbora-ee-toode-brioche-burgerikukkel-leibur-280-g,"Brioche Burgerikukkel LEIBUR, 280g",LEIBUR,,Selver,4.74007E+12,"Brioche burgerikukkel, LEIBUR, 280 g",LEIBUR AS,,medium,0.75
Barbora,000000000000180828,"Viinamari punane Red Globe 1kl., kg",,,Selver,2.70551E+12,"Punane viinamari Red Globe, kg",MÃ¤Ã¤ramata,,medium,0.8
Barbora,https-barbora-ee-toode-korvitsa-kohupiimapannkoogid-mamma-200-g,"KÃµrvitsa-kohupiimapannkoogid MAMMA, 200g",MAMMA,,Selver,4.74018E+12,Mamma KÃµrvitsa-Kohupiimapannkoogid 200 G,Mamma KÃµrvitsa-Kohupiimapannkoogid,200 g,medium,0.75
Barbora,https-barbora-ee-toode-kodusai-suur-fazer-500-g,Kodusai Suur FAZER 500g,FAZER,,Selver,170066,"Suur Kodusai, FAZER, 500 g",,,medium,0.75
Barbora,https-barbora-ee-toode-kodukandi-eesti-pagar-koorikleib-300-g,"Kodukandi EESTI PAGAR koorikleib, 300g",EESTI PAGAR,,Selver,4.74009E+12,Eesti Pagar Kodukandi Koorikleib 4 X 75 G,Eesti Pagar,4x75 G,medium,0.8
Barbora,https-barbora-ee-toode-must-vormileib-eesti-pagar-600-g,Must vormileib EESTI PAGAR 600g,EESTI PAGAR,,Selver,4.74009E+12,Eesti Pagar Must Vormileib 600 G,Eesti Pagar,600 G,medium,0.8
Barbora,https-barbora-ee-toode-taissuitsuvorst-moskva-oskar-210-g,"TÃ¤issuitsuvorst Moskva OSKAR, 210g",OSKAR,,Selver,4.74057E+12,"Moskva tÃ¤issuitsuvorst, OSKAR, 210 g",OSKAR LT AS,,medium,0.75
Barbora,https-barbora-ee-toode-sprotid-olis-kapten-grant-eo-240-g,"Sprotid Ãµlis KAPTEN GRANT, EO 240g",KAPTEN GRANT,,Selver,4.74069E+12,"Sprotid Ãµlis EO, KAPTEN GRANT, 240 g",KAPTEN GRANT OÃœ,,medium,0.8333
Barbora,https-barbora-ee-toode-toorvorstid-mustika-rakvere-400-g,Toorvorstid mustika RAKVERE 400g,RAKVERE,,Selver,4.74E+12,Rakvere Mustika Toorvorstid 400 G,Rakvere Mustika,400 g,medium,0.75
Barbora,https-barbora-ee-toode-voi-e-piim-eesti-82-proc-250-g,"VÃµi E-PIIM Eesti 82%, 250g",E-PIIM,,Selver,4.74014E+12,"E-Piim Eesti vÃµi 82%, 250 g",E-Piim Eesti,250 g,medium,0.8
Barbora,https-barbora-ee-toode-kohupiimahorgutis-alma-kirsi-150-g,"KohupiimahÃµrgutis ALMA kirsi, 150g",ALMA,,Selver,4.74013E+12,"KohupiimahÃµrgutis kirsi, ALMA, 150 g",VALIO EESTI AS,,medium,0.75
Barbora,https-barbora-ee-toode-eesti-punane-kartul-pestud-kg,"Eesti punane kartul pestud, kg",,,Selver,https://www.selver.ee/kartul-punane-pestud-kg,"Kartul punane pestud, kg",MÃ¤Ã¤ramata,,medium,0.75
Barbora,000000000001262130,Gin SAAREMAA Ore 38% 500ml,SAAREMAA GIN,,Selver,4.74005E+12,"Saaremaa Ore Gin 37,5%vol 500ml",Saaremaa Ore,,medium,0.8
Barbora,https-barbora-ee-toode-brandy-ibis-xo-36-proc-700-ml,Brandy IBIS XO 36% 700ml,IBIS,,Selver,3.27252E+12,Ibis XO Brandy 36%vol 700ml,Ibis XO,,medium,0.8
Barbora,000000000000139502,Viin SAAREMAA 40% 500ml,SAAREMAA VODKA,,Selver,4.74005E+12,Saaremaa viin 40%vol 500ml,Saaremaa,500 ml,medium,0.75
Barbora,https-barbora-ee-toode-taissuitsuvorst-moskva-noo-250-g,"TÃ¤issuitsuvorst Moskva NÃ•O, 250g",NÃ•O,,Selver,4.74057E+12,"TÃ¤issuitsuvorst Moskva, NÃ•O, 250 g",NÃ•O LIHATÃ–Ã–STUS OÃœ,,medium,0.75
Barbora,https-barbora-ee-toode-majonees-vegan-tarplan-380-g,Majonees vegan TARPLAN 380g,TARPLAN,,Selver,4.74016E+12,Majonees vegan 380g,Majonees,380 g,medium,0.75
Barbora,000000000000139471,Viin LAUA 40% 500ml,LAUA VIIN,,Selver,4.74005E+12,Laua viin 40%vol 500ml,Laua,500 ml,medium,0.75
Barbora,https-barbora-ee-toode-jogurt-gefilus-mango-banaani-chia-380-g,"Jogurt GEFILUS mango-banaani-chia, 380g",VALIO GEFILUS,,Selver,4.74013E+12,"Gefilus Mango-banaani-chia jogurt, 380 g",Gefilus Mango-banaani-chia,,medium,0.8333
Barbora,https-barbora-ee-toode-e-vaba-taissuitsuvorst-oskar-210-g,"E-vaba tÃ¤issuitsuvorst OSKAR,210g",OSKAR,,Selver,4.74057E+12,"TÃ¤issuitsuvorst E-vaba, OSKAR, 210 g",TÃ¤issuitsuvorst,,medium,0.8
Barbora,https-barbora-ee-toode-kuldne-taistera-rostsai-leibur-500-g,Kuldne tÃ¤istera rÃ¶stsai LEIBUR 500g,LEIBUR,,Selver,4.74007E+12,"Kuldne TÃ¤istera rÃ¶stsai, LEIBUR, 500 g",LEIBUR AS,,medium,0.8
Barbora,https-barbora-ee-toode-mitmevilja-pehmik-eesti-pagar-240-g,Mitmevilja Pehmik EESTI PAGAR 240g,EESTI PAGAR,,Selver,4.74009E+12,Eesti Pagar Mitmevilja Pehmik 240 G,Eesti Pagar,,medium,0.8
Barbora,https-barbora-ee-toode-ruks-seemnepala-leibur-260-g,"Ruks seemnepala Leibur, 260g",LEIBUR,,Selver,4.74007E+12,"Ruks Seemnepala, LEIBUR, 260 g",LEIBUR AS,,medium,0.75
Barbora,https-barbora-ee-toode-koorejogurt-alma-muah-stracciatella-380-g,"Koorejogurt ALMA Muah stracciatella,380g",ALMA,,Selver,4.74013E+12,"Alma Muah! stracciatella koorejogurt, 380 g",Alma Muah!,380 g,medium,0.8
Barbora,https-barbora-ee-toode-tume-ciabatta-kukkel-eesti-pagar-210-g,"Tume ciabatta kukkel EESTI PAGAR, 210g",Eesti Pagar,,Selver,4.74009E+12,"Tume ciabatta kukkel, EESTI PAGAR, 210 g",EESTI PAGAR AS,,medium,0.8333
Barbora,000000000000139502,Viin SAAREMAA 40% 500ml,SAAREMAA VODKA,,Selver,4.74005E+12,Saaremaa viin 40%vol 500ml,Saaremaa,500 ml,medium,0.75
Barbora,https-barbora-ee-toode-kodujuust-tere-karulaugupestoga-300-g,"Kodujuust TERE karulaugupestoga, 300g",TERE,,Selver,4.74004E+12,"Tere Karulaugupestoga kodujuust, 300 g",Tere Karulaugupestoga,300 g,medium,0.75
Barbora,https-barbora-ee-toode-kohvioad-merrild-crema-1-kg,Kohvioad MERRILD Crema 1kg,MERRILD,,Selver,8.00007E+12,Kohvioad Merrild Crema 1 kg,Kohvioad Merrild,,medium,0.75
Barbora,https-barbora-ee-toode-sprotid-olis-amberfish-250-g,Sprotid Ãµlis AMBERFISH 250g,AMBERFISH,,Selver,4.75101E+12,"Sprotid Ãµlis, AMBERFISH, 250 g",CLAIRE FOODS OÃœ,,medium,0.75
Barbora,https-barbora-ee-toode-rumm-caribba-negro-37-5-proc-500-ml,"Rumm CARIBBA Negro 37,5% 500ml",CARIBBA,,Selver,4.74005E+12,"Caribba Negro rumm 37,5%vol 500ml",Caribba Negro,,medium,0.8
Barbora,https-barbora-ee-toode-suitsusardell-juustuga-rannarootsi-500-g,"Suitsusardell juustuga RANNAROOTSI, 500g",RANNAROOTSI,,Selver,4.7403E+12,"Suitsusardell juustuga, RANNAROOTSI, 500 g",Suitsusardell,,medium,0.75
Barbora,https-barbora-ee-toode-tofu-maitsestamata-bon-vegan-250-g,"Tofu maitsestamata BON VEGAN,250g",BON SOYA,,Selver,4.74212E+12,"Bon Vegan Maitsestamata tofu, 250 g",Bon Vegan,250 g,medium,0.8
Barbora,https-barbora-ee-toode-jogurtikreem-saare-vaarika-passioni-400-g,"Jogurtikreem SAARE vaarika-passioni,400g",SAARE,,Selver,4.74223E+12,"Jogurtikreem vaarika-passioni, SAARE, 400 g",SAAREMAA DELIFOOD OÃœ,,medium,0.8
Barbora,000000000000160881,Rumm BACARDI Carta Blanca 37.5%700ml,BACARDI,,Selver,5.01068E+12,"Bacardi Carta Blanca rumm 37,5%vol 700ml",Bacardi Carta,,medium,0.8333
Barbora,https-barbora-ee-toode-kali-a-le-coq-klassikaline-500-ml,Kali A. LE COQ Klassikaline 500ml,A. LE COQ,,Selver,4.7401E+12,"Kali klassikaline, A. LE COQ, 500 ml",A. LE COQ AS,,medium,0.8
Barbora,https-barbora-ee-toode-kohupiim-alma-metsmaasika-200-g,"Kohupiim ALMA metsmaasika, 200g",VALIO ALMA,,Selver,4.74013E+12,Alma kohupiim 4% 200g,Alma,200 g,medium,0.75
Barbora,https-barbora-ee-toode-vesi-aura-fruit-ouna-kasemahlaga-1-5-l,Vesi Aura Fruit Ãµuna kasemahlaga 1.5l,AURA FRUIT,,Selver,4.7401E+12,"Aura Fruit kasemahlaga Ãµunamaitseline vesi 1,5L",Aura Fruit,,medium,0.7143
Barbora,04147,"Kohupiim OTTO Ricotta, 200g",PIIMAMEISTER OTTO,,Selver,4.74057E+12,Piimameister Otto Ricotta kohupiim 200g,Piimameister Otto,200 g,medium,0.8
Barbora,https-barbora-ee-toode-hele-olu-double-bock-7-proc-500-ml,Hele Ãµlu DOUBLE BOCK 7% 500ml,A. LE COQ,,Selver,4.7401E+12,Double Bock hele Ãµlu 7%vol 500ml,Double Bock,,medium,0.8333
Barbora,https-barbora-ee-toode-suitsuvorst-tamula-woro-150-g,"Suitsuvorst Tamula WÃ•RO,150g",WÃ•RO,,Selver,4.74056E+12,WÃµro Tamula Suitsuvorst 150 G,WÃµro Tamula,150 g,medium,0.75
Barbora,https-barbora-ee-toode-vurtsikad-kanapooltiivad-tallegg-400-g,"VÃ¼rtsikad kanapooltiivad TALLEGG, 400g",TALLEGG,,Selver,4.74005E+12,"VÃ¼rtsikad kanapooltiivad, TALLEGG, 400 g",MAAG EESTI AS,,medium,0.75
Barbora,https-barbora-ee-toode-majonees-lemmik-provansaal-oliivi-210-g,"Majonees LEMMIK Provansaal Oliivi, 210g",LEMMIK,,Selver,4.7405E+12,"Majonees Oliivi Provansaal, LEMMIK, 210 g",POLVEN FOODS OÃœ,,medium,0.8
Barbora,https-barbora-ee-toode-juust-eesti-e-piim-viilutatud-500-g,"Juust Eesti E-PIIM viilutatud, 500g",E-PIIM,,Selver,9596,"E-Piim Eesti juust, viilutatud, 500 g",E-Piim Eesti,500 g,medium,0.8333
Barbora,000000000000183841,Karastusjook COCA-COLA 330ml,COCA-COLA,,Selver,4.74005E+12,"Karastusjook Coca-Cola, COCA-COLA, 330 ml",A. LE COQ AS,,medium,0.75
Barbora,000000000000140153,Rumm BACARDI Carta Blanca 37.5% 1L,BACARDI,,Selver,5.01068E+12,"Bacardi Carta Blanca rumm 37,5%vol 1L",Bacardi Carta,,medium,0.8333
Barbora,https-barbora-ee-toode-kodusai-xxl-fazer-700-g,Kodusai XXL FAZER 700g,,,Selver,4.7401E+12,Fazer Kodusai Xxl 700 G,Fazer Kodusai,,medium,0.75
Barbora,https-barbora-ee-toode-voi-tere-82-proc-laktoosivaba-200-g,"VÃµi TERE 82% laktoosivaba, 200g",TERE,,Selver,4.74004E+12,"Tere Laktoosivaba vÃµi 82%, 200 g",Tere Laktoosivaba,200 g,medium,0.75
Barbora,https-barbora-ee-toode-must-seemneleib-fazer-280-g,Must seemneleib FAZER 280g,FAZER,,Selver,4.7401E+12,"Must seemneleib, FAZER, 280 g",MÃ¤Ã¤ramata,,medium,0.75
Barbora,https-barbora-ee-toode-hele-olu-tuborg-green-4-6-proc-0-33-l-pudel,Hele Ãµlu Tuborg Green 4.6% 0.33L pudel,TUBORG,,Selver,4.77035E+12,"Hele Ãµlu Green, TUBORG, 330 ml pudel",SAKU Ã•LLETEHASE AS,,medium,0.8333
Barbora,https-barbora-ee-toode-juuretise-rost-fazer-450-g,Juuretise RÃ¶st FAZER 450g,FAZER,,Selver,51592,Fazer Juuretise RÃ¶st 450 G,Fazer Juuretise,,medium,0.75
Barbora,https-barbora-ee-toode-kodu-grillvorstid-maks-moorits-600-g,Kodu grillvorstid MAKS&MOORITS 600g,MAKS & MOORITS,,Selver,4.74017E+12,"Grillvorstid Kodu, MAKS&MOORITS, 600 g",ATRIA EESTI AS,,medium,0.8
Barbora,https-barbora-ee-toode-kodune-pasteet-rannarootsi-180-g,"Kodune pasteet RANNAROOTSI, 180g",RANNAROOTSI,,Selver,4.7403E+12,"Kodune pasteet, RANNAROOTSI, 180 g",Kodune,,medium,0.75
Barbora,https-barbora-ee-toode-jogurtikreem-saare-mango-400-g,"Jogurtikreem SAARE mango, 400g",SAARE,,Selver,4.74223E+12,"Mango-jogurtikreem 5%, SAARE, 400 g",SAAREMAA DELIFOOD OÃœ,,medium,0.75
Barbora,https-barbora-ee-toode-lahustuv-kohv-kronung-jacobs-200-g,Lahustuv kohv KrÃ¶nung JACOBS 200g,JACOBS,,Selver,8.711E+12,"Lahustuv kohv KrÃ¶nung, JACOBS, 100 g",SELVER AS,,medium,0.8
Barbora,https-barbora-ee-toode-kohviuba-tambet-tasuja-1-kg,Kohviuba Tambet TASUJA 1kg,,,Selver,4.74265E+12,"Kohviuba Tambet, TASUJA, 1 kg",BESTBEANS OÃœ,,medium,0.75
Barbora,https-barbora-ee-toode-vaike-kotlet-kikas-290-g,"VÃ¤ike kotlet KIKAS, 290g",KIKAS,,Selver,4.74063E+12,Kikas VÃ¤ike Kotlet 290 G,Kikas VÃ¤ike,290 g,medium,0.75
Barbora,https-barbora-ee-toode-juustu-urdisnakk-farmi-200-g,"Juustu Ã¼rdisnÃ¤kk FARMI, 200g",FARMI,,Selver,4.74012E+12,"Juustu Ã¼rdisnÃ¤kk, FARMI, 200 g",FARMI PIIMATÃ–Ã–STUS AS,,medium,0.75
Barbora,https-barbora-ee-toode-taispiimajogurt-alma-muraka-350-g,"TÃ¤ispiimajogurt ALMA muraka, 350g",ALMA,,Selver,4.74013E+12,"TÃ¤ispiimajogurt muraka, ALMA, 350 g",VALIO EESTI AS,,medium,0.75
Barbora,https-barbora-ee-toode-rehe-koorikleib-eesti-pagar-200-g,"Rehe Koorikleib EESTI PAGAR, 200g",EESTI PAGAR,,Selver,131904,"Rehe koorikleib, EESTI PAGAR, 200 g",,,medium,0.8
Barbora,000000000000139477,Viin LAUA 40% 1L,LAUA VIIN,,Selver,4.74005E+12,Laua viin 40%vol 1L,Laua,,medium,0.75
Barbora,000000000000183841,Karastusjook COCA-COLA 330ml,COCA-COLA,,Selver,4.74005E+12,"Karastusjook Coca-Cola, COCA-COLA, 330 ml",A. LE COQ AS,,medium,0.75
Barbora,https-barbora-ee-toode-lahustuv-kohv-nescafe-gold-200-g,Lahustuv kohv NESCAFE Gold 200g,NESCAFE,,Selver,7.61304E+12,"Lahustuv kohv Gold, NESCAFE, 200 g",SELVER AS,,medium,0.8
Barbora,https-barbora-ee-toode-juust-saare-mo-saaremaa-light-viil-150-g,"Juust Saare MO SAAREMAA light viil.,150g",MO SAAREMAA,,Selver,4.74015E+12,"Mo Saaremaa Juust Saare Light, 150 g",Mo Saaremaa,,medium,0.7143
Barbora,000000000000139473,Viin VIRU VALGE 40% 500ml,VIRU VALGE,,Selver,4.74005E+12,Viru Valge viin 40%vol 500ml,Viru Valge,,medium,0.8
Barbora,https-barbora-ee-toode-kohupiimahorgutis-alma-muraka-150-g,"KohupiimahÃµrgutis ALMA muraka, 150g",ALMA,,Selver,125502,"KohupiimahÃµrgutis muraka, ALMA, 150 g",,,medium,0.75
Barbora,https-barbora-ee-toode-brandy-ararat-5-yo-40-proc-500-ml,Brandy ARARAT 5YO 40% 500ml,ARARAT,,Selver,80866,Ararat 5YO Brandy 40%vol 500ml,Ararat,,medium,0.8
Barbora,https-barbora-ee-toode-majonees-tarplan-provansaal-50-proc-230-g,"Majonees TARPLAN Provansaal 50%, 230g",TARPLAN,,Selver,4.74016E+12,"Tarplan Majonees Provansaal, 430 g",Tarplan Majonees,430 g,medium,0.75
Barbora,https-barbora-ee-toode-gin-tanqueray-43-1-proc-700-ml,"Gin TANQUERAY 43,1% 700ml",TANQUERAY,,Selver,5.00028E+12,"Tanqueray Gin 43,1%vol 700ml",Tanqueray Gin,,medium,0.75
Barbora,https-barbora-ee-toode-pealinna-peenleib-eesti-pagar-490-g,Pealinna peenleib EESTI PAGAR 490g,EESTI PAGAR,,Selver,4.74009E+12,Eesti Pagar Pealinna Peenleib 490 G,Eesti Pagar,490 G,medium,0.8
Barbora,https-barbora-ee-toode-lihapallid-pere-rakvere-400-g,"Lihapallid Pere RAKVERE, 400g",RAKVERE,,Selver,4.74E+12,Rakvere Pere Lihapallid 300 G,Rakvere Pere,300 g,medium,0.75
Barbora,https-barbora-ee-toode-keefir-farmi-taispiimast-3-8-4-2-proc-1-kg,"Keefir FARMI tÃ¤ispiimast 3,8-4,2%, 1kg",FARMI,,Selver,4.74011E+12,"Farmi Keefir tÃ¤ispiimast 3,8-4,2%, 1 kg",Farmi Keefir,1 kg,medium,0.75
Barbora,000000000001262130,Gin SAAREMAA Ore 38% 500ml,SAAREMAA GIN,,Selver,4.74005E+12,"Saaremaa Ore Gin 37,5%vol 500ml",Saaremaa Ore,,medium,0.8
Barbora,https-barbora-ee-toode-pealinna-eesti-pagar-teraleib-390-g,"Pealinna EESTI PAGAR teraleib, 390g",EESTI PAGAR,,Selver,4.74009E+12,Eesti Pagar Pealinna Teraleib 390 G,Eesti Pagar,390 G,medium,0.8
Barbora,https-barbora-ee-toode-rukkitasku-eesti-pagar-340-g,"Rukkitasku EESTI PAGAR, 340g",EESTI PAGAR,,Selver,4.74009E+12,Eesti Pagar Rukkitasku 340 G,Eesti Pagar,340 G,medium,0.75
Barbora,https-barbora-ee-toode-kohupiimapasta-tere-kakao-300-g,"Kohupiimapasta TERE kakao, 300g",TERE,,Selver,4.74004E+12,"Tere Kakao kohupiimapasta, 300 g",Tere Kakao,300 g,medium,0.75
Barbora,https-barbora-ee-toode-karastusjook-dr-pepper-330-ml,Karastusjook DR.PEPPER 330ml,DR.PEPPER,,Selver,5.90286E+12,"Karastusjook, DR.PEPPER, 330 ml",LTT AS,,medium,0.75
Barbora,https-barbora-ee-toode-juust-atleet-light-200-g,"Juust ATLEET Light, 200g",VALIO ATLEET,,Selver,4.74055E+12,Valio Atleet Light juust 200g,Valio Atleet,,medium,0.8
Barbora,000000000000181756,"Ã•un ROYAL GALA 1kl., kg",,,Selver,2.70138E+12,"Ã•un Royal Gala, kg",MÃ¤Ã¤ramata,,medium,0.75
Barbora,https-barbora-ee-toode-mahlane-kana-karri-topz-poltsamaa-380-g,Mahlane kana-karri Topz PÃ•LTSAMAA 380g,PÃ•LTSAMAA,,Selver,4.74003E+12,"Mahlane kana-karri, PÃ•LTSAMAA VALMIS!, 380g",ORKLA EESTI AS,,medium,0.7143
Barbora,https-barbora-ee-toode-keefir-gefilus-metsmaasika-300-g,"Keefir GEFILUS metsmaasika, 300g",VALIO GEFILUS,,Selver,4.74013E+12,"Gefilus metsmaasika keefir, 300 g",Gefilus,300 g,medium,0.75
Barbora,https-barbora-ee-toode-punase-greibi-nektar-aura-1-l,Punase greibi nektar AURA 1L,AURA,,Selver,4.74005E+12,"Punase greibi nektar, AURA, 1 L",A. LE COQ AS,,medium,0.8
Barbora,https-barbora-ee-toode-jogurt-saare-5-proc-maitsestamata-400-g,"Jogurt SAARE 5% maitsestamata, 400g",SAARE,,Selver,4.74223E+12,"Maitsestamata jogurt 5%, SAARE, 400 g",SAAREMAA DELIFOOD OÃœ,,medium,0.75
Barbora,https-barbora-ee-toode-77-7-proc-sardell-maks-moorits-375-g,"77,7% Sardell MAKS&MOORITS 375g",MAKS & MOORITS,,Selver,4.74017E+12,"Sardell 77,7%, MAKS&MOORITS, 375 g","77,7%",,medium,0.75
Barbora,000000000000184823,Cognac HENNESSY VS 40% 500ml,HENNESSY,,Selver,42748,Hennessy VS Cognac 40%vol 500ml,Hennessy VS,,medium,0.8
Barbora,https-barbora-ee-toode-premium-majonees-felix-235-g,Premium majonees FELIX 235g,FELIX,,Selver,4.74003E+12,"Premium Majonees, FELIX, 235 g",ORKLA EESTI AS,,medium,0.75
Barbora,https-barbora-ee-toode-kohupiimakreem-alma-kirsikisselliga-140-g,"Kohupiimakreem ALMA kirsikisselliga,140g",ALMA,,Selver,4.74013E+12,"Kohupiimakreem kirsikisselliga, ALMA, 140 g",VALIO EESTI AS,,medium,0.75
Barbora,https-barbora-ee-toode-aprikoosikook-eesti-pagar-310-g,"Aprikoosikook EESTI PAGAR, 310g",Eesti Pagar,,Selver,25350,"Aprikoosikook, EESTI PAGAR, 310 g",Eesti Pagar,310 G,medium,0.75
Barbora,89166,Karastusjook COCA-COLA 1.5L,COCA-COLA,,Selver,5.00011E+12,"Karastusjook Coca-Cola, COCA-COLA, 1,5 l",COCA-COLA HBC EESTI AS,,medium,0.75
Barbora,https-barbora-ee-toode-majonees-salvest-klassikaline-430-g,"Majonees SALVEST Klassikaline, 430g",SALVEST,,Selver,4.74007E+12,"Klassikaline majonees, SALVEST, 430 g",SALVEST AS,,medium,0.75
Barbora,https-barbora-ee-toode-rostsai-eesti-pagar-juustuga-430-g,"RÃ¶stsai Eesti Pagar juustuga, 430g",EESTI PAGAR,,Selver,4.74009E+12,Eesti Pagar RÃ¶stsai Juustuga 430 G,Eesti Pagar,430 G,medium,0.8
Barbora,000000000000184823,Cognac HENNESSY VS 40% 500ml,HENNESSY,,Selver,42748,Hennessy VS Cognac 40%vol 500ml,Hennessy VS,,medium,0.8
Barbora,000000000000042412,Rumm CAPTAIN MORGAN Dark 40% 500ml,CAPTAIN MORGAN,,Selver,0087000651289,Captain Morgan Dark rumm 40%vol 500ml,Captain Morgan,,medium,0.8333
Barbora,https-barbora-ee-toode-must-porandaleib-fazer-390-g,"Must pÃµrandaleib FAZER, 390g",FAZER,,Selver,4.7401E+12,Fazer Must PÃµrandaleib 390 G,Fazer Must,,medium,0.75
Barbora,https-barbora-ee-toode-juust-dor-blu-100-g,"Juust DOR BLU, 100G",DOR BLU,,Selver,4.0005E+12,Royal Blu juust Dor Blu 55% 100g,Royal Blu,100 g,medium,0.8
Barbora,https-barbora-ee-toode-mahe-kaerajook-yook-barista-1-l,Mahe kaerajook YOOK Barista 1L,,,Selver,4.74501E+12,YOOK Kaerajook Barista 1L,YOOK Kaerajook,1 L,medium,0.8
Barbora,https-barbora-ee-toode-toorjuust-farmi-kuuslauguga-150-g,"Toorjuust FARMI kÃ¼Ã¼slauguga,150g",FARMI,,Selver,4.74012E+12,"Farmi Toorjuust kÃ¼Ã¼slauguga, 150 g",Farmi Toorjuust,150 g,medium,0.75
Barbora,https-barbora-ee-toode-kohvioad-classic-crema-paulig-1-kg,Kohvioad Classic Crema PAULIG 1kg,PAULIG,,Selver,6.4113E+12,Paulig kohvioad Classic Crema 1 kg,Paulig,,medium,0.8
Barbora,https-barbora-ee-toode-kirde-sai-leibur-300-g,"Kirde sai LEIBUR, 300g",LEIBUR,,Selver,4.74007E+12,Leibur Kirde Sai 300 G,Leibur Kirde,,medium,0.75
Barbora,https-barbora-ee-toode-siirup-monin-mojito-piparmundi-250-ml,Siirup MONIN mojito piparmÃ¼ndi 250ml,MONIN,,Selver,3.05291E+12,"Siirup Mojito piparmÃ¼ndi, MONIN, 250 ml",GEMOSS EESTI OÃœ,,medium,0.8
Barbora,https-barbora-ee-toode-gruusia-rahvusleib-puri-kilikia-330-g,Gruusia rahvusleib Puri KILIKIA 330g,KILIKIA,,Selver,4.74048E+12,"Gruusia rahvusleib Puri, KILIKIA, 330 g",WORKSTAR OÃœ,,medium,0.8
Barbora,https-barbora-ee-toode-voikeeks-eesti-pagar-250-g,"VÃµikeeks EESTI PAGAR, 250g",EESTI PAGAR,,Selver,4.74009E+12,Eesti Pagar VÃµikeeks 250 G,Eesti Pagar,250 G,medium,0.75
Barbora,https-barbora-ee-toode-juustukukkel-eesti-pagar-200-g,"Juustukukkel EESTI PAGAR, 200g",EESTI PAGAR,,Selver,4.74009E+12,Eesti Pagar Juustukukkel 200 G,Eesti Pagar,200 G,medium,0.75
Barbora,https-barbora-ee-toode-puding-alma-kookose-230-g,"Puding ALMA kookose, 230g",ALMA,,Selver,4.74013E+12,"Puding kookose, ALMA, 230 g",Alma,230 g,medium,0.75
Barbora,https-barbora-ee-toode-jahvatatud-kohv-selection-jacobs-500-g,Jahvatatud kohv Selection JACOBS 500g,JACOBS,,Selver,8.711E+12,"Jahvatatud kohv Selection, JACOBS, 500 g",SELVER AS,,medium,0.8
Barbora,https-barbora-ee-toode-keeduvorst-juustu-valla-600-g,"Keeduvorst Juustu VALLA, 600g",VALLA,,Selver,4.74E+12,"Keeduvorst juustu, VALLA, 600 g",Juustuvorst,,medium,0.75
Barbora,000000000000014338,Lahustuv kohv KrÃ¶nung JACOBS 100g,JACOBS,,Selver,8.711E+12,"Lahustuv kohv KrÃ¶nung, JACOBS, 100 g",SELVER AS,,medium,0.8
Barbora,https-barbora-ee-toode-kohuke-alma-vanilli-7-x-40-g,"Kohuke ALMA vanilli, 7x40g",ALMA,,Selver,4.74013E+12,"Kohuke vanilli kakaoglasuuris 7x40g, ALMA, 280 g",VALIO EESTI AS,,medium,0.8
Barbora,https-barbora-ee-toode-kaera-pehmik-eesti-pagar-220-g,Kaera Pehmik EESTI PAGAR 220g,EESTI PAGAR,,Selver,4.74009E+12,Eesti Pagar Kaera Pehmik 220 G,Eesti Pagar,,medium,0.8
Barbora,https-barbora-ee-toode-heeringafilee-traditsiooniline-vici-400-g,"Heeringafilee traditsiooniline VICI,400g",VICI,,Selver,4.77019E+12,"Heeringafilee traditsiooniline, VICI, 400 g",Heeringafilee,400 g,medium,0.75
Barbora,000000000000042412,Rumm CAPTAIN MORGAN Dark 40% 500ml,CAPTAIN MORGAN,,Selver,0087000651289,Captain Morgan Dark rumm 40%vol 500ml,Captain Morgan,,medium,0.8333
Barbora,https-barbora-ee-toode-rukkirost-tosta-eesti-pagar-390-g,"RukkirÃ¶st Tosta EESTI PAGAR, 390g",EESTI PAGAR,,Selver,4.74009E+12,Eesti Pagar Tosta! RukkirÃ¶st 390 G,Eesti Pagar,390 G,medium,0.8
Barbora,https-barbora-ee-toode-lahustuv-kohv-nescafe-gold-100-g,Lahustuv kohv NESCAFE Gold 100g,NESCAFE,,Selver,7.61304E+12,"Lahustuv kohv Gold, NESCAFE, 200 g",SELVER AS,,medium,0.8
Barbora,https-barbora-ee-toode-jogurt-fantasia-maasikalisandiga-118-g,"Jogurt FANTASIA maasikalisandiga, 118g",FANTASIA,,Selver,5.90064E+12,"Jogurt maasikalisandiga, FANTASIA, 118 g",NUTRICIA SIA,,medium,0.75
Barbora,https-barbora-ee-toode-mandlijook-alpro-magustamata-1-l,"Mandlijook ALPRO magustamata, 1L",ALPRO,,Selver,5.41119E+12,"Alpro magustamata mandlijook, 1 l",Alpro,1 l,medium,0.75
Barbora,https-barbora-ee-toode-juustupulgad-hiirte-laktoosivaba-120-g,"Rebitavad juustupulgad, HIIRTE JUUST, 120g",HIIRTE JUUST,,Selver,4.74057E+12,"Rebitavad juustupulgad, HIIRTE JUUST, 120 g",ESTOVER OÃœ,,medium,0.8
Barbora,https-barbora-ee-toode-juust-atleet-originaal-200-g,"Juust ATLEET Originaal, 200g",VALIO ATLEET,,Selver,4.74055E+12,"Juust Atleet Originaal, 200 g",Juust Atleet,200 g,medium,0.75
Barbora,https-barbora-ee-toode-taluvoi-estover-eesti-82-proc-150-g,"TaluvÃµi ESTOVER Eesti 82%, 150g",ESTOVER,,Selver,4.74057E+12,"Estover Eesti taluvÃµi 82%, 150 g",Estover Eesti,150 g,medium,0.75
Barbora,https-barbora-ee-toode-kuumsuitsu-heik-vaakumis-m-v-wool-kg,"Kuumsuitsu heik vaakumis M.V.WOOL,kg",,,Selver,2.70017E+12,"Kuumsuitsu heik, M.V.WOOL, kg",M.V.WOOL AS,,medium,0.8333
Barbora,000000000000139474,Viin VIRU VALGE 40% 1L,VIRU VALGE,,Selver,4.74005E+12,Viru Valge viin 40%vol 1L,Viru Valge,1 L,medium,0.8
Barbora,https-barbora-ee-toode-suitsuvorst-juustuga-matsimoka-240-g,Suitsuvorst juustuga MATSIMOKA 240g,MATSIMOKA,,Selver,4.74474E+12,"Suitsuvorst juustuga, MATSIMOKA, 240 g",MATSIMOKA OÃœ,,medium,0.75
Barbora,https-barbora-ee-toode-keefirijook-maasika-vanilje-hellus-1-kg,Keefirijook maasika-vanilje HELLUS 1kg,HELLUS,,Selver,4.74004E+12,"Keefirijook maasika-vanilje, HELLUS, 1 kg",Hellus,1 kg,medium,0.8
Barbora,https-barbora-ee-toode-skumbria-tomatikastmes-kapten-grant-240-g,"Skumbria tomatikastmes KAPTEN GRANT,240g",KAPTEN GRANT,,Selver,4.74059E+12,"Skumbria tomatikastmes, KAPTEN GRANT, 240 g",KAPTEN GRANT OÃœ,,medium,0.8
Barbora,https-barbora-ee-toode-kohuke-tere-vanilli-laktoosivaba-40-g,"Kohuke TERE vanilli laktoosivaba,40g",TERE,,Selver,https://www.selver.ee/kohuke-vanilli-laktoosivaba-tere-40-g,"Kohuke vanilli laktoosivaba, TERE, 40 g",TERE AS,,medium,0.8
Barbora,https-barbora-ee-toode-brandy-imperial-xii-xo-36-proc-500-ml,Brandy IMPERIAL XII XO 36% 500ml,IMPERIAL XII,,Selver,4.77005E+12,Imperial XII XO Brandy 36%vol 500ml,Imperial XII,,medium,0.8333
Barbora,https-barbora-ee-toode-vein-maori-bay-sauvignon-blanc-750-ml,Vein MAORI BAY Sauvignon Blanc 750ml,MAORI BAY,,Selver,4.04455E+12,"Maori Bay Sauvignon Blanc Marlborough vein 12,5%vol 750ml",Maori Bay,,medium,0.75
Barbora,000000000000160881,Rumm BACARDI Carta Blanca 37.5%700ml,BACARDI,,Selver,5.01068E+12,"Bacardi Carta Blanca rumm 37,5%vol 700ml",Bacardi Carta,,medium,0.8333
Barbora,000000000000338985,LikÃ¶Ã¶r COINTREAU 40% 500ml,COINTREAU,,Selver,3.03554E+12,Cointreau likÃ¶Ã¶r 40%vol 500ml,Cointreau,,medium,0.75
Barbora,https-barbora-ee-toode-kohupiim-alma-vanilli-200-g,"Kohupiim ALMA vanilli, 200g",ALMA,,Selver,4.74013E+12,Alma kohupiim 4% 200g,Alma,200 g,medium,0.75
Barbora,https-barbora-ee-toode-sulatatud-juust-valio-suitsukanaga-185-g,"Sulatatud juust VALIO suitsukanaga,185g",VALIO VIOLA,,Selver,4.74055E+12,"Sulatatud juust suitsukanaga, VALIO, 185 g",VALIO EESTI AS,,medium,0.8
Barbora,https-barbora-ee-toode-kohvioad-crema-jacobs-1-kg,Kohvioad Crema JACOBS 1 kg,JACOBS,,Selver,8.711E+12,"Kohvioad Barista Crema, JACOBS, 1 kg",SELVER AS,,medium,0.75
Barbora,https-barbora-ee-toode-vurtsisealiha-frank-pott-325-g,"VÃ¼rtsisealiha Frank Pott, 325g",FRANK POTT,,Selver,4.74022E+12,"VÃ¼rtsisealiha, FRANK POTT, 325 g",Frank,,medium,0.75
Barbora,https-barbora-ee-toode-kohuke-alma-mango-40-g,"Kohuke ALMA mango, 40g",ALMA,,Selver,4.74013E+12,Alma kohuke mango kakaoglasuuris 40g,Alma,40 g,medium,0.8
Barbora,421051,"Ã•un GRANNY SMITH 1kl., kg",,,Selver,2.70001E+12,"Ã•un Granny Smith, kg",MÃ¤Ã¤ramata,,medium,0.75
Barbora,https-barbora-ee-toode-hommikupeekon-noo-135-g-viil,"Hommikupeekon NÃ•O, 135g viil",NÃ•O,,Selver,4.74057E+12,"NÃµo Hommikupeekon, Viil. 135 G","NÃµo Hommikupeekon,",,medium,0.75
Barbora,https-barbora-ee-toode-suitsuvorst-tamula-woro-350-g,"Suitsuvorst Tamula WÃ•RO,350g",WÃ•RO,,Selver,4.74056E+12,WÃµro Tamula Suitsuvorst 150 G,WÃµro Tamula,150 g,medium,0.75
Barbora,https-barbora-ee-toode-panna-cotta-nopri-vaarika-150-g,"Panna Cotta NOPRI vaarika, 150g",NOPRI,,Selver,4.74022E+12,"Panna Cotta vaarika, NOPRI, 150 g",NOPRI TALUMEIEREI OÃœ,,medium,0.8
Barbora,https-barbora-ee-toode-kanafilee-maisikattega-tallegg-280-g,"Kanafilee maisikattega TALLEGG,280g",TALLEGG,,Selver,4.74005E+12,Tallegg Maisikattega Kanafilee 280 G,Tallegg Maisikattega,280 g,medium,0.75
Barbora,https-barbora-ee-toode-mango-apelsini-smuuti-pai-280-ml,"Mango-apelsini smuuti PAI, 280ml",PAI,,Selver,4.74003E+12,"Mango-apelsini smuuti, PAI, 280 ml",ORKLA EESTI AS,,medium,0.8
Barbora,https-barbora-ee-toode-ollemops-juustuga-woro-500-g,"Ã•llemops juustuga WÃ•RO, 500g",WÃ•RO,,Selver,4.74056E+12,WÃµro Ã•llemops Juustuga 500 G,WÃµro Ã•llemops,500 g,medium,0.75
Barbora,https-barbora-ee-toode-kodujuust-alma-murakamoosiga-200-g,"Kodujuust ALMA murakamoosiga, 200g",ALMA,,Selver,4.74013E+12,"Alma Murakamoosiga kodujuust, 200 g",Alma Murakamoosiga,200 g,medium,0.75
Barbora,https-barbora-ee-toode-likoor-canari-pina-colada-15-proc-350-ml,LikÃ¶Ã¶r CANARI Pina Colada 15% 350ml,CANARI,,Selver,5.90106E+12,Canari Pina Colada likÃ¶Ã¶r 16%vol 350ml,Canari Pina,,medium,0.8333
Barbora,https-barbora-ee-toode-broileri-rinnalihasink-karni-300-g-viil,"Broileri rinnalihasink KARNI, 300g viil",KARNI,,Selver,4.74058E+12,Karni Broileri Rinnalihasink Viil 300 G,Karni Broileri,300 g,medium,0.8
Barbora,https-barbora-ee-toode-koorejaatis-pistaatsia-premia-240-g,"KoorejÃ¤Ã¤tis pistaatsia PREMIA, 240g",PREMIA,,Selver,4.74009E+12,"Pistaatsia-koorejÃ¤Ã¤tis, PREMIA, 240 g",PREMIA TALLINNA KÃœLMHOONE AS,,medium,0.75
Barbora,https-barbora-ee-toode-fitlap-taisterasepik-leibur-360-g,"FitLap tÃ¤isterasepik LEIBUR,360g",,,Selver,4.74007E+12,Leibur Fitlap TÃ¤isterasepik 360 G,Leibur Fitlap,,medium,0.75
Barbora,https-barbora-ee-toode-rumm-caribba-blanco-37-5-proc-500-ml,"Rumm CARIBBA Blanco 37,5% 500ml",CARIBBA,,Selver,4.74005E+12,"Caribba Blanco rumm 37,5%vol 500ml",Caribba Blanco,,medium,0.8
Barbora,https-barbora-ee-toode-kohvioad-classic-paulig-1-kg,Kohvioad Classic PAULIG 1kg,PAULIG,,Selver,6.4113E+12,Paulig kohvioad Classic 1 kg,Paulig,,medium,0.75
Barbora,https-barbora-ee-toode-kohupiim-farmi-lahja-rosinatega-200-g,"Kohupiim FARMI Lahja rosinatega, 200g",FARMI,,Selver,4.74011E+12,"Lahja kohupiim rosinatega, FARMI, 200 g",FARMI PIIMATÃ–Ã–STUS AS,,medium,0.8
Barbora,https-barbora-ee-toode-jogurt-farmi-maasika-arbuusi-l-vaba-130-g,"Jogurt FARMI maasika-arbuusi l.vaba,130g",FARMI,,Selver,4.74011E+12,FARMI Maasika-arbuusi jogurt 130g,FARMI Maasika-arbuusi,130 g,medium,0.8333
Barbora,https-barbora-ee-toode-bronsa-juust-e-piim-200-g,"BrÃµnsa juust, E-PIIM, 200g",E-PIIM,,Selver,4.74014E+12,"BrÃµnsa juust, E-PIIM, 200 g",E-PIIM TOOTMINE AS,,medium,0.8
Barbora,https-barbora-ee-toode-kohupiimapasta-tere-vanilje-300-g,"Kohupiimapasta TERE vanilje, 300g",TERE,,Selver,4247,"Tere Vanilje kohupiimapasta, 300 g",Tere Vanilje,300 g,medium,0.75
Barbora,https-barbora-ee-toode-must-rukkileib-eesti-pagar-390-g,Must rukkileib EESTI PAGAR 390g,EESTI PAGAR,,Selver,4.74009E+12,Eesti Pagar Must Rukkileib 390 G,Eesti Pagar,390 G,medium,0.8
Barbora,https-barbora-ee-toode-varskekapsabors-kanalihaga-presto-300-g,VÃ¤rskekapsaborÅ¡ kanalihaga PRESTO 300g,SALVEST,,Selver,4.74007E+12,"VÃ¤rskekapsaborÅ¡ kanalihaga, PRESTO, 300 g",SALVEST AS,,medium,0.75
Barbora,https-barbora-ee-toode-tarretis-janks-vaarikamaitseline-150-g,"Tarretis JÃ„NKS vaarikamaitseline, 150g",JÃ„NKS,,Selver,4.74011E+12,"JÃ¤nks Vaarikamaitseline tarretis, 150 g",JÃ¤nks Vaarikamaitseline,150 g,medium,0.75
Barbora,https-barbora-ee-toode-mango-granadilli-nektar-pfanner-1-l,Mango-granadilli nektar PFANNER 1l,PFANNER,,Selver,9.0069E+12,"Mango-granadilli nektar, PFANNER, 1 L",SELVER AS,,medium,0.8
Barbora,https-barbora-ee-toode-tume-kali-a-le-coq-kuni-0-5-proc-1-l,Tume kali A.LE COQ kuni 0.5% 1L,A. LE COQ,,Selver,4.7401E+12,A. Le Coq tume kali 1L,A. Le,,medium,0.8333
Barbora,https-barbora-ee-toode-keedusalaami-vasalli-noo-250-g,"Keedusalaami Vasalli NÃ•O, 250g",NÃ•O,,Selver,4.74057E+12,"Keedusalaami Vasalli, NÃ•O, 105 g",NÃ•O LIHATÃ–Ã–STUS OÃœ,,medium,0.75
Barbora,https-barbora-ee-toode-heeringafilee-marineeritud-vici-240-g,"Heeringafilee marineeritud VICI, 240g",VICI,,Selver,4.77019E+12,"Heeringafilee marineeritud, VICI, 240 g",VICIUNAI BALTIC OÃœ,,medium,0.75
Barbora,000000000001146691,"Vanilli koorejÃ¤Ã¤tis PREMIA, 480g",,,Selver,4.74009E+12,"Vanilli koorejÃ¤Ã¤tis, PREMIA, 480 g",PREMIA TALLINNA KÃœLMHOONE AS,,medium,0.75
Barbora,https-barbora-ee-toode-kiievi-kotlet-tallegg-300-g,"Kiievi kotlet TALLEGG, 300g",TALLEGG,,Selver,4.74005E+12,Tallegg Kiievi Kotlet 300 G,Tallegg Kiievi,300 g,medium,0.75
Barbora,https-barbora-ee-toode-keefir-gefilus-maasika-banaani-1-kg,"Keefir GEFILUS maasika-banaani, 1kg",VALIO GEFILUS,,Selver,4.74013E+12,"Gefilus Maasika-banaani keefir, 1 kg",Gefilus Maasika-banaani,1 kg,medium,0.8
Barbora,https-barbora-ee-toode-piim-tere-2-5-proc-d-vitamiiniga-1-l,"Piim TERE 2,5%, D-vitamiiniga 1L",TERE,,Selver,4.74004E+12,"Tere Piim 2,5%, D-vitamiiniga, 1 l",Tere Piim,1 l,medium,0.8
Barbora,https-barbora-ee-toode-kohupiimakreem-alma-vanilli-2-5-proc-300-g,"Kohupiimakreem ALMA vanilli 2.5%, 300g",ALMA,,Selver,126894,"Kohupiimakreem vanilli 2,5%, ALMA, 300 g",,,medium,0.75
Barbora,000000000001244817,KÃ¼lm.ciabatta hele EESTI PAGAR 300g,EESTI PAGAR,,Selver,4.74009E+12,"Eesti Pagar Ciabatta hele, 300g",Eesti Pagar,,medium,0.8333
Barbora,https-barbora-ee-toode-juustudipp-merevaik-originaal-200-g,"Juustudipp MEREVAIK Originaal, 200g",MEREVAIK,,Selver,4.74004E+12,"Juustudipp Originaal, MEREVAIK, 200 g",TERE AS,,medium,0.75
Barbora,https-barbora-ee-toode-majonees-tere-laktoosivaba-410-g,"Majonees TERE laktoosivaba, 410g",TERE,,Selver,4.74004E+12,"Majonees laktoosivaba, TERE, 410 g",TERE AS,,medium,0.75
Barbora,https-barbora-ee-toode-juustu-snakk-farmi-200-g,"Juustu snÃ¤kk FARMI, 200g",FARMI,,Selver,4.74012E+12,"Farmi Juustu snÃ¤kk, 200 g",Farmi Juustu,200 g,medium,0.75
Barbora,https-barbora-ee-toode-juust-vene-estover-viilutatud-500-g,"Juust Vene ESTOVER viilutatud, 500g",ESTOVER,,Selver,4.74057E+12,"Vene juust 28,5% viilutatud, ESTOVER, 500 g",ESTOVER OÃœ,,medium,0.8
Barbora,https-barbora-ee-toode-juust-eesti-light-viilutatud-200-g,"Juust EESTI light viilutatud, 200g",ESTOVER,,Selver,4.74014E+12,"Eesti juust light, viilutatud, 500 g",Eesti,500 g,medium,0.8
Barbora,https-barbora-ee-toode-kohupiimakreem-alma-rosina-380-g,"Kohupiimakreem ALMA rosina, 380g",ALMA,,Selver,4.74013E+12,"Kohupiimakreem rosina, ALMA, 300 g",VALIO EESTI AS,,medium,0.75
Barbora,https-barbora-ee-toode-salaami-chorizo-matsimoka-150-g,"Salaami Chorizo MATSIMOKA,150g",MATSIMOKA,,Selver,4.74474E+12,"Chorizo salaami, MATSIMOKA, 150 g",Chorizo,,medium,0.75
Barbora,https-barbora-ee-toode-mango-banaani-smuuti-pai-280-ml,"Mango-banaani smuuti PAI, 280ml",PAI,,Selver,4.74003E+12,"Mango-banaani smuuti, PAI, 280 ml",Pai,,medium,0.8
Barbora,https-barbora-ee-toode-likoor-vana-tallinn-40-proc-eesti-100-500-ml,"LikÃ¶Ã¶r VANA TALLINN 40% Eesti 100, 500ml",VANA TALLINN,,Selver,4.74005E+12,Vana Tallinn Eesti 100 likÃ¶Ã¶r 40%vol 500ml,Vana Tallinn,,medium,0.8333
Barbora,https-barbora-ee-toode-kaerajook-alpro-barista-1-l,"Kaerajook ALPRO Barista, 1L",ALPRO,,Selver,5.41119E+12,"Alpro kaerajook, 1l",Alpro,1 l,medium,0.75
Barbora,https-barbora-ee-toode-keefirisai-kaltsiumiga-fazer-350-g,Keefirisai kaltsiumiga FAZER 350g,FAZER,,Selver,4.7401E+12,Fazer Keefirisai Kaltsiumiga 350 G,Fazer Keefirisai,350 G,medium,0.75
Barbora,https-barbora-ee-toode-sulatatud-juust-hiirte-juust-400-g,"Sulatatud juust HIIRTE JUUST, 400g",HIIRTE JUUST,,Selver,4.74057E+12,"Sulatatud juust, HIIRTE JUUST, 400 g",ESTOVER OÃœ,,medium,0.75
Barbora,https-barbora-ee-toode-grilljuust-doner-kebab-kohvri-nopri-200-g,Grilljuust DÃ¶ner Kebab Kohvri NOPRI 200g,NOPRI,,Selver,4.74022E+12,"Grilljuust Kohvri DÃ¶ner kebab, NOPRI, 200 g",NOPRI TALUMEIEREI OÃœ,,medium,0.8333
Barbora,https-barbora-ee-toode-tarretis-janks-kirsimaitseline-150-g,"Tarretis JÃ„NKS kirsimaitseline, 150g",JÃ„NKS,,Selver,4.74011E+12,"JÃ¤nks Kirsimaitseline tarretis, 150 g",JÃ¤nks Kirsimaitseline,150 g,medium,0.75
