match_level,match_rule,name_similarity,ean_to_copy_to_vandra,ean_copy_reason,haapsalu_name,haapsalu_brand,haapsalu_size_text,haapsalu_price,haapsalu_image_url,haapsalu_url,haapsalu_ean_raw,vandra_name,vandra_brand,vandra_size_text,vandra_price,vandra_image_url,vandra_url,vandra_ean_raw,haapsalu_chain,haapsalu_channel,haapsalu_store_host,haapsalu_city_path,haapsalu_category_name,haapsalu_ext_id,haapsalu_manufacturer,haapsalu_currency,haapsalu_description,haapsalu_scraped_at,haapsalu_name_clean,haapsalu_brand_clean,haapsalu_size_norm,haapsalu_name_key,haapsalu_first2,haapsalu_first1,vandra_chain,vandra_channel,vandra_store_host,vandra_city_path,vandra_category_name,vandra_ext_id,vandra_manufacturer,vandra_currency,vandra_description,vandra_scraped_at,vandra_name_clean,vandra_brand_clean,vandra_size_norm,vandra_name_key,vandra_first2,vandra_first1
medium,"block(first2,size)+fuzzy>=0.95",0.9552238805970149,8714789670874,from_haapsalu_match,Ajax Crystal klaasipuh.vah 500ml,Ajax,500ml,3.149999999999999911182158029987476766109466552734375,,https://coophaapsalu.ee/toode/ajax-super-effect-500ml/,8714789670874,Ajax Crystal klaasipuh.vahend 500ml,Ajax,500ml,3.979999999999999982236431605997495353221893310546875,,https://vandra.ecoop.ee/et/toode/17255916-ajax-crystal-klaasipuhvahend-500ml,,,,coophaapsalu.ee,,,8714789670874,Colgate&Palmolive SIA,EUR,,2025-09-18 01:40:06.529333+00,ajax crystal klaasipuh.vah 500ml,ajax,500ml,500ml ajax crystal klaasipuh.vah,ajax crystal,ajax,,,vandra.ecoop.ee,,,17255916,Colgate&Palmolive SIA,EUR,,2025-10-11 02:34:49.222779+00,ajax crystal klaasipuh.vahend 500ml,ajax,500ml,500ml ajax crystal klaasipuh.vahend,ajax crystal,ajax
medium,"block(first2,size)+fuzzy>=0.95",0.958904109589041,4740125539059,from_haapsalu_match,Alma jogurt shokolaadirõngastega 150g,Alma,150g,1.25,,https://coophaapsalu.ee/toode/jog-shok-rongastega-150g/,4740125539059,Alma jogurt 150g šokolaadirõngastega,Alma,150g ,8.3300000000000000710542735760100185871124267578125,,https://vandra.ecoop.ee/et/toode/18552499-alma-jogurt-150g-sokolaadirongastega,,,,coophaapsalu.ee,,,4740125539059,Valio Eesti AS,EUR,,2025-09-18 00:16:04.752528+00,alma jogurt shokolaadirõngastega 150g,alma,150g,150g alma jogurt shokolaadirõngastega,alma jogurt,alma,,,vandra.ecoop.ee,,,18552499,Valio Eesti AS,EUR,,2025-10-09 01:41:53.001703+00,alma jogurt 150g šokolaadirõngastega,alma,150g,150g alma jogurt šokolaadirõngastega,alma jogurt,alma
medium,"block(first2,size)+fuzzy>=0.95",0.9863013698630136,4740098072515,from_haapsalu_match,Aura Fresh pirni- õunamahlajook 10% 2L,Aura,2L,2.350000000000000088817841970012523233890533447265625,,https://coophaapsalu.ee/toode/mahlajook-pirn-oun-2l/,4740098072515,Aura Fresh Pirni-Õunamahlajook 10% 2L,Aura,2L,2.350000000000000088817841970012523233890533447265625,,https://vandra.ecoop.ee/et/toode/15960131-aura-fresh-pirni-ounamahlajook-10-2l,,,,coophaapsalu.ee,,,4740098072515,A. Le Coq AS,EUR,,2025-09-18 01:40:06.529333+00,aura fresh pirni- õunamahlajook 10% 2l,aura,2l,10 2l aura fresh pirni- õunamahlajook,aura fresh,aura,,,vandra.ecoop.ee,,,15960131,A. Le Coq AS,EUR,,2025-10-04 06:01:06.344356+00,aura fresh pirni-õunamahlajook 10% 2l,aura,2l,10 2l aura fresh pirni-õunamahlajook,aura fresh,aura
medium,"block(first2,size)+fuzzy>=0.95",0.96,4820237690678,from_haapsalu_match,Axa müslibatoon 25g shokolaadi-kookose,Axa,25g ,0.5500000000000000444089209850062616169452667236328125,,https://coophaapsalu.ee/toode/axa-muslibatoon-25g-shokolaadi-kookose/,4820237690678,Axa müslibatoon 25g šokolaadi-kookose,Axa,25g ,22,,https://vandra.ecoop.ee/et/toode/23104940-axa-muslibatoon-25g-sokolaadi-kookose,,,,coophaapsalu.ee,,,4820237690678,PrJSC Lantmannen Axa,EUR,,2025-09-17 23:55:44.52269+00,axa müslibatoon 25g shokolaadi-kookose,axa,25g,25g axa müslibatoon shokolaadi-kookose,axa müslibatoon,axa,,,vandra.ecoop.ee,,,23104940,PrJSC Lantmannen Axa,EUR,,2025-10-08 09:03:48.89501+00,axa müslibatoon 25g šokolaadi-kookose,axa,25g,25g axa müslibatoon šokolaadi-kookose,axa müslibatoon,axa
medium,"block(first2,size)+fuzzy>=0.95",0.958904109589041,5906747313937,from_haapsalu_match,Barni küpsis 150g shokolaaditäidisega,Barni,150g ,2.9900000000000002131628207280300557613372802734375,,https://coophaapsalu.ee/toode/barni-kupsis-150g-shokolaaditaidisega/,5906747313937,Barni küpsis 150g šokolaaditäidisega,Barni,150g ,15.269999999999999573674358543939888477325439453125,,https://vandra.ecoop.ee/et/toode/14485949-barni-kupsis-150g-sokolaaditaidisega,,,,coophaapsalu.ee,,,5906747313937,Mondelez Baltic UAB,EUR,,2025-09-18 01:11:19.155924+00,barni küpsis 150g shokolaaditäidisega,barni,150g,150g barni küpsis shokolaaditäidisega,barni küpsis,barni,,,vandra.ecoop.ee,,,14485949,Mondelez Baltic UAB,EUR,,2025-10-12 02:43:17.876998+00,barni küpsis 150g šokolaaditäidisega,barni,150g,150g barni küpsis šokolaaditäidisega,barni küpsis,barni
medium,"block(first2,size)+fuzzy>=0.95",0.9577464788732394,5906747314118,from_haapsalu_match,Barni küpsis 30g shokolaaditäidisega,Barni,30g ,0.6999999999999999555910790149937383830547332763671875,,https://coophaapsalu.ee/toode/kupsis-barni-shok-30g/,5906747314118,Barni küpsis 30g šokolaaditäidisega,Barni,30g ,23.3299999999999982946974341757595539093017578125,,https://vandra.ecoop.ee/et/toode/12218312-barni-kupsis-30g-sokolaaditaidisega,,,,coophaapsalu.ee,,,5906747314118,Kraft Foods,EUR,,2025-09-18 01:11:19.155924+00,barni küpsis 30g shokolaaditäidisega,barni,30g,30g barni küpsis shokolaaditäidisega,barni küpsis,barni,,,vandra.ecoop.ee,,,12218312,Kraft Foods,EUR,,2025-10-11 03:14:29.655608+00,barni küpsis 30g šokolaaditäidisega,barni,30g,30g barni küpsis šokolaaditäidisega,barni küpsis,barni
medium,"block(first2,size)+fuzzy>=0.95",0.9620253164556962,7622300443269,from_haapsalu_match,Belvita küpsis 300g shokolaadimaitseline,Belvita,300g ,3.890000000000000124344978758017532527446746826171875,,https://coophaapsalu.ee/toode/kups-shok-maits-300g/,7622300443269,Belvita küpsis 300g šokolaadimaitseline,Belvita,300g ,12.9700000000000006394884621840901672840118408203125,,https://vandra.ecoop.ee/et/toode/15611978-belvita-kupsis-300g-sokolaadimaitseline,,,,coophaapsalu.ee,,,7622300443269,Kraft Foods,EUR,,2025-09-18 01:11:19.155924+00,belvita küpsis 300g shokolaadimaitseline,belvita,300g,300g belvita küpsis shokolaadimaitseline,belvita küpsis,belvita,,,vandra.ecoop.ee,,,15611978,Kraft Foods,EUR,,2025-10-07 13:57:27.905862+00,belvita küpsis 300g šokolaadimaitseline,belvita,300g,300g belvita küpsis šokolaadimaitseline,belvita küpsis,belvita
medium,"block(first2,size)+fuzzy>=0.95",0.9666666666666667,,,Bosto riis pikateraline 8*125g,Bosto,125g,4.29000000000000003552713678800500929355621337890625,,https://coophaapsalu.ee/toode/riis-pikateraline-8125g/,5410106033904,Bosto riis pikateraline 4*125g,Bosto,125g,4.5,,https://vandra.ecoop.ee/et/toode/12625784-bosto-riis-pikateraline-4125g,5410106033638,,,coophaapsalu.ee,,,5410106033904,Ebro Foods Belgium NV.,EUR,,2025-09-17 23:55:44.52269+00,bosto riis pikateraline 8*125g,bosto,125g,125g 8 bosto pikateraline riis,bosto riis,bosto,,,vandra.ecoop.ee,,,12625784,Ebro Foods Belgium NV.,EUR,,2025-10-10 02:29:33.605349+00,bosto riis pikateraline 4*125g,bosto,125g,125g 4 bosto pikateraline riis,bosto riis,bosto
medium,"block(first2,size)+fuzzy>=0.95",0.95,8011510011129,from_haapsalu_match,Conte Fosco Cuvee Dolce vahuvein 0.75L,Conte,0.75L,6.19000000000000039079850466805510222911834716796875,,https://coophaapsalu.ee/toode/conte-fosco-cuvee-dolce-vahuvein-0-75l/,8011510011129,Conte Fosco Cuvee Dolce 0.75L KGT vahuvein,Conte,0.75L ,8.25,,https://vandra.ecoop.ee/et/toode/21572076-conte-fosco-cuvee-dolce-075l-kgt-vahuvein,,,,coophaapsalu.ee,,,8011510011129,C.V.C.Soc.Coop.Agricola,EUR,,2025-09-18 00:16:04.752528+00,conte fosco cuvee dolce vahuvein 0.75l,conte,0.75l,0.75l conte cuvee dolce fosco vahuvein,conte fosco,conte,,,vandra.ecoop.ee,,,21572076,C.V.C.Soc.Coop.Agricola,EUR,,2025-10-08 13:11:55.186762+00,conte fosco cuvee dolce 0.75l kgt vahuvein,conte,0.75l,0.75l conte cuvee dolce fosco kgt vahuvein,conte fosco,conte
medium,"block(first2,size)+fuzzy>=0.95",0.9696969696969697,8005781202461,from_haapsalu_match,Coop Hapu kirsi ekstra dzemm 370g,Coop,370g,2.9900000000000002131628207280300557613372802734375,,https://coophaapsalu.ee/toode/coop-hapu-kirsi-ekstra-dzemm-370g/,8005781202461,Coop Hapu kirsi ekstra džemm 370g,Coop,370g,8.0800000000000000710542735760100185871124267578125,,https://vandra.ecoop.ee/et/toode/23081830-coop-hapu-kirsi-ekstra-dzemm-370g,,,,coophaapsalu.ee,,,8005781202461,Coop Italia S.C.,EUR,,2025-09-17 23:36:49.060136+00,coop hapu kirsi ekstra dzemm 370g,coop,370g,370g coop dzemm ekstra hapu kirsi,coop hapu,coop,,,vandra.ecoop.ee,,,23081830,Coop Italia S.C.,EUR,,2025-10-09 13:10:10.60988+00,coop hapu kirsi ekstra džemm 370g,coop,370g,370g coop džemm ekstra hapu kirsi,coop hapu,coop
medium,"block(first2,size)+fuzzy>=0.95",0.958904109589041,4740660013335,from_haapsalu_match,Coop Kolme shokolaadiga küpsised 150g,Coop,150g,1.5900000000000000799360577730112709105014801025390625,,https://coophaapsalu.ee/toode/kolme-shok-kupsised-150g/,4740660013335,Coop Kolme šokolaadiga küpsised 150g,Coop,150g,10.5999999999999996447286321199499070644378662109375,,https://vandra.ecoop.ee/et/toode/22840548-coop-kolme-sokolaadiga-kupsised-150g,,,,coophaapsalu.ee,,,4740660013335,Coop Eesti,EUR,,2025-09-18 01:11:19.155924+00,coop kolme shokolaadiga küpsised 150g,coop,150g,150g coop kolme küpsised shokolaadiga,coop kolme,coop,,,vandra.ecoop.ee,,,22840548,Coop Eesti,EUR,,2025-10-12 02:43:17.876998+00,coop kolme šokolaadiga küpsised 150g,coop,150g,150g coop kolme küpsised šokolaadiga,coop kolme,coop
medium,"block(first2,size)+fuzzy>=0.95",0.9620253164556962,4740660011348,from_haapsalu_match,Coop küpsetuspaberi leh. 24tk/38cm*42cm,Coop,24tk,1.79000000000000003552713678800500929355621337890625,,https://coophaapsalu.ee/toode/kupsetuspaberi-lehed-2/,4740660011348,Coop küpsetuspaberi lehed 24tk 38cm*42cm,Coop,24tk ,2.4900000000000002131628207280300557613372802734375,,https://vandra.ecoop.ee/et/toode/22788028-coop-kupsetuspaberi-lehed-24tk-38cm42cm,,,,coophaapsalu.ee,,,4740660011348,Coop Eesti,EUR,,2025-09-18 01:40:06.529333+00,coop küpsetuspaberi leh. 24tk/38cm*42cm,coop,24tk,24tk 38cm 42cm coop küpsetuspaberi leh.,coop küpsetuspaberi,coop,,,vandra.ecoop.ee,,,22788028,Coop Eesti,EUR,,2025-10-09 13:10:10.60988+00,coop küpsetuspaberi lehed 24tk 38cm*42cm,coop,24tk,24tk 38cm 42cm coop küpsetuspaberi lehed,coop küpsetuspaberi,coop
medium,"block(first2,size)+fuzzy>=0.95",0.975609756097561,4740660017241,from_haapsalu_match,Coop Supreme soolaforellifilee viil 100g,Coop,100g,3.9900000000000002131628207280300557613372802734375,,https://coophaapsalu.ee/toode/coop-supreme-soolaforellifilee-viil-100g/,4740660017241,Coop Supreme Soolaforellifilee viilud 100g,Coop,100g,39.89999999999999857891452847979962825775146484375,,https://vandra.ecoop.ee/et/toode/23031275-coop-supreme-soolaforellifilee-viilud-100g,,,,coophaapsalu.ee,,,4740660017241,Toodetud Coop Eesti tellimusel,EUR,,2025-09-18 01:40:06.529333+00,coop supreme soolaforellifilee viil 100g,coop,100g,100g coop soolaforellifilee supreme viil,coop supreme,coop,,,vandra.ecoop.ee,,,23031275,Toodetud Coop Eesti tellimusel,EUR,,2025-10-11 02:26:10.500434+00,coop supreme soolaforellifilee viilud 100g,coop,100g,100g coop soolaforellifilee supreme viilud,coop supreme,coop
medium,"block(first2,size)+fuzzy>=0.95",0.9508196721311475,4740660011683,from_haapsalu_match,Coop Supreme Pekanipähklid 240g,Coop,240g,6.9900000000000002131628207280300557613372802734375,,https://coophaapsalu.ee/toode/pekanipahklid-240g/,4740660011683,Coop Supreme Pekanipähkel 240g,Coop,240g,29.120000000000000994759830064140260219573974609375,,https://vandra.ecoop.ee/et/toode/22795842-coop-supreme-pekanipahkel-240g,,,,coophaapsalu.ee,,,4740660011683,Toodetud Coop Eesti tellimusel,EUR,,2025-09-18 01:11:19.155924+00,coop supreme pekanipähklid 240g,coop,240g,240g coop pekanipähklid supreme,coop supreme,coop,,,vandra.ecoop.ee,,,22795842,Toodetud Coop Eesti tellimusel,EUR,,2025-10-11 03:14:29.655608+00,coop supreme pekanipähkel 240g,coop,240g,240g coop pekanipähkel supreme,coop supreme,coop
medium,"block(first2,size)+fuzzy>=0.95",0.9512195121951219,8005781201778,from_haapsalu_match,Coop Tomatikaste 400g basiiliku.Basilico,Coop,400g ,1.9899999999999999911182158029987476766109466552734375,,https://coophaapsalu.ee/toode/coop-tomatikaste-400g-basiiliku-basilico/,8005781201778,Coop tomatikaste Basilico 400g basiilikuga,Coop,400g ,4.96999999999999975131004248396493494510650634765625,,https://vandra.ecoop.ee/et/toode/22928844-coop-tomatikaste-basilico-400g-basiilikuga,,,,coophaapsalu.ee,,,8005781201778,Gustibus Alimentari S.r.l.,EUR,,2025-09-17 23:36:49.060136+00,coop tomatikaste 400g basiiliku.basilico,coop,400g,400g basiiliku.basilico coop tomatikaste,coop tomatikaste,coop,,,vandra.ecoop.ee,,,22928844,Gustibus Alimentari S.r.l.,EUR,,2025-10-08 13:11:55.186762+00,coop tomatikaste basilico 400g basiilikuga,coop,400g,400g basiilikuga basilico coop tomatikaste,coop tomatikaste,coop
medium,"block(first2,size)+fuzzy>=0.95",0.9666666666666667,8005781202485,from_haapsalu_match,Coop Virsiku ekstra dzemm 370g,Coop,370g,2.9900000000000002131628207280300557613372802734375,,https://coophaapsalu.ee/toode/coop-virsiku-ekstra-dzemm-370g/,8005781202485,Coop Virsiku ekstra džemm 370g,Coop,370g,8.0800000000000000710542735760100185871124267578125,,https://vandra.ecoop.ee/et/toode/23081832-coop-virsiku-ekstra-dzemm-370g,,,,coophaapsalu.ee,,,8005781202485,Coop Italia S.C.,EUR,,2025-09-17 23:36:49.060136+00,coop virsiku ekstra dzemm 370g,coop,370g,370g coop dzemm ekstra virsiku,coop virsiku,coop,,,vandra.ecoop.ee,,,23081832,Coop Italia S.C.,EUR,,2025-10-10 02:29:33.605349+00,coop virsiku ekstra džemm 370g,coop,370g,370g coop džemm ekstra virsiku,coop virsiku,coop
medium,"block(first2,size)+fuzzy>=0.95",0.9577464788732394,4011800295011,from_haapsalu_match,Corny proteiinibatoon 50g shokolaadi,Corny,50g ,2.189999999999999946709294817992486059665679931640625,,https://coophaapsalu.ee/toode/corny-protein-power-batoon-50g-shok/,4011800295011,Corny proteiinibatoon 50g šokolaadi,Corny,50g ,33.7999999999999971578290569595992565155029296875,,https://vandra.ecoop.ee/et/toode/23069154-corny-proteiinibatoon-50g-sokolaadi,,,,coophaapsalu.ee,,,4011800295011,Schwartau Werke GmbH & Co. KGaA,EUR,,2025-09-17 23:10:00.415321+00,corny proteiinibatoon 50g shokolaadi,corny,50g,50g corny proteiinibatoon shokolaadi,corny proteiinibatoon,corny,,,vandra.ecoop.ee,,,23069154,Schwartau Werke GmbH & Co. KGaA,EUR,,2025-10-09 05:48:07.65738+00,corny proteiinibatoon 50g šokolaadi,corny,50g,50g corny proteiinibatoon šokolaadi,corny proteiinibatoon,corny
medium,"block(first2,size)+fuzzy>=0.95",0.9655172413793104,,,Dilmah Premium must tee 50*2g,Dilmah,2g,4.1500000000000003552713678800500929355621337890625,,https://coophaapsalu.ee/toode/tee-dilmah-502g/,9312631801552,Dilmah Premium must tee 30*2g,Dilmah,2g,34.1700000000000017053025658242404460906982421875,,https://vandra.ecoop.ee/et/toode/22531991-dilmah-premium-must-tee-302g,9312631000900,,,coophaapsalu.ee,,,9312631801552,MJF Group,EUR,,2025-09-18 01:40:06.529333+00,dilmah premium must tee 50*2g,dilmah,2g,2g 50 dilmah must premium tee,dilmah premium,dilmah,,,vandra.ecoop.ee,,,22531991,MJF Group,EUR,,2025-10-09 09:51:21.515604+00,dilmah premium must tee 30*2g,dilmah,2g,2g 30 dilmah must premium tee,dilmah premium,dilmah
medium,"block(first2,size)+fuzzy>=0.95",0.9714285714285714,8720181377266,from_haapsalu_match,Domestos Citrus WC puh/vahend 750ml,Domestos,750ml,3.689999999999999946709294817992486059665679931640625,,https://coophaapsalu.ee/toode/domestos-citrus-750ml/,8720181377266,Domestos Citrus WC puh.vahend 750ml,Domestos,750ml,4.9199999999999999289457264239899814128875732421875,,https://vandra.ecoop.ee/et/toode/12962417-domestos-citrus-wc-puhvahend-750ml,,,,coophaapsalu.ee,,,8720181377266,Unilever Polska Sp. z o.o,EUR,,2025-09-17 23:10:00.415321+00,domestos citrus wc puh/vahend 750ml,domestos,750ml,750ml citrus domestos puh vahend wc,domestos citrus,domestos,,,vandra.ecoop.ee,,,12962417,Unilever Polska Sp. z o.o,EUR,,2025-10-11 02:34:49.222779+00,domestos citrus wc puh.vahend 750ml,domestos,750ml,750ml citrus domestos puh.vahend wc,domestos citrus,domestos
medium,"block(first2,size)+fuzzy>=0.95",0.95,5949040203000,from_haapsalu_match,Elephant rõngik 70g tomati-ürdimaitsel,Elephant,70g ,1.4899999999999999911182158029987476766109466552734375,,https://coophaapsalu.ee/toode/elephant-rongik-70g-tomati-urdimaitsel/,5949040203000,Elephant rõngik 70g tomati-ürdimaitselised,Elephant,70g ,17,,https://vandra.ecoop.ee/et/toode/22883316-elephant-rongik-70g-tomati-urdimaitselised,,,,coophaapsalu.ee,,,5949040203000,Alka Trading Co Srl,EUR,,2025-09-18 01:11:19.155924+00,elephant rõngik 70g tomati-ürdimaitsel,elephant,70g,70g elephant rõngik tomati-ürdimaitsel,elephant rõngik,elephant,,,vandra.ecoop.ee,,,22883316,Alka Trading Co Srl,EUR,,2025-10-09 05:48:07.65738+00,elephant rõngik 70g tomati-ürdimaitselised,elephant,70g,70g elephant rõngik tomati-ürdimaitselised,elephant rõngik,elephant
medium,"block(first2,size)+fuzzy>=0.95",0.9565217391304348,4740113090814,from_haapsalu_match,Farmi Koorene shokolaadipuding 230g,Farmi,230g,1.189999999999999946709294817992486059665679931640625,,https://coophaapsalu.ee/toode/farmi-shokolaadipuding-230g/,4740113090814,Farmi koorene šokolaadipuding 230g,Farmi,230g,0,,https://vandra.ecoop.ee/et/toode/21374234-farmi-koorene-sokolaadipuding-230g,,,,coophaapsalu.ee,,,4740113090814,Farmi Piimatööstus AS,EUR,,2025-09-18 00:16:04.752528+00,farmi koorene shokolaadipuding 230g,farmi,230g,230g farmi koorene shokolaadipuding,farmi koorene,farmi,,,vandra.ecoop.ee,,,21374234,Farmi Piimatööstus AS,EUR,,2025-10-07 13:10:31.292384+00,farmi koorene šokolaadipuding 230g,farmi,230g,230g farmi koorene šokolaadipuding,farmi koorene,farmi
medium,"block(first2,size)+fuzzy>=0.95",0.975609756097561,8001120782328,from_haapsalu_match,Fior Fiore Rohelised oliivid 560g kiviga,Fior,560g ,3.689999999999999946709294817992486059665679931640625,,https://coophaapsalu.ee/toode/roh-oliivid-kiviga-560g/,8001120782328,Fior Fiore Rohelised oliivid 560g kividega,Fior,560g ,11.5299999999999993605115378159098327159881591796875,,https://vandra.ecoop.ee/et/toode/22634699-fior-fiore-rohelised-oliivid-560g-kividega,,,,coophaapsalu.ee,,,8001120782328,Coop Italian Food SpA,EUR,,2025-09-17 23:36:49.060136+00,fior fiore rohelised oliivid 560g kiviga,fior,560g,560g fior fiore kiviga oliivid rohelised,fior fiore,fior,,,vandra.ecoop.ee,,,22634699,Coop Italian Food SpA,EUR,,2025-10-12 02:34:43.585365+00,fior fiore rohelised oliivid 560g kividega,fior,560g,560g fior fiore kividega oliivid rohelised,fior fiore,fior
medium,"block(first2,size)+fuzzy>=0.95",0.9538461538461539,,,Gallina Blanca kanapuljong 15*10g,Gallina,10g,1.649999999999999911182158029987476766109466552734375,,https://coophaapsalu.ee/toode/gallina-blanca-kanapuljong-1510g/,8410300356028,Gallina Blanca kanapuljong 8*10g,Gallina,10g,11.8699999999999992184029906638897955417633056640625,,https://vandra.ecoop.ee/et/toode/12793012-gallina-blanca-kanapuljong-810g,8410300242215,,,coophaapsalu.ee,,,8410300356028,Gallina Blanca S.A.U.,EUR,,2025-09-17 23:55:44.52269+00,gallina blanca kanapuljong 15*10g,gallina,10g,10g 15 blanca gallina kanapuljong,gallina blanca,gallina,,,vandra.ecoop.ee,,,12793012,Preparados Alimenticios S.A,EUR,,2025-10-12 02:34:43.585365+00,gallina blanca kanapuljong 8*10g,gallina,10g,10g 8 blanca gallina kanapuljong,gallina blanca,gallina
medium,"block(first2,size)+fuzzy>=0.95",0.9538461538461539,,,Gallina Blanca kanapuljong 8*10g,Gallina,10g,0.9499999999999999555910790149937383830547332763671875,,https://coophaapsalu.ee/toode/kanapuljong-810g/,8410300242215,Gallina Blanca kanapuljong 15*10g,Gallina,10g,11,,https://vandra.ecoop.ee/et/toode/22532429-gallina-blanca-kanapuljong-1510g,8410300356028,,,coophaapsalu.ee,,,8410300242215,Preparados Alimenticios S.A,EUR,,2025-09-17 23:55:44.52269+00,gallina blanca kanapuljong 8*10g,gallina,10g,10g 8 blanca gallina kanapuljong,gallina blanca,gallina,,,vandra.ecoop.ee,,,22532429,Gallina Blanca S.A.U.,EUR,,2025-10-12 02:34:43.585365+00,gallina blanca kanapuljong 15*10g,gallina,10g,10g 15 blanca gallina kanapuljong,gallina blanca,gallina
medium,"block(first2,size)+fuzzy>=0.95",0.9705882352941176,,,Green Mustad oliivid 300g kividega,Green,300g ,1.5500000000000000444089209850062616169452667236328125,,https://coophaapsalu.ee/toode/mustad-oliivid-k-ga-300g/,4744148010465,Green Mustad oliivid 300g kivideta,Green,300g ,0,,https://vandra.ecoop.ee/et/toode/21196737-green-mustad-oliivid-300g-kivideta,4744148010458,,,coophaapsalu.ee,,,4744148010465,Aceitunas Losada S.L.,EUR,,2025-09-17 23:36:49.060136+00,green mustad oliivid 300g kividega,green,300g,300g green kividega mustad oliivid,green mustad,green,,,vandra.ecoop.ee,,,21196737,Aceitunas Losada S.L.,EUR,,2025-10-08 21:12:06.993338+00,green mustad oliivid 300g kivideta,green,300g,300g green kivideta mustad oliivid,green mustad,green
medium,"block(first2,size)+fuzzy>=0.95",0.9705882352941176,,,Green Mustad oliivid 300g kivideta,Green,300g ,1.5900000000000000799360577730112709105014801025390625,,https://coophaapsalu.ee/toode/mustad-oliivid-k-ta-300g/,4744148010458,Green Mustad oliivid 300g kividega,Green,300g ,10.3300000000000000710542735760100185871124267578125,,https://vandra.ecoop.ee/et/toode/21593933-green-mustad-oliivid-300g-kividega,4744148010465,,,coophaapsalu.ee,,,4744148010458,Aceitunas Losada S.L.,EUR,,2025-09-17 23:36:49.060136+00,green mustad oliivid 300g kivideta,green,300g,300g green kivideta mustad oliivid,green mustad,green,,,vandra.ecoop.ee,,,21593933,Aceitunas Losada S.L.,EUR,,2025-10-08 21:12:06.993338+00,green mustad oliivid 300g kividega,green,300g,300g green kividega mustad oliivid,green mustad,green
medium,"block(first2,size)+fuzzy>=0.95",0.9523809523809523,8410376051940,from_haapsalu_match,Gullon kreeker 250g kinoa ja chia seemne,Gullon,250g ,3.25,,https://coophaapsalu.ee/toode/gullon-kreeker-250g-kinoa-ja-chia-seemne/,8410376051940,Gullon kreeker 250g kinoa ja chia seemnetega,Gullon,250g ,13,,https://vandra.ecoop.ee/et/toode/23019018-gullon-kreeker-250g-kinoa-ja-chia-seemnetega,,,,coophaapsalu.ee,,,8410376051940,Galletas Gullon S.A,EUR,,2025-09-18 01:11:19.155924+00,gullon kreeker 250g kinoa ja chia seemne,gullon,250g,250g chia gullon ja kinoa kreeker seemne,gullon kreeker,gullon,,,vandra.ecoop.ee,,,23019018,Galletas Gullon S.A,EUR,,2025-10-12 02:43:17.876998+00,gullon kreeker 250g kinoa ja chia seemnetega,gullon,250g,250g chia gullon ja kinoa kreeker seemnetega,gullon kreeker,gullon
medium,"block(first2,size)+fuzzy>=0.95",0.972972972972973,5908252014057,from_haapsalu_match,Harpic Max Citrus WC puh/vahend 750ml,Harpic,750ml,4.8499999999999996447286321199499070644378662109375,,https://coophaapsalu.ee/toode/harpic-max-citrus-wc-puh-vahend-750ml/,5908252014057,Harpic Max Citrus WC puh.vahend 750ml,Harpic,750ml,6.46999999999999975131004248396493494510650634765625,,https://vandra.ecoop.ee/et/toode/12242852-harpic-max-citrus-wc-puhvahend-750ml,,,,coophaapsalu.ee,,,5908252014057,Reckitt Benckiser,EUR,,2025-09-17 23:10:00.415321+00,harpic max citrus wc puh/vahend 750ml,harpic,750ml,750ml citrus harpic max puh vahend wc,harpic max,harpic,,,vandra.ecoop.ee,,,12242852,Reckitt Benckiser,EUR,,2025-10-11 02:34:49.222779+00,harpic max citrus wc puh.vahend 750ml,harpic,750ml,750ml citrus harpic max puh.vahend wc,harpic max,harpic
medium,"block(first2,size)+fuzzy>=0.95",0.95,4740098094869,from_haapsalu_match,Hoggys Rhubarb Bliss siider 4.5% 0.355L,Hoggys,0.355L,1.649999999999999911182158029987476766109466552734375,,https://coophaapsalu.ee/toode/hoggys-rhubarb-bliss-siider-4-5-0-355l/,4740098094869,Hoggys Rhubarb Bliss siider 4.5% vol 0.355L,Hoggys,0.355L,3.350000000000000088817841970012523233890533447265625,,https://vandra.ecoop.ee/et/toode/22961485-hoggys-rhubarb-bliss-siider-45-vol-0355l,,,,coophaapsalu.ee,,,4740098094869,A. Le Coq AS,EUR,,2025-09-18 00:16:04.752528+00,hoggys rhubarb bliss siider 4.5% 0.355l,hoggys,0.355l,0.355l 4.5 bliss hoggys rhubarb siider,hoggys rhubarb,hoggys,,,vandra.ecoop.ee,,,22961485,A. Le Coq AS,EUR,,2025-10-04 06:01:06.344356+00,hoggys rhubarb bliss siider 4.5% vol 0.355l,hoggys,0.355l,0.355l 4.5 bliss hoggys rhubarb siider vol,hoggys rhubarb,hoggys
medium,"block(first2,size)+fuzzy>=0.95",0.987012987012987,4742437009190,from_haapsalu_match,Home prügikott 350L 5tk 105*150cm 50mic,Home,350L ,2.9900000000000002131628207280300557613372802734375,,https://coophaapsalu.ee/toode/prugikott-home-350l-5tk/,4742437009190,Home prügikott 350L 5k 105*150cm 50mic,Home,350L ,2.649999999999999911182158029987476766109466552734375,,https://vandra.ecoop.ee/et/toode/22911471-home-prugikott-350l-5k-105150cm-50mic,,,,coophaapsalu.ee,,,4742437009190,Prime Partner AS,EUR,,2025-09-18 01:40:06.529333+00,home prügikott 350l 5tk 105*150cm 50mic,home,350l,105 150cm 350l 50mic 5tk home prügikott,home prügikott,home,,,vandra.ecoop.ee,,,22911471,Prime Partner AS,EUR,,2025-10-12 01:55:56.828109+00,home prügikott 350l 5k 105*150cm 50mic,home,350l,105 150cm 350l 50mic 5k home prügikott,home prügikott,home
medium,"block(first2,size)+fuzzy>=0.95",0.9629629629629629,5029053578132,from_haapsalu_match,Huggies Extra Care5 mähkmed 11-25kg 50tk,Huggies,25kg ,24.5,,https://coophaapsalu.ee/toode/huggies-elite-soft5-mahkmed-15-22kg-50tk/,5029053578132,Huggies Extra Care 5 mähkmed 11-25kg 50tk,Huggies,25kg ,0.4899999999999999911182158029987476766109466552734375,,https://vandra.ecoop.ee/et/toode/23061396-huggies-extra-care-5-mahkmed-11-25kg-50tk,,,,coophaapsalu.ee,,,5029053578132,Kimberly Clark SA,EUR,,2025-09-17 22:31:20.624218+00,huggies extra care5 mähkmed 11-25kg 50tk,huggies,25kg,11-25kg 50tk care5 extra huggies mähkmed,huggies extra,huggies,,,vandra.ecoop.ee,,,23061396,Kimberly Clark SA,EUR,,2025-10-12 02:32:48.340297+00,huggies extra care 5 mähkmed 11-25kg 50tk,huggies,25kg,11-25kg 5 50tk care extra huggies mähkmed,huggies extra,huggies
medium,"block(first2,size)+fuzzy>=0.95",0.975609756097561,4740660010686,from_haapsalu_match,"Hüva India pähklid 400g röstitud, soolat",Hüva,400g ,6.4900000000000002131628207280300557613372802734375,,https://coophaapsalu.ee/toode/india-pahklid-400g/,4740660010686,"Hüva India pähklid 400g röstitud, soolatud",Hüva,400g ,13.7200000000000006394884621840901672840118408203125,,https://vandra.ecoop.ee/et/toode/22777413-huva-india-pahklid-400g-rostitud-soolatud,,,,coophaapsalu.ee,,,4740660010686,Toodetud Coop Eesti tellimusel,EUR,,2025-09-18 01:11:19.155924+00,hüva india pähklid 400g röstitud. soolat,hüva,400g,400g hüva india pähklid röstitud. soolat,hüva india,hüva,,,vandra.ecoop.ee,,,22777413,Toodetud Coop Eesti tellimusel,EUR,,2025-10-09 02:28:45.781696+00,hüva india pähklid 400g röstitud. soolatud,hüva,400g,400g hüva india pähklid röstitud. soolatud,hüva india,hüva
medium,"block(first2,size)+fuzzy>=0.95",0.9863013698630136,4740660004807,from_haapsalu_match,Hüva kohupiim lahja vaniliiniga 200g,Hüva,200g,0.89000000000000001332267629550187848508358001708984375,,https://coophaapsalu.ee/toode/kohup-lahja-vanil-200g-2/,4740660004807,Hüva kohupiim lahja vanilliiniga 200g,Hüva,200g,4.45000000000000017763568394002504646778106689453125,,https://vandra.ecoop.ee/et/toode/19832802-huva-kohupiim-lahja-vanilliiniga-200g,,,,coophaapsalu.ee,,,4740660004807,Coop Eesti,EUR,,2025-09-18 00:16:04.752528+00,hüva kohupiim lahja vaniliiniga 200g,hüva,200g,200g hüva kohupiim lahja vaniliiniga,hüva kohupiim,hüva,,,vandra.ecoop.ee,,,19832802,Coop Eesti,EUR,,2025-10-09 13:10:10.60988+00,hüva kohupiim lahja vanilliiniga 200g,hüva,200g,200g hüva kohupiim lahja vanilliiniga,hüva kohupiim,hüva
medium,"block(first2,size)+fuzzy>=0.95",0.9743589743589743,,,Hüva mahlajää virsik-metsmarja-õun 6*75g,Hüva,75g,2.9900000000000002131628207280300557613372802734375,,https://coophaapsalu.ee/toode/mahlajaa-huva-675g/,4740660012505,Hüva mahlajää virsik-metsmarja-õun 75g,Hüva,75g,7.87000000000000010658141036401502788066864013671875,,https://vandra.ecoop.ee/et/toode/22813736-huva-mahlajaa-virsik-metsmarja-oun-75g,4740660012499,,,coophaapsalu.ee,,,4740660012505,Coop Eesti,EUR,,2025-09-18 01:11:19.155924+00,hüva mahlajää virsik-metsmarja-õun 6*75g,hüva,75g,6 75g hüva mahlajää virsik-metsmarja-õun,hüva mahlajää,hüva,,,vandra.ecoop.ee,,,22813736,Coop Eesti,EUR,,2025-10-09 13:10:40.821112+00,hüva mahlajää virsik-metsmarja-õun 75g,hüva,75g,75g hüva mahlajää virsik-metsmarja-õun,hüva mahlajää,hüva
medium,"block(first2,size)+fuzzy>=0.95",0.9743589743589743,,,Hüva mahlajää virsik-metsmarja-õun 75g,Hüva,75g,0.58999999999999996891375531049561686813831329345703125,,https://coophaapsalu.ee/toode/mahlajaa-huva-75g/,4740660012499,Hüva mahlajää virsik-metsmarja-õun 6*75g,Hüva,75g,6.63999999999999968025576890795491635799407958984375,,https://vandra.ecoop.ee/et/toode/22813743-huva-mahlajaa-virsik-metsmarja-oun-675g,4740660012505,,,coophaapsalu.ee,,,4740660012499,Coop Eesti,EUR,,2025-09-18 01:11:19.155924+00,hüva mahlajää virsik-metsmarja-õun 75g,hüva,75g,75g hüva mahlajää virsik-metsmarja-õun,hüva mahlajää,hüva,,,vandra.ecoop.ee,,,22813743,Coop Eesti,EUR,,2025-10-09 13:10:40.821112+00,hüva mahlajää virsik-metsmarja-õun 6*75g,hüva,75g,6 75g hüva mahlajää virsik-metsmarja-õun,hüva mahlajää,hüva
medium,"block(first2,size)+fuzzy>=0.95",0.9629629629629629,4740660001776,from_haapsalu_match,Hüva toored grillvorstid 500g lambasool.,Hüva,500g ,3.9900000000000002131628207280300557613372802734375,,https://coophaapsalu.ee/toode/grillvorstid-huva-500g/,4740660001776,Hüva Toored grillvorstid lambasooles 500g,Hüva,500g,0,,https://vandra.ecoop.ee/et/toode/18559989-huva-toored-grillvorstid-lambasooles-500g,,,,coophaapsalu.ee,,,4740660001776,Coop Eesti,EUR,,2025-09-18 01:40:06.529333+00,hüva toored grillvorstid 500g lambasool.,hüva,500g,500g grillvorstid hüva lambasool. toored,hüva toored,hüva,,,vandra.ecoop.ee,,,18559989,Coop Eesti,EUR,,2025-10-09 13:10:10.60988+00,hüva toored grillvorstid lambasooles 500g,hüva,500g,500g grillvorstid hüva lambasooles toored,hüva toored,hüva
medium,"block(first2,size)+fuzzy>=0.95",0.975609756097561,6416453073432,from_haapsalu_match,Jyväshyvä kaeraküpsis 350g 100%kaerajahu,Jyväshyvä,350g 100,3.850000000000000088817841970012523233890533447265625,,https://coophaapsalu.ee/toode/jyvashyva-kaerakupsis-350g-100kaerajahu/,6416453073432,Jyväshyvä kaeraküpsis 350g 100% kaerajahust,Jyväshyvä,350g 100,0,,https://vandra.ecoop.ee/et/toode/22939425-jyvashyva-kaerakupsis-350g-100-kaerajahust,,,,coophaapsalu.ee,,,6416453073432,Fazer Confectionery Oy,EUR,,2025-09-18 01:11:19.155924+00,jyväshyvä kaeraküpsis 350g 100%kaerajahu,jyväshyvä,350g,100 350g jyväshyvä kaerajahu kaeraküpsis,jyväshyvä kaeraküpsis,jyväshyvä,,,vandra.ecoop.ee,,,22939425,Fazer Confectionery Oy,EUR,,2025-10-08 02:25:53.651382+00,jyväshyvä kaeraküpsis 350g 100% kaerajahust,jyväshyvä,350g,100 350g jyväshyvä kaerajahust kaeraküpsis,jyväshyvä kaeraküpsis,jyväshyvä
medium,"block(first2,size)+fuzzy>=0.95",0.9642857142857143,8000500180709,from_haapsalu_match,Kinder Bueno Mini komm 108g,Kinder,108g,3.25,,https://coophaapsalu.ee/toode/kinder-bueno-mini-108g/,8000500180709,Kinder Bueno Mini kommid 108g,Kinder,108g,30.089999999999999857891452847979962825775146484375,,https://vandra.ecoop.ee/et/toode/20005080-kinder-bueno-mini-kommid-108g,,,,coophaapsalu.ee,,,8000500180709,Ferrero SpA,EUR,,2025-09-18 01:11:19.155924+00,kinder bueno mini komm 108g,kinder,108g,108g bueno kinder komm mini,kinder bueno,kinder,,,vandra.ecoop.ee,,,20005080,Ferrero SpA,EUR,,2025-10-09 13:56:40.22489+00,kinder bueno mini kommid 108g,kinder,108g,108g bueno kinder kommid mini,kinder bueno,kinder
medium,"block(first2,size)+fuzzy>=0.95",0.9666666666666667,4742024110131,from_haapsalu_match,Kodutalu õrrekana munad M 10tk,Kodutalu,10tk,2.589999999999999857891452847979962825775146484375,,https://coophaapsalu.ee/toode/kanamunad-m-10tk-2/,4742024110131,Kodutalu õrrekana munad L 10tk,Kodutalu,10tk,0.289999999999999980015985556747182272374629974365234375,,https://vandra.ecoop.ee/et/toode/22885404-kodutalu-orrekana-munad-l-10tk,,,,coophaapsalu.ee,,,4742024110131,Sanlind OÜ,EUR,,2025-09-18 00:16:04.752528+00,kodutalu õrrekana munad m 10tk,kodutalu,10tk,10tk kodutalu m munad õrrekana,kodutalu õrrekana,kodutalu,,,vandra.ecoop.ee,,,22885404,Sanlind OÜ,EUR,,2025-10-09 09:03:54.430932+00,kodutalu õrrekana munad l 10tk,kodutalu,10tk,10tk kodutalu l munad õrrekana,kodutalu õrrekana,kodutalu
medium,"block(first2,size)+fuzzy>=0.95",0.95,7393714377012,from_haapsalu_match,Kopparberg Wildberries siider 4.5% 0.5L,Kopparberg,0.5L,2.649999999999999911182158029987476766109466552734375,,https://coophaapsalu.ee/toode/kopparberg-wildberries-siider-4-5-0-5l/,7393714377012,Kopparberg Wildberries siider 4.5% vol 0.5L,Kopparberg,0.5L,5.0999999999999996447286321199499070644378662109375,,https://vandra.ecoop.ee/et/toode/12864590-kopparberg-wildberries-siider-45-vol-05l,,,,coophaapsalu.ee,,,7393714377012,Kopparbergs Brewery,EUR,,2025-09-18 00:16:04.752528+00,kopparberg wildberries siider 4.5% 0.5l,kopparberg,0.5l,0.5l 4.5 kopparberg siider wildberries,kopparberg wildberries,kopparberg,,,vandra.ecoop.ee,,,12864590,Kopparbergs Brewery,EUR,,2025-10-09 13:57:52.523613+00,kopparberg wildberries siider 4.5% vol 0.5l,kopparberg,0.5l,0.5l 4.5 kopparberg siider vol wildberries,kopparberg wildberries,kopparberg
medium,"block(first2,size)+fuzzy>=0.95",0.9620253164556962,8720608011919,from_haapsalu_match,Lipton English Breakfast m/tee 25*1.8g,Lipton,1.8g,2.75,,https://coophaapsalu.ee/toode/engl-breakfast-251-8g/,8720608011919,Lipton English Breakfast must tee 25*1.8g,Lipton,1.8g,0,,https://vandra.ecoop.ee/et/toode/19534372-lipton-english-breakfast-must-tee-2518g,,,,coophaapsalu.ee,,,8720608011919,Unilever Polska Sp. z o.o,EUR,,2025-09-18 01:40:06.529333+00,lipton english breakfast m/tee 25*1.8g,lipton,1.8g,1.8g 25 breakfast english lipton m tee,lipton english,lipton,,,vandra.ecoop.ee,,,19534372,Unilever Polska Sp. z o.o,EUR,,2025-10-08 21:50:21.587627+00,lipton english breakfast must tee 25*1.8g,lipton,1.8g,1.8g 25 breakfast english lipton must tee,lipton english,lipton
medium,"block(first2,size)+fuzzy>=0.95",0.963855421686747,8720608014248,from_haapsalu_match,Lipton marjatee 20*1.7g grapefruit-apels,Lipton,1.7g ,3.04999999999999982236431605997495353221893310546875,,https://coophaapsalu.ee/toode/lipton-marjatee-201-7g-grapefruit-apels/,8720608014248,Lipton marjatee 20*1.7g grapefruit-apelsini,Lipton,1.7g ,89.7099999999999937472239253111183643341064453125,,https://vandra.ecoop.ee/et/toode/23104085-lipton-marjatee-2017g-grapefruit-apelsini,,,,coophaapsalu.ee,,,8720608014248,Orbico Sp. z o.o.,EUR,,2025-09-18 01:40:06.529333+00,lipton marjatee 20*1.7g grapefruit-apels,lipton,1.7g,1.7g 20 grapefruit-apels lipton marjatee,lipton marjatee,lipton,,,vandra.ecoop.ee,,,23104085,Orbico Sp. z o.o.,EUR,,2025-10-08 02:08:15.273892+00,lipton marjatee 20*1.7g grapefruit-apelsini,lipton,1.7g,1.7g 20 grapefruit-apelsini lipton marjatee,lipton marjatee,lipton
medium,"block(first2,size)+fuzzy>=0.95",0.975,7613032737115,from_haapsalu_match,Maggi juustu kiirsupp 19g saiakuubikute,Maggi,19g ,0.75,,https://coophaapsalu.ee/toode/juustu-kiirsupp-19g/,7613032737115,Maggi juustu kiirsupp 19g saiakuubikutega,Maggi,19g ,39.469999999999998863131622783839702606201171875,,https://vandra.ecoop.ee/et/toode/15617613-maggi-juustu-kiirsupp-19g-saiakuubikutega,,,,coophaapsalu.ee,,,7613032737115,Nestle Polska S.A.,EUR,,2025-09-17 23:55:44.52269+00,maggi juustu kiirsupp 19g saiakuubikute,maggi,19g,19g juustu kiirsupp maggi saiakuubikute,maggi juustu,maggi,,,vandra.ecoop.ee,,,15617613,Nestle Polska S.A.,EUR,,2025-10-07 01:42:54.229942+00,maggi juustu kiirsupp 19g saiakuubikutega,maggi,19g,19g juustu kiirsupp maggi saiakuubikutega,maggi juustu,maggi
medium,"block(first2,size)+fuzzy>=0.95",0.9523809523809523,7613032292232,from_haapsalu_match,Maggi Koorene kana kiirsupp 16g krutooni,Maggi,16g ,0.75,,https://coophaapsalu.ee/toode/kanapuree-kiirsupp-16g-2/,7613032292232,Maggi Koorene kana kiirsupp 16g krutoonidega,Maggi,16g ,46.86999999999999744204615126363933086395263671875,,https://vandra.ecoop.ee/et/toode/14393116-maggi-koorene-kana-kiirsupp-16g-krutoonidega,,,,coophaapsalu.ee,,,7613032292232,Nestle Polska S.A.,EUR,,2025-09-17 23:55:44.52269+00,maggi koorene kana kiirsupp 16g krutooni,maggi,16g,16g kana kiirsupp koorene krutooni maggi,maggi koorene,maggi,,,vandra.ecoop.ee,,,14393116,Nestle Polska S.A.,EUR,,2025-10-12 02:34:43.585365+00,maggi koorene kana kiirsupp 16g krutoonidega,maggi,16g,16g kana kiirsupp koorene krutoonidega maggi,maggi koorene,maggi
medium,"block(first2,size)+fuzzy>=0.95",0.9523809523809523,4740140300078,from_haapsalu_match,Manni mannavahupulber 200g maasikamaitse,Manni,200g ,1.850000000000000088817841970012523233890533447265625,,https://coophaapsalu.ee/toode/mannavaht-maasika-200g/,4740140300078,Manni mannavahupulber 200g maasikamaitseline,Manni,200g ,9.25,,https://vandra.ecoop.ee/et/toode/14706450-manni-mannavahupulber-200g-maasikamaitseline,,,,coophaapsalu.ee,,,4740140300078,Mikaado OÜ,EUR,,2025-09-17 23:55:44.52269+00,manni mannavahupulber 200g maasikamaitse,manni,200g,200g maasikamaitse mannavahupulber manni,manni mannavahupulber,manni,,,vandra.ecoop.ee,,,14706450,Mikaado OÜ,EUR,,2025-10-10 02:29:33.605349+00,manni mannavahupulber 200g maasikamaitseline,manni,200g,200g maasikamaitseline mannavahupulber manni,manni mannavahupulber,manni
medium,"block(first2,size)+fuzzy>=0.95",0.958904109589041,7622300589882,from_haapsalu_match,Marabou Küpsis 184g piimashokolaadiga,Marabou,184g ,4.4900000000000002131628207280300557613372802734375,,https://coophaapsalu.ee/toode/marabou-kupsis-184g-piimashokolaadiga/,7622300589882,Marabou Küpsis 184g piimašokolaadiga,Marabou,184g ,24.39999999999999857891452847979962825775146484375,,https://vandra.ecoop.ee/et/toode/22909591-marabou-kupsis-184g-piimasokolaadiga,,,,coophaapsalu.ee,,,7622300589882,Mondelez International Rootsi,EUR,,2025-09-18 01:11:19.155924+00,marabou küpsis 184g piimashokolaadiga,marabou,184g,184g küpsis marabou piimashokolaadiga,marabou küpsis,marabou,,,vandra.ecoop.ee,,,22909591,Mondelez International Rootsi,EUR,,2025-10-09 05:48:07.65738+00,marabou küpsis 184g piimašokolaadiga,marabou,184g,184g küpsis marabou piimašokolaadiga,marabou küpsis,marabou
medium,"block(first2,size)+fuzzy>=0.95",0.975609756097561,4740062555037,from_haapsalu_match,Marmiton halvaa 150g pistaatsia pähklite,Marmiton,150g ,2.25,,https://coophaapsalu.ee/toode/marmiton-halvaa-150g-pistaatsia-pahklite/,4740062555037,Marmiton Halvaa 150g pistaatsia pähklitega,Marmiton,150g ,15,,https://vandra.ecoop.ee/et/toode/22952815-marmiton-halvaa-150g-pistaatsia-pahklitega,,,,coophaapsalu.ee,,,4740062555037,Marmiton AS,EUR,,2025-09-18 01:11:19.155924+00,marmiton halvaa 150g pistaatsia pähklite,marmiton,150g,150g halvaa marmiton pistaatsia pähklite,marmiton halvaa,marmiton,,,vandra.ecoop.ee,,,22952815,Marmiton AS,EUR,,2025-10-09 05:48:07.65738+00,marmiton halvaa 150g pistaatsia pähklitega,marmiton,150g,150g halvaa marmiton pistaatsia pähklitega,marmiton halvaa,marmiton
medium,"block(first2,size)+fuzzy>=0.95",0.975609756097561,4740062750272,from_haapsalu_match,Marmiton vahvel Dessert 110g kakaokreemi,Marmiton,110g ,1.5500000000000000444089209850062616169452667236328125,,https://coophaapsalu.ee/toode/vahvel-dessert-110g/,4740062750272,Marmiton vahvel Dessert 110g kakaokreemiga,Marmiton,110g ,14.089999999999999857891452847979962825775146484375,,https://vandra.ecoop.ee/et/toode/13919024-marmiton-vahvel-dessert-110g-kakaokreemiga,,,,coophaapsalu.ee,,,4740062750272,Marmiton AS,EUR,,2025-09-18 01:11:19.155924+00,marmiton vahvel dessert 110g kakaokreemi,marmiton,110g,110g dessert kakaokreemi marmiton vahvel,marmiton vahvel,marmiton,,,vandra.ecoop.ee,,,13919024,Marmiton AS,EUR,,2025-10-09 13:56:40.22489+00,marmiton vahvel dessert 110g kakaokreemiga,marmiton,110g,110g dessert kakaokreemiga marmiton vahvel,marmiton vahvel,marmiton
medium,"block(first2,size)+fuzzy>=0.95",0.975609756097561,4740062750678,from_haapsalu_match,Marmiton vahvel Kooli 110g vanillikreemi,Marmiton,110g ,1.5500000000000000444089209850062616169452667236328125,,https://coophaapsalu.ee/toode/vahvel-kooli-110g/,4740062750678,Marmiton vahvel Kooli 110g vanillikreemiga,Marmiton,110g ,14.089999999999999857891452847979962825775146484375,,https://vandra.ecoop.ee/et/toode/14642185-marmiton-vahvel-kooli-110g-vanillikreemiga,,,,coophaapsalu.ee,,,4740062750678,Marmiton AS,EUR,,2025-09-18 01:11:19.155924+00,marmiton vahvel kooli 110g vanillikreemi,marmiton,110g,110g kooli marmiton vahvel vanillikreemi,marmiton vahvel,marmiton,,,vandra.ecoop.ee,,,14642185,Marmiton AS,EUR,,2025-10-11 03:14:29.655608+00,marmiton vahvel kooli 110g vanillikreemiga,marmiton,110g,110g kooli marmiton vahvel vanillikreemiga,marmiton vahvel,marmiton
medium,"block(first2,size)+fuzzy>=0.95",0.975609756097561,4744735010014,from_haapsalu_match,Matsimoka Pasteet suitsulihakõrnete 220g,Matsimoka,220g,2.9900000000000002131628207280300557613372802734375,,https://coophaapsalu.ee/toode/pasteet-220g/,4744735010014,Matsimoka Pasteet suitsulihakõrnetega 220g,Matsimoka,220g,13.589999999999999857891452847979962825775146484375,,https://vandra.ecoop.ee/et/toode/22849526-matsimoka-pasteet-suitsulihakornetega-220g,,,,coophaapsalu.ee,,,4744735010014,Matsimoka OÜ,EUR,,2025-09-18 01:40:06.529333+00,matsimoka pasteet suitsulihakõrnete 220g,matsimoka,220g,220g matsimoka pasteet suitsulihakõrnete,matsimoka pasteet,matsimoka,,,vandra.ecoop.ee,,,22849526,Matsimoka OÜ,EUR,,2025-10-09 01:41:20.225255+00,matsimoka pasteet suitsulihakõrnetega 220g,matsimoka,220g,220g matsimoka pasteet suitsulihakõrnetega,matsimoka pasteet,matsimoka
medium,"block(first2,size)+fuzzy>=0.95",0.9629629629629629,4742437002023,from_haapsalu_match,McLean nõudepesusvamm 5tk mittekriimust.,McLean,5tk ,1.29000000000000003552713678800500929355621337890625,,https://coophaapsalu.ee/toode/noudesvamm-mclean-5tk/,4742437002023,McLean nõudepesusvamm 5tk mittekriimustav,McLean,5tk ,0.2600000000000000088817841970012523233890533447265625,,https://vandra.ecoop.ee/et/toode/22846364-mclean-noudepesusvamm-5tk-mittekriimustav,,,,coophaapsalu.ee,,,4742437002023,Prime Partner AS,EUR,,2025-09-18 01:40:06.529333+00,mclean nõudepesusvamm 5tk mittekriimust.,mclean,5tk,5tk mclean mittekriimust. nõudepesusvamm,mclean nõudepesusvamm,mclean,,,vandra.ecoop.ee,,,22846364,Prime Partner AS,EUR,,2025-10-12 01:55:56.828109+00,mclean nõudepesusvamm 5tk mittekriimustav,mclean,5tk,5tk mclean mittekriimustav nõudepesusvamm,mclean nõudepesusvamm,mclean
medium,"block(first2,size)+fuzzy>=0.95",0.9629629629629629,4742002002359,from_haapsalu_match,McLean prügikott HD 35L 15tk nööriga 16,McLean,35L ,1.3899999999999999023003738329862244427204132080078125,,https://coophaapsalu.ee/toode/prugikott-hd-35l-15tk/,4742002002359,McLean prügikott HD 35L 15tk nööriga 16mic,McLean,35L ,0.0899999999999999966693309261245303787291049957275390625,,https://vandra.ecoop.ee/et/toode/18257482-mclean-prugikott-hd-35l-15tk-nooriga-16mic,,,,coophaapsalu.ee,,,4742002002359,Prime Partner AS,EUR,,2025-09-18 01:40:06.529333+00,mclean prügikott hd 35l 15tk nööriga 16,mclean,35l,15tk 16 35l hd mclean nööriga prügikott,mclean prügikott,mclean,,,vandra.ecoop.ee,,,18257482,Prime Partner AS,EUR,,2025-10-12 01:55:56.828109+00,mclean prügikott hd 35l 15tk nööriga 16mic,mclean,35l,15tk 16mic 35l hd mclean nööriga prügikott,mclean prügikott,mclean
medium,"block(first2,size)+fuzzy>=0.95",0.975609756097561,4740140700137,from_haapsalu_match,Miku kissellipulber 170g jõhvikamaitseli,Miku,170g ,1.850000000000000088817841970012523233890533447265625,,https://coophaapsalu.ee/toode/kissellipulb-johvika170g/,4740140700137,Miku kissellipulber 170g jõhvikamaitseline,Miku,170g ,10.8800000000000007815970093361102044582366943359375,,https://vandra.ecoop.ee/et/toode/12852661-miku-kissellipulber-170g-johvikamaitseline,,,,coophaapsalu.ee,,,4740140700137,Mikaado OÜ,EUR,,2025-09-17 23:55:44.52269+00,miku kissellipulber 170g jõhvikamaitseli,miku,170g,170g jõhvikamaitseli kissellipulber miku,miku kissellipulber,miku,,,vandra.ecoop.ee,,,12852661,Mikaado OÜ,EUR,,2025-10-10 02:29:33.605349+00,miku kissellipulber 170g jõhvikamaitseline,miku,170g,170g jõhvikamaitseline kissellipulber miku,miku kissellipulber,miku
medium,"block(first2,size)+fuzzy>=0.95",0.9629629629629629,4740140700168,from_haapsalu_match,Miku kissellipulber 170g maasikamaitsel,Miku,170g ,1.850000000000000088817841970012523233890533447265625,,https://coophaapsalu.ee/toode/kissellipulb-maasika170g/,4740140700168,Miku kissellipulber 170g maasikamaitseline,Miku,170g ,10.8800000000000007815970093361102044582366943359375,,https://vandra.ecoop.ee/et/toode/14019323-miku-kissellipulber-170g-maasikamaitseline,,,,coophaapsalu.ee,,,4740140700168,Mikaado OÜ,EUR,,2025-09-17 23:55:44.52269+00,miku kissellipulber 170g maasikamaitsel,miku,170g,170g kissellipulber maasikamaitsel miku,miku kissellipulber,miku,,,vandra.ecoop.ee,,,14019323,Mikaado OÜ,EUR,,2025-10-10 02:29:33.605349+00,miku kissellipulber 170g maasikamaitseline,miku,170g,170g kissellipulber maasikamaitseline miku,miku kissellipulber,miku
medium,"block(first2,size)+fuzzy>=0.95",0.9629629629629629,4740140700175,from_haapsalu_match,Miku kissellipulber 170g mustikamaitsel,Miku,170g ,1.850000000000000088817841970012523233890533447265625,,https://coophaapsalu.ee/toode/kissellipulb-mustika170g/,4740140700175,Miku kissellipulber 170g mustikamaitseline,Miku,170g ,10.8800000000000007815970093361102044582366943359375,,https://vandra.ecoop.ee/et/toode/12230140-miku-kissellipulber-170g-mustikamaitseline,,,,coophaapsalu.ee,,,4740140700175,Mikaado OÜ,EUR,,2025-09-17 23:55:44.52269+00,miku kissellipulber 170g mustikamaitsel,miku,170g,170g kissellipulber miku mustikamaitsel,miku kissellipulber,miku,,,vandra.ecoop.ee,,,12230140,Mikaado OÜ,EUR,,2025-10-08 13:09:46.533871+00,miku kissellipulber 170g mustikamaitseline,miku,170g,170g kissellipulber miku mustikamaitseline,miku kissellipulber,miku
medium,"block(first2,size)+fuzzy>=0.95",0.972972972972973,4743144002528,from_haapsalu_match,Minu praetud räim tomatikastmes 240g,Minu,240g,2.589999999999999857891452847979962825775146484375,,https://coophaapsalu.ee/toode/pr-raim-tomatikastm-240g-2/,4743144002528,Minu praetud räimed 240g tomatikastmes,Minu,240g ,10.78999999999999914734871708787977695465087890625,,https://vandra.ecoop.ee/et/toode/22659341-minu-praetud-raimed-240g-tomatikastmes,,,,coophaapsalu.ee,,,4743144002528,Läti,EUR,,2025-09-18 01:40:06.529333+00,minu praetud räim tomatikastmes 240g,minu,240g,240g minu praetud räim tomatikastmes,minu praetud,minu,,,vandra.ecoop.ee,,,22659341,Läti,EUR,,2025-10-11 02:26:10.500434+00,minu praetud räimed 240g tomatikastmes,minu,240g,240g minu praetud räimed tomatikastmes,minu praetud,minu
medium,"block(first2,size)+fuzzy>=0.95",0.9743589743589743,4740153321220,from_haapsalu_match,MO Saaremaa Old Saare juust 6 kuud 280g,MO,280g,4.4900000000000002131628207280300557613372802734375,,https://coophaapsalu.ee/toode/mo-saaremaa-old-saare-juust-6-kuud-280g/,4740153321220,MO Saaremaa Juust Old Saare 3 kuud 280g,MO,280g,14.25,,https://vandra.ecoop.ee/et/toode/22987739-mo-saaremaa-juust-old-saare-3-kuud-280g,,,,coophaapsalu.ee,,,4740153321220,Saaremaa PT,EUR,,2025-09-18 00:16:04.752528+00,mo saaremaa old saare juust 6 kuud 280g,mo,280g,280g 6 juust kuud mo old saare saaremaa,mo saaremaa,mo,,,vandra.ecoop.ee,,,22987739,Saaremaa PT,EUR,,2025-10-11 02:25:24.651765+00,mo saaremaa juust old saare 3 kuud 280g,mo,280g,280g 3 juust kuud mo old saare saaremaa,mo saaremaa,mo
medium,"block(first2,size)+fuzzy>=0.95",0.9629629629629629,4740153020000,from_haapsalu_match,MO Saaremaa või soolakristallidega 200g,MO,200g,2.9900000000000002131628207280300557613372802734375,,https://coophaapsalu.ee/toode/saaremaa-voi-200g/,4740153020000,MO Saaremaa või soolakristallidega 80% 200g,MO,200g,14.949999999999999289457264239899814128875732421875,,https://vandra.ecoop.ee/et/toode/18130896-mo-saaremaa-voi-soolakristallidega-80-200g,,,,coophaapsalu.ee,,,4740153020000,Saaremaa PT,EUR,,2025-09-18 00:16:04.752528+00,mo saaremaa või soolakristallidega 200g,mo,200g,200g mo saaremaa soolakristallidega või,mo saaremaa,mo,,,vandra.ecoop.ee,,,18130896,Saaremaa PT,EUR,,2025-10-11 02:25:24.651765+00,mo saaremaa või soolakristallidega 80% 200g,mo,200g,200g 80 mo saaremaa soolakristallidega või,mo saaremaa,mo
medium,"block(first2,size)+fuzzy>=0.95",0.9538461538461539,5900020027672,from_haapsalu_match,Nestle Müslibatoon 35g shokolaadi,Nestle,35g ,0.689999999999999946709294817992486059665679931640625,,https://coophaapsalu.ee/toode/muslibat-shok-35g/,5900020027672,Nestle müslibatoon 35g šokolaadi,Nestle,35g ,21.42999999999999971578290569595992565155029296875,,https://vandra.ecoop.ee/et/toode/22559282-nestle-muslibatoon-35g-sokolaadi,,,,coophaapsalu.ee,,,5900020027672,Cereal Partners Poland Torun-Pacific Sp.,EUR,,2025-09-17 23:55:44.52269+00,nestle müslibatoon 35g shokolaadi,nestle,35g,35g müslibatoon nestle shokolaadi,nestle müslibatoon,nestle,,,vandra.ecoop.ee,,,22559282,Cereal Partners Poland Torun-Pacific Sp. z o.o.,EUR,,2025-10-08 01:39:03.586686+00,nestle müslibatoon 35g šokolaadi,nestle,35g,35g müslibatoon nestle šokolaadi,nestle müslibatoon,nestle
medium,"block(first2,size)+fuzzy>=0.95",0.95,4744364010812,from_haapsalu_match,OA Kohviuba No.2 1kg,OA,1kg,24.989999999999998436805981327779591083526611328125,,https://coophaapsalu.ee/toode/kohviuba-n-2-oa-1kg/,4744364010812,OA Kohviuba No.1 1kg,OA,1kg,24.989999999999998436805981327779591083526611328125,,https://vandra.ecoop.ee/et/toode/22686669-oa-kohviuba-no1-1kg,,,,coophaapsalu.ee,,,4744364010812,OA Coffee OÜ,EUR,,2025-09-18 01:40:06.529333+00,oa kohviuba no.2 1kg,oa,1kg,1kg kohviuba no.2 oa,oa kohviuba,oa,,,vandra.ecoop.ee,,,22686669,OA Coffee OÜ,EUR,,2025-10-10 02:46:03.119724+00,oa kohviuba no.1 1kg,oa,1kg,1kg kohviuba no.1 oa,oa kohviuba,oa
medium,"block(first2,size)+fuzzy>=0.95",0.96,4770149204053,from_haapsalu_match,Oho hommikusöök shokolaadiga riis 500g,Oho,500g,3.649999999999999911182158029987476766109466552734375,,https://coophaapsalu.ee/toode/h-sook-shok-ga-riis-500g/,4770149204053,Oho hommikusöök 500g šokolaadiga riis,Oho,500g ,7.29999999999999982236431605997495353221893310546875,,https://vandra.ecoop.ee/et/toode/12505534-oho-hommikusook-500g-sokolaadiga-riis,,,,coophaapsalu.ee,,,4770149204053,UAB Naujasis Nevezis,EUR,,2025-09-17 23:55:44.52269+00,oho hommikusöök shokolaadiga riis 500g,oho,500g,500g hommikusöök oho riis shokolaadiga,oho hommikusöök,oho,,,vandra.ecoop.ee,,,12505534,UAB Naujasis Nevezis,EUR,,2025-10-10 02:29:33.605349+00,oho hommikusöök 500g šokolaadiga riis,oho,500g,500g hommikusöök oho riis šokolaadiga,oho hommikusöök,oho
medium,"block(first2,size)+fuzzy>=0.95",0.975609756097561,4770149213888,from_haapsalu_match,Oho Läätsekrõps 100g hapukoore ja sibula,Oho,100g ,1.75,,https://coophaapsalu.ee/toode/oho-laatsekrops-100g-hapukoore-ja-sibula/,4770149213888,Oho Läätsekrõps 100g hapukoore ja sibulaga,Oho,100g ,12.9000000000000003552713678800500929355621337890625,,https://vandra.ecoop.ee/et/toode/22993704-oho-laatsekrops-100g-hapukoore-ja-sibulaga,,,,coophaapsalu.ee,,,4770149213888,UAB Naujasis Nevezis,EUR,,2025-09-18 01:11:19.155924+00,oho läätsekrõps 100g hapukoore ja sibula,oho,100g,100g hapukoore ja läätsekrõps oho sibula,oho läätsekrõps,oho,,,vandra.ecoop.ee,,,22993704,UAB Naujasis Nevezis,EUR,,2025-10-07 13:57:27.905862+00,oho läätsekrõps 100g hapukoore ja sibulaga,oho,100g,100g hapukoore ja läätsekrõps oho sibulaga,oho läätsekrõps,oho
medium,"block(first2,size)+fuzzy>=0.95",0.9512195121951219,7613036698733,from_haapsalu_match,One Sterilcat Kiisueine 4*85g lõhe-porg,One,85g ,3.850000000000000088817841970012523233890533447265625,,https://coophaapsalu.ee/toode/one-sterilcat-kiisueine-485g-lohe-porg/,7613036698733,ONE Sterilcat Kiisueine 4*85g lõhe-porgandi,ONE,85g ,7.03000000000000024868995751603506505489349365234375,,https://vandra.ecoop.ee/et/toode/22836658-one-sterilcat-kiisueine-485g-lohe-porgandi,,,,coophaapsalu.ee,,,7613036698733,Nestle Purina,EUR,,2025-09-17 23:55:44.52269+00,one sterilcat kiisueine 4*85g lõhe-porg,one,85g,4 85g kiisueine lõhe-porg one sterilcat,one sterilcat,one,,,vandra.ecoop.ee,,,22836658,Nestle Purina,EUR,,2025-10-09 01:41:02.934098+00,one sterilcat kiisueine 4*85g lõhe-porgandi,one,85g,4 85g kiisueine lõhe-porgandi one sterilcat,one sterilcat,one
medium,"block(first2,size)+fuzzy>=0.95",0.9743589743589743,8002225650659,from_haapsalu_match,Organic Foods Kooritud tomatid 400g mahe,Organic,400g ,2.04999999999999982236431605997495353221893310546875,,https://coophaapsalu.ee/toode/koorit-tomatid-mahe-400g/,8002225650659,Organic Foods Kooritud tomat 400g mahe,Organic,400g ,5.12000000000000010658141036401502788066864013671875,,https://vandra.ecoop.ee/et/toode/22676947-organic-foods-kooritud-tomat-400g-mahe,,,,coophaapsalu.ee,,,8002225650659,Pancrazio SpA,EUR,,2025-09-17 23:36:49.060136+00,organic foods kooritud tomatid 400g mahe,organic,400g,400g foods kooritud mahe organic tomatid,organic foods,organic,,,vandra.ecoop.ee,,,22676947,Pancrazio SpA,EUR,,2025-10-12 02:34:43.585365+00,organic foods kooritud tomat 400g mahe,organic,400g,400g foods kooritud mahe organic tomat,organic foods,organic
medium,"block(first2,size)+fuzzy>=0.95",0.9629629629629629,8008857300887,from_haapsalu_match,Pasta Reggia Pasta Chifferi Rigati 500g,Pasta,500g,1.75,,https://coophaapsalu.ee/toode/pasta-reggia-pasta-chifferi-rigati-500g/,8008857300887,Pasta Reggia pasta Chifferotti Rigati 500g,Pasta,500g,3.70000000000000017763568394002504646778106689453125,,https://vandra.ecoop.ee/et/toode/22800550-pasta-reggia-pasta-chifferotti-rigati-500g,,,,coophaapsalu.ee,,,8008857300887,P.A.P. Srl,EUR,,2025-09-17 23:55:44.52269+00,pasta reggia pasta chifferi rigati 500g,pasta,500g,500g chifferi pasta pasta reggia rigati,pasta reggia,pasta,,,vandra.ecoop.ee,,,22800550,P.A.P. Srl,EUR,,2025-10-08 09:03:48.89501+00,pasta reggia pasta chifferotti rigati 500g,pasta,500g,500g chifferotti pasta pasta reggia rigati,pasta reggia,pasta
medium,"block(first2,size)+fuzzy>=0.95",0.9722222222222222,,,Philadelphia Classic toorjuust 2*200g,Philadelphia,200g,7.38999999999999968025576890795491635799407958984375,,https://coophaapsalu.ee/toode/toorj-philadelphia2200g/,4740572004759,Philadelphia Classic toorjuust 200g,Philadelphia,200g,18.449999999999999289457264239899814128875732421875,,https://vandra.ecoop.ee/et/toode/12609728-philadelphia-classic-toorjuust-200g,7622210582799,,,coophaapsalu.ee,,,4740572004759,Mondelez World Travel Retail LLC,EUR,,2025-09-18 00:16:04.752528+00,philadelphia classic toorjuust 2*200g,philadelphia,200g,2 200g classic philadelphia toorjuust,philadelphia classic,philadelphia,,,vandra.ecoop.ee,,,12609728,Mondelez World Travel Retail LLC,EUR,,2025-10-09 09:03:54.430932+00,philadelphia classic toorjuust 200g,philadelphia,200g,200g classic philadelphia toorjuust,philadelphia classic,philadelphia
medium,"block(first2,size)+fuzzy>=0.95",0.9512195121951219,4740073071113,from_haapsalu_match,Põnn 6K Köögiviljapüree 110g kanalihaga,Põnn,110g ,1.8899999999999999023003738329862244427204132080078125,,https://coophaapsalu.ee/toode/koogiv-puree-kanal-110g/,4740073071113,Põnn 6K öko köögiviljapüree 110g kanalihaga,Põnn,110g ,17.17999999999999971578290569595992565155029296875,,https://vandra.ecoop.ee/et/toode/20489552-ponn-6k-oko-koogiviljapuree-110g-kanalihaga,,,,coophaapsalu.ee,,,4740073071113,Salvest AS,EUR,,2025-09-17 22:31:20.624218+00,põnn 6k köögiviljapüree 110g kanalihaga,põnn,110g,110g 6k kanalihaga köögiviljapüree põnn,põnn 6k,põnn,,,vandra.ecoop.ee,,,20489552,Salvest AS,EUR,,2025-10-12 02:32:48.340297+00,põnn 6k öko köögiviljapüree 110g kanalihaga,põnn,110g,110g 6k kanalihaga köögiviljapüree põnn öko,põnn 6k,põnn
medium,"block(first2,size)+fuzzy>=0.95",0.9523809523809523,4740073071083,from_haapsalu_match,Põnn 6K Köögiviljapüree 110g veiselihaga,Põnn,110g ,1.8899999999999999023003738329862244427204132080078125,,https://coophaapsalu.ee/toode/koogiv-puree-veisel-110g/,4740073071083,Põnn 6K öko köögiviljapüree 110g veiselihaga,Põnn,110g ,17.17999999999999971578290569595992565155029296875,,https://vandra.ecoop.ee/et/toode/20489420-ponn-6k-oko-koogiviljapuree-110g-veiselihaga,,,,coophaapsalu.ee,,,4740073071083,Salvest AS,EUR,,2025-09-17 22:31:20.624218+00,põnn 6k köögiviljapüree 110g veiselihaga,põnn,110g,110g 6k köögiviljapüree põnn veiselihaga,põnn 6k,põnn,,,vandra.ecoop.ee,,,20489420,Salvest AS,EUR,,2025-10-12 02:32:48.340297+00,põnn 6k öko köögiviljapüree 110g veiselihaga,põnn,110g,110g 6k köögiviljapüree põnn veiselihaga öko,põnn 6k,põnn
medium,"block(first2,size)+fuzzy>=0.95",0.9523809523809523,4740073074558,from_haapsalu_match,Põnn 6K kõrvitsa-bataadi-mangopüree 110g,Põnn,110g,1.850000000000000088817841970012523233890533447265625,,https://coophaapsalu.ee/toode/korvitsa-bat-puree-110g/,4740073074558,Põnn 6K öko kõrvitsa-bataadi-mangopüree 110g,Põnn,110g,16.82000000000000028421709430404007434844970703125,,https://vandra.ecoop.ee/et/toode/22854302-ponn-6k-oko-korvitsa-bataadi-mangopuree-110g,,,,coophaapsalu.ee,,,4740073074558,Salvest AS,EUR,,2025-09-17 22:31:20.624218+00,põnn 6k kõrvitsa-bataadi-mangopüree 110g,põnn,110g,110g 6k kõrvitsa-bataadi-mangopüree põnn,põnn 6k,põnn,,,vandra.ecoop.ee,,,22854302,Salvest AS,EUR,,2025-10-12 02:32:48.340297+00,põnn 6k öko kõrvitsa-bataadi-mangopüree 110g,põnn,110g,110g 6k kõrvitsa-bataadi-mangopüree põnn öko,põnn 6k,põnn
medium,"block(first2,size)+fuzzy>=0.95",0.95,6430076891563,from_haapsalu_match,PrimaDog Mini Meal koeraeine 85g hirve,PrimaDog,85g ,1.0900000000000000799360577730112709105014801025390625,,https://coophaapsalu.ee/toode/primadog-mini-meal-koeraeine-85g-hirve/,6430076891563,PrimaDog Mini Meal koeraeine 85g hirveliha,PrimaDog,85g ,12.82000000000000028421709430404007434844970703125,,https://vandra.ecoop.ee/et/toode/23055248-primadog-mini-meal-koeraeine-85g-hirveliha,,,,coophaapsalu.ee,,,6430076891563,Prima Pet Premium,EUR,,2025-09-17 23:36:49.060136+00,primadog mini meal koeraeine 85g hirve,primadog,85g,85g hirve koeraeine meal mini primadog,primadog mini,primadog,,,vandra.ecoop.ee,,,23055248,Prima Pet Premium,EUR,,2025-10-10 02:16:47.536821+00,primadog mini meal koeraeine 85g hirveliha,primadog,85g,85g hirveliha koeraeine meal mini primadog,primadog mini,primadog
medium,"block(first2,size)+fuzzy>=0.95",0.95,6430076891556,from_haapsalu_match,PrimaDog Mini Meal koeraeine 85g lamba,PrimaDog,85g ,1.0500000000000000444089209850062616169452667236328125,,https://coophaapsalu.ee/toode/primadog-mini-meal-koeraeine-85g-lamba/,6430076891556,PrimaDog Mini Meal koeraeine 85g lambaliha,PrimaDog,85g ,12.82000000000000028421709430404007434844970703125,,https://vandra.ecoop.ee/et/toode/23055246-primadog-mini-meal-koeraeine-85g-lambaliha,,,,coophaapsalu.ee,,,6430076891556,Prima Pet Premium,EUR,,2025-09-17 23:36:49.060136+00,primadog mini meal koeraeine 85g lamba,primadog,85g,85g koeraeine lamba meal mini primadog,primadog mini,primadog,,,vandra.ecoop.ee,,,23055246,Prima Pet Premium,EUR,,2025-10-10 02:16:47.536821+00,primadog mini meal koeraeine 85g lambaliha,primadog,85g,85g koeraeine lambaliha meal mini primadog,primadog mini,primadog
medium,"block(first2,size)+fuzzy>=0.95",0.9512195121951219,8595573400217,from_haapsalu_match,Racio Cornies maisileib 115g linaseemne,Racio,115g ,1.4899999999999999911182158029987476766109466552734375,,https://coophaapsalu.ee/toode/maisileib-linaseem-115g/,8595573400217,Racio Cornies maisileib 115g linaseemnetega,Racio,115g ,12.96000000000000085265128291212022304534912109375,,https://vandra.ecoop.ee/et/toode/17795078-racio-cornies-maisileib-115g-linaseemnetega,,,,coophaapsalu.ee,,,8595573400217,Racio sro,EUR,,2025-09-17 22:55:23.651038+00,racio cornies maisileib 115g linaseemne,racio,115g,115g cornies linaseemne maisileib racio,racio cornies,racio,,,vandra.ecoop.ee,,,17795078,Racio sro,EUR,,2025-10-10 01:59:52.596483+00,racio cornies maisileib 115g linaseemnetega,racio,115g,115g cornies linaseemnetega maisileib racio,racio cornies,racio
medium,"block(first2,size)+fuzzy>=0.95",0.9629629629629629,,,Red Bull energiajook 0.25L,Red,0.25L,1.79000000000000003552713678800500929355621337890625,,https://coophaapsalu.ee/toode/en-jook-red-bull-0-25l/,9002490100070,Red Bull energiajook 4*0.25L,Red,0.25L,4.4900000000000002131628207280300557613372802734375,,https://vandra.ecoop.ee/et/toode/12858852-red-bull-energiajook-4025l,9002490100490,,,coophaapsalu.ee,,,9002490100070,Red Bull GmbH,EUR,,2025-09-18 01:40:06.529333+00,red bull energiajook 0.25l,red,0.25l,0.25l bull energiajook red,red bull,red,,,vandra.ecoop.ee,,,12858852,Red Bull GmbH,EUR,,2025-10-09 09:51:21.515604+00,red bull energiajook 4*0.25l,red,0.25l,0.25l 4 bull energiajook red,red bull,red
medium,"block(first2,size)+fuzzy>=0.95",0.9736842105263158,90424144,from_haapsalu_match,Red Bull energiajook 0.25L suhkruvaba,Red,0.25L ,1.79000000000000003552713678800500929355621337890625,,https://coophaapsalu.ee/toode/energ-jook-red-bull0-25l/,90424144,Red Bull energiajook 4*0.25L suhkruvaba,Red,0.25L ,4.4900000000000002131628207280300557613372802734375,,https://vandra.ecoop.ee/et/toode/23043191-red-bull-energiajook-4025l-suhkruvaba,,,,coophaapsalu.ee,,,90424144,Red Bull GmbH,EUR,,2025-09-18 01:40:06.529333+00,red bull energiajook 0.25l suhkruvaba,red,0.25l,0.25l bull energiajook red suhkruvaba,red bull,red,,,vandra.ecoop.ee,,,23043191,Red Bull GmbH,EUR,,2025-10-07 05:47:20.997575+00,red bull energiajook 4*0.25l suhkruvaba,red,0.25l,0.25l 4 bull energiajook red suhkruvaba,red bull,red
medium,"block(first2,size)+fuzzy>=0.95",0.9629629629629629,,,Red Bull energiajook 4*0.25L,Red,0.25L,6.38999999999999968025576890795491635799407958984375,,https://coophaapsalu.ee/toode/en-jook-red-bull-40-25l/,9002490100490,Red Bull energiajook 0.25L,Red,0.25L,6.7599999999999997868371792719699442386627197265625,,https://vandra.ecoop.ee/et/toode/12853439-red-bull-energiajook-025l,9002490100070,,,coophaapsalu.ee,,,9002490100490,Red Bull GmbH,EUR,,2025-09-18 01:40:06.529333+00,red bull energiajook 4*0.25l,red,0.25l,0.25l 4 bull energiajook red,red bull,red,,,vandra.ecoop.ee,,,12853439,Red Bull GmbH,EUR,,2025-10-06 17:47:23.466881+00,red bull energiajook 0.25l,red,0.25l,0.25l bull energiajook red,red bull,red
medium,"block(first2,size)+fuzzy>=0.95",0.9836065573770492,4742231002038,from_haapsalu_match,Saare koorene kohuke toffee 40g,Saare,40g,0.5500000000000000444089209850062616169452667236328125,,https://coophaapsalu.ee/toode/koorene-koh-toffee-40g/,4742231002038,Saare koorene kohuke 40g toffe,Saare,40g ,13.75,,https://vandra.ecoop.ee/et/toode/18615493-saare-koorene-kohuke-40g-toffe,,,,coophaapsalu.ee,,,4742231002038,Saaremaa DeliFood OÜ,EUR,,2025-09-18 00:16:04.752528+00,saare koorene kohuke toffee 40g,saare,40g,40g kohuke koorene saare toffee,saare koorene,saare,,,vandra.ecoop.ee,,,18615493,Saaremaa DeliFood OÜ,EUR,,2025-10-09 09:03:54.430932+00,saare koorene kohuke 40g toffe,saare,40g,40g kohuke koorene saare toffe,saare koorene,saare
medium,"block(first2,size)+fuzzy>=0.95",0.9523809523809523,4740073050767,from_haapsalu_match,Salvest 3min hapukapsaborsh 480g,Salvest,480g,2.25,,https://coophaapsalu.ee/toode/hapukapsaborsh-480g-3min/,4740073050767,Salvest 3min Hapukapsaborš 480g,Salvest,480g,4.69000000000000039079850466805510222911834716796875,,https://vandra.ecoop.ee/et/toode/15353718-salvest-3min-hapukapsabors-480g,,,,coophaapsalu.ee,,,4740073050767,Salvest AS,EUR,,2025-09-17 23:36:49.060136+00,salvest 3min hapukapsaborsh 480g,salvest,480g,3min 480g hapukapsaborsh salvest,salvest 3min,salvest,,,vandra.ecoop.ee,,,15353718,Salvest AS,EUR,,2025-10-12 02:34:43.585365+00,salvest 3min hapukapsaborš 480g,salvest,480g,3min 480g hapukapsaborš salvest,salvest 3min,salvest
medium,"block(first2,size)+fuzzy>=0.95",0.9523809523809523,4740073071847,from_haapsalu_match,Salvest Köögiviljasalat 380g magus-vürts,Salvest,380g ,3.649999999999999911182158029987476766109466552734375,,https://coophaapsalu.ee/toode/koogiviljasalat-380g/,4740073071847,Salvest Köögiviljasalat 380g magus-vürtsikas,Salvest,380g ,9.6099999999999994315658113919198513031005859375,,https://vandra.ecoop.ee/et/toode/22110286-salvest-koogiviljasalat-380g-magus-vurtsikas,,,,coophaapsalu.ee,,,4740073071847,Salvest AS,EUR,,2025-09-17 23:36:49.060136+00,salvest köögiviljasalat 380g magus-vürts,salvest,380g,380g köögiviljasalat magus-vürts salvest,salvest köögiviljasalat,salvest,,,vandra.ecoop.ee,,,22110286,Salvest AS,EUR,,2025-10-12 02:34:43.585365+00,salvest köögiviljasalat 380g magus-vürtsikas,salvest,380g,380g köögiviljasalat magus-vürtsikas salvest,salvest köögiviljasalat,salvest
medium,"block(first2,size)+fuzzy>=0.95",0.9577464788732394,4740073040478,from_haapsalu_match,Salvest Ukraina Borsh 530g sealihaga,Salvest,530g ,3.589999999999999857891452847979962825775146484375,,https://coophaapsalu.ee/toode/salvest-ukraina-v-kapsaborsh-530g-seal/,4740073040478,Salvest Ukraina Borš 530g sealihaga,Salvest,530g ,6.769999999999999573674358543939888477325439453125,,https://vandra.ecoop.ee/et/toode/12599919-salvest-ukraina-bors-530g-sealihaga,,,,coophaapsalu.ee,,,4740073040478,Salvest AS,EUR,,2025-09-17 23:36:49.060136+00,salvest ukraina borsh 530g sealihaga,salvest,530g,530g borsh salvest sealihaga ukraina,salvest ukraina,salvest,,,vandra.ecoop.ee,,,12599919,Salvest AS,EUR,,2025-10-12 02:34:43.585365+00,salvest ukraina borš 530g sealihaga,salvest,530g,530g borš salvest sealihaga ukraina,salvest ukraina,salvest
medium,"block(first2,size)+fuzzy>=0.95",0.9552238805970149,6418474125503,from_haapsalu_match,Santa Maria guljashimaitseaine 40g,Santa,40g,0.9899999999999999911182158029987476766109466552734375,,https://coophaapsalu.ee/toode/guljashimaitseaine-40g/,6418474125503,Santa Maria guljašimaitseaine 40g,Santa,40g,24.75,,https://vandra.ecoop.ee/et/toode/12600418-santa-maria-guljasimaitseaine-40g,,,,coophaapsalu.ee,,,6418474125503,Santa Maria AS,EUR,,2025-09-17 23:55:44.52269+00,santa maria guljashimaitseaine 40g,santa,40g,40g guljashimaitseaine maria santa,santa maria,santa,,,vandra.ecoop.ee,,,12600418,Santa Maria AS,EUR,,2025-10-08 13:09:46.533871+00,santa maria guljašimaitseaine 40g,santa,40g,40g guljašimaitseaine maria santa,santa maria,santa
medium,"block(first2,size)+fuzzy>=0.95",0.9577464788732394,7311310034405,from_haapsalu_match,Santa Maria Magus tshillikaste 500ml,Santa,500ml,3.95000000000000017763568394002504646778106689453125,,https://coophaapsalu.ee/toode/magus-tshillikaste-585g/,7311310034405,Santa Maria magus tšillikaste 500ml,Santa,500ml,5.78000000000000024868995751603506505489349365234375,,https://vandra.ecoop.ee/et/toode/22090949-santa-maria-magus-tsillikaste-500ml,,,,coophaapsalu.ee,,,7311310034405,Santa Maria AS,EUR,,2025-09-17 23:36:49.060136+00,santa maria magus tshillikaste 500ml,santa,500ml,500ml magus maria santa tshillikaste,santa maria,santa,,,vandra.ecoop.ee,,,22090949,Santa Maria AS,EUR,,2025-10-12 02:34:43.585365+00,santa maria magus tšillikaste 500ml,santa,500ml,500ml magus maria santa tšillikaste,santa maria,santa
medium,"block(first2,size)+fuzzy>=0.95",0.972972972972973,7311312008084,from_haapsalu_match,Santa Maria Tortiljakrõps 185g soola,Santa,185g ,2.4900000000000002131628207280300557613372802734375,,https://coophaapsalu.ee/toode/tortilla-kerge-sool-185g/,7311312008084,Santa Maria Tortiljakrõps 185g soolaga,Santa,185g ,13.46000000000000085265128291212022304534912109375,,https://vandra.ecoop.ee/et/toode/21885301-santa-maria-tortiljakrops-185g-soolaga,,,,coophaapsalu.ee,,,7311312008084,Santa Maria AS,EUR,,2025-09-17 23:36:49.060136+00,santa maria tortiljakrõps 185g soola,santa,185g,185g maria santa soola tortiljakrõps,santa maria,santa,,,vandra.ecoop.ee,,,21885301,Santa Maria AS,EUR,,2025-10-12 02:43:17.876998+00,santa maria tortiljakrõps 185g soolaga,santa,185g,185g maria santa soolaga tortiljakrõps,santa maria,santa
medium,"block(first2,size)+fuzzy>=0.95",0.96,7311312008091,from_haapsalu_match,Santa Maria Tortiljakrõps 185g tshilli,Santa,185g ,2.4900000000000002131628207280300557613372802734375,,https://coophaapsalu.ee/toode/tortilla-tshilli-185g/,7311312008091,Santa Maria Tortiljakrõps 185g tšilli,Santa,185g ,13.46000000000000085265128291212022304534912109375,,https://vandra.ecoop.ee/et/toode/21885259-santa-maria-tortiljakrops-185g-tsilli,,,,coophaapsalu.ee,,,7311312008091,Santa Maria AS,EUR,,2025-09-17 23:36:49.060136+00,santa maria tortiljakrõps 185g tshilli,santa,185g,185g maria santa tortiljakrõps tshilli,santa maria,santa,,,vandra.ecoop.ee,,,21885259,Santa Maria AS,EUR,,2025-10-12 02:34:43.585365+00,santa maria tortiljakrõps 185g tšilli,santa,185g,185g maria santa tortiljakrõps tšilli,santa maria,santa
medium,"block(first2,size)+fuzzy>=0.95",0.9696969696969697,7311311020599,from_haapsalu_match,Santa Maria Nisutortilja 8tk 320g,Santa,8tk ,3.149999999999999911182158029987476766109466552734375,,https://coophaapsalu.ee/toode/tortilla-tex-mex-320g/,7311311020599,Santa Maria Nisutortilja 8tk 200g,Santa,8tk ,11.25,,https://vandra.ecoop.ee/et/toode/22840916-santa-maria-nisutortilja-8tk-200g,,,,coophaapsalu.ee,,,7311311020599,Santa Maria AB,EUR,,2025-09-17 23:36:49.060136+00,santa maria nisutortilja 8tk 320g,santa,8tk,320g 8tk maria nisutortilja santa,santa maria,santa,,,vandra.ecoop.ee,,,22840916,Santa Maria AB,EUR,,2025-10-08 21:12:06.993338+00,santa maria nisutortilja 8tk 200g,santa,8tk,200g 8tk maria nisutortilja santa,santa maria,santa
medium,"block(first2,size)+fuzzy>=0.95",0.9620253164556962,4023800062104,from_haapsalu_match,Schluckwerder martsipan shokolaadis 100g,Schluckwerder,100g,2.04999999999999982236431605997495353221893310546875,,https://coophaapsalu.ee/toode/schluckwerder-martsipan-shokolaadis-100g/,4023800062104,Schluckwerder martsipan šokolaadis 100g,Schluckwerder,100g,20.5,,https://vandra.ecoop.ee/et/toode/12685646-schluckwerder-martsipan-sokolaadis-100g,,,,coophaapsalu.ee,,,4023800062104,Horst Schluckwerder OHG,EUR,,2025-09-18 01:11:19.155924+00,schluckwerder martsipan shokolaadis 100g,schluckwerder,100g,100g martsipan schluckwerder shokolaadis,schluckwerder martsipan,schluckwerder,,,vandra.ecoop.ee,,,12685646,Horst Schluckwerder OHG,EUR,,2025-10-06 21:46:55.541003+00,schluckwerder martsipan šokolaadis 100g,schluckwerder,100g,100g martsipan schluckwerder šokolaadis,schluckwerder martsipan,schluckwerder
medium,"block(first2,size)+fuzzy>=0.95",0.96,4011800043001,from_haapsalu_match,Schwartau dessertkaste 125g shokolaadi,Schwartau,125g ,2.75,,https://coophaapsalu.ee/toode/d-kaste-shokolaadi-125g/,4011800043001,Schwartau dessertkaste 125g šokolaadi,Schwartau,125g ,22,,https://vandra.ecoop.ee/et/toode/12690561-schwartau-dessertkaste-125g-sokolaadi,,,,coophaapsalu.ee,,,4011800043001,Schwartau Werke GmbH & Co. KGaA,EUR,,2025-09-17 23:55:44.52269+00,schwartau dessertkaste 125g shokolaadi,schwartau,125g,125g dessertkaste schwartau shokolaadi,schwartau dessertkaste,schwartau,,,vandra.ecoop.ee,,,12690561,Schwartau Werke GmbH & Co. KGaA,EUR,,2025-10-08 09:03:48.89501+00,schwartau dessertkaste 125g šokolaadi,schwartau,125g,125g dessertkaste schwartau šokolaadi,schwartau dessertkaste,schwartau
medium,"block(first2,size)+fuzzy>=0.95",0.96,4750007135286,from_haapsalu_match,Selga küpsis 180g shokolaadimaitseline,Selga,180g ,1.3899999999999999023003738329862244427204132080078125,,https://coophaapsalu.ee/toode/kupsis-selga-shok-180g/,4750007135286,Selga Küpsis 180g šokolaadimaitseline,Selga,180g ,7.71999999999999975131004248396493494510650634765625,,https://vandra.ecoop.ee/et/toode/12856188-selga-kupsis-180g-sokolaadimaitseline,,,,coophaapsalu.ee,,,4750007135286,Orkla Latvija SIA,EUR,,2025-09-18 01:11:19.155924+00,selga küpsis 180g shokolaadimaitseline,selga,180g,180g küpsis selga shokolaadimaitseline,selga küpsis,selga,,,vandra.ecoop.ee,,,12856188,Orkla Latvija SIA,EUR,,2025-10-12 02:43:17.876998+00,selga küpsis 180g šokolaadimaitseline,selga,180g,180g küpsis selga šokolaadimaitseline,selga küpsis,selga
medium,"block(first2,size)+fuzzy>=0.95",0.9523809523809523,7310100690395,from_haapsalu_match,Semper 6K kaera-riisipuder 120g puuvilja,Semper,120g ,1.9899999999999999911182158029987476766109466552734375,,https://coophaapsalu.ee/toode/kaera-riisipuder-120g/,7310100690395,Semper 6K kaera-riisipuder 120g puuviljadega,Semper,120g ,16.5799999999999982946974341757595539093017578125,,https://vandra.ecoop.ee/et/toode/22128094-semper-6k-kaera-riisipuder-120g-puuviljadega,,,,coophaapsalu.ee,,,7310100690395,Semper AB,EUR,,2025-09-17 22:31:20.624218+00,semper 6k kaera-riisipuder 120g puuvilja,semper,120g,120g 6k kaera-riisipuder puuvilja semper,semper 6k,semper,,,vandra.ecoop.ee,,,22128094,Semper AB,EUR,,2025-10-12 02:32:48.340297+00,semper 6k kaera-riisipuder 120g puuviljadega,semper,120g,120g 6k kaera-riisipuder puuviljadega semper,semper 6k,semper
medium,"block(first2,size)+fuzzy>=0.95",0.9876543209876543,4770608257408,from_haapsalu_match,Sheba kiisueine 4*85g linnulihaga kastme,Sheba,85g ,3.04999999999999982236431605997495353221893310546875,,https://coophaapsalu.ee/toode/kiisueine-linnuliha485g-2/,4770608257408,Sheba kiisueine 4*85g linnulihaga kastmes,Sheba,85g ,8.9700000000000006394884621840901672840118408203125,,https://vandra.ecoop.ee/et/toode/22527432-sheba-kiisueine-485g-linnulihaga-kastmes,,,,coophaapsalu.ee,,,4770608257408,Mars Lietuva UAB,EUR,,2025-09-17 23:55:44.52269+00,sheba kiisueine 4*85g linnulihaga kastme,sheba,85g,4 85g kastme kiisueine linnulihaga sheba,sheba kiisueine,sheba,,,vandra.ecoop.ee,,,22527432,Mars Lietuva UAB,EUR,,2025-10-09 01:41:02.934098+00,sheba kiisueine 4*85g linnulihaga kastmes,sheba,85g,4 85g kastmes kiisueine linnulihaga sheba,sheba kiisueine,sheba
medium,"block(first2,size)+fuzzy>=0.95",0.9705882352941176,5000159376655,from_haapsalu_match,Skittles Fruit drazee 38g puuvilja,Skittles,38g ,1.0900000000000000799360577730112709105014801025390625,,https://coophaapsalu.ee/toode/drazee-skittles-fruit38g/,5000159376655,Skittles Fruit dražee 38g puuvilja,Skittles,38g ,28.67999999999999971578290569595992565155029296875,,https://vandra.ecoop.ee/et/toode/12457179-skittles-fruit-drazee-38g-puuvilja,,,,coophaapsalu.ee,,,5000159376655,Wrigley Confections ÈR kom.spol.,EUR,,2025-09-18 01:11:19.155924+00,skittles fruit drazee 38g puuvilja,skittles,38g,38g drazee fruit puuvilja skittles,skittles fruit,skittles,,,vandra.ecoop.ee,,,12457179,Wrigley Confections ČR kom.spol.,EUR,,2025-10-09 05:48:07.65738+00,skittles fruit dražee 38g puuvilja,skittles,38g,38g dražee fruit puuvilja skittles,skittles fruit,skittles
medium,"block(first2,size)+fuzzy>=0.95",0.9577464788732394,4751010575342,from_haapsalu_match,Skriveru Õunad piimashokolaadis 100g,Skriveru,100g,2.54999999999999982236431605997495353221893310546875,,https://coophaapsalu.ee/toode/skriveru-ounad-piimashokolaadis-100g/,4751010575342,Skriveru Õunad piimašokolaadis 100g,Skriveru,100g,25.5,,https://vandra.ecoop.ee/et/toode/23127652-skriveru-ounad-piimasokolaadis-100g,,,,coophaapsalu.ee,,,4751010575342,Skriveru Saldumi SIA,EUR,,2025-09-18 01:11:19.155924+00,skriveru õunad piimashokolaadis 100g,skriveru,100g,100g piimashokolaadis skriveru õunad,skriveru õunad,skriveru,,,vandra.ecoop.ee,,,23127652,Skriveru Saldumi SIA,EUR,,2025-10-12 02:43:17.876998+00,skriveru õunad piimašokolaadis 100g,skriveru,100g,100g piimašokolaadis skriveru õunad,skriveru õunad,skriveru
medium,"block(first2,size)+fuzzy>=0.95",0.975,,,Smile kohvifilter nr.2 80tk valgendamata,Smile,80tk ,1.29000000000000003552713678800500929355621337890625,,https://coophaapsalu.ee/toode/smile-kohvifilter-nr-2-80tk-valgendamata/,4742002002489,Smile kohvifilter nr.4 80tk valgendamata,Smile,80tk ,0.0200000000000000004163336342344337026588618755340576171875,,https://vandra.ecoop.ee/et/toode/22936619-smile-kohvifilter-nr4-80tk-valgendamata,4742002002571,,,coophaapsalu.ee,,,4742002002489,Smile,EUR,,2025-09-18 01:40:06.529333+00,smile kohvifilter nr.2 80tk valgendamata,smile,80tk,80tk kohvifilter nr.2 smile valgendamata,smile kohvifilter,smile,,,vandra.ecoop.ee,,,22936619,Smile,EUR,,2025-10-09 09:11:59.197141+00,smile kohvifilter nr.4 80tk valgendamata,smile,80tk,80tk kohvifilter nr.4 smile valgendamata,smile kohvifilter,smile
medium,"block(first2,size)+fuzzy>=0.95",0.975,,,Smile kohvifilter nr.4 80tk valgendamata,Smile,80tk ,1.9899999999999999911182158029987476766109466552734375,,https://coophaapsalu.ee/toode/smile-kohvifilter-nr-4-80tk-valgendamata/,4742002002571,Smile kohvifilter nr.2 80tk valgendamata,Smile,80tk ,2.890000000000000124344978758017532527446746826171875,,https://vandra.ecoop.ee/et/toode/22936614-smile-kohvifilter-nr2-80tk-valgendamata,4742002002489,,,coophaapsalu.ee,,,4742002002571,Smile,EUR,,2025-09-18 01:40:06.529333+00,smile kohvifilter nr.4 80tk valgendamata,smile,80tk,80tk kohvifilter nr.4 smile valgendamata,smile kohvifilter,smile,,,vandra.ecoop.ee,,,22936614,Smile,EUR,,2025-10-09 09:11:59.197141+00,smile kohvifilter nr.2 80tk valgendamata,smile,80tk,80tk kohvifilter nr.2 smile valgendamata,smile kohvifilter,smile
medium,"block(first2,size)+fuzzy>=0.95",0.975609756097561,8850228689929,from_haapsalu_match,Sunfood ananassitükid 227g kerges siirup,Sunfood,227g ,1.75,,https://coophaapsalu.ee/toode/ananassitukid-227g/,8850228689929,Sunfood ananassitükid 227g kerges siirupis,Sunfood,227g ,12.96000000000000085265128291212022304534912109375,,https://vandra.ecoop.ee/et/toode/12768165-sunfood-ananassitukid-227g-kerges-siirupis,,,,coophaapsalu.ee,,,8850228689929,Koliate,EUR,,2025-09-17 23:36:49.060136+00,sunfood ananassitükid 227g kerges siirup,sunfood,227g,227g ananassitükid kerges siirup sunfood,sunfood ananassitükid,sunfood,,,vandra.ecoop.ee,,,12768165,Koliate,EUR,,2025-10-08 21:12:06.993338+00,sunfood ananassitükid 227g kerges siirupis,sunfood,227g,227g ananassitükid kerges siirupis sunfood,sunfood ananassitükid,sunfood
medium,"block(first2,size)+fuzzy>=0.95",0.9523809523809523,4750239000437,from_haapsalu_match,Tanheiser Porter tume kali kuni 1.2%1.5L,Tanheiser,1.5L,2.45000000000000017763568394002504646778106689453125,,https://coophaapsalu.ee/toode/tanheiser-porter-tume-kali-kuni-1-21-5l/,4750239000437,Tanheiser Porter tume kali 1.5L kuni 1.2% vol,Tanheiser,1.5L ,1.5700000000000000621724893790087662637233734130859375,,https://vandra.ecoop.ee/et/toode/14037691-tanheiser-porter-tume-kali-15l-kuni-12-vol,,,,coophaapsalu.ee,,,4750239000437,SIA Ilgezeem,EUR,,2025-09-18 01:40:06.529333+00,tanheiser porter tume kali kuni 1.2%1.5l,tanheiser,1.5l,1.2 1.5l kali kuni porter tanheiser tume,tanheiser porter,tanheiser,,,vandra.ecoop.ee,,,14037691,SIA Ilgezeem,EUR,,2025-10-05 21:35:32.387122+00,tanheiser porter tume kali 1.5l kuni 1.2% vol,tanheiser,1.5l,1.2 1.5l kali kuni porter tanheiser tume vol,tanheiser porter,tanheiser
medium,"block(first2,size)+fuzzy>=0.95",0.9523809523809523,4740493030035,from_haapsalu_match,Tartu Mill Täistera kiirkaerahelbed 500g,Tartu,500g,1.350000000000000088817841970012523233890533447265625,,https://coophaapsalu.ee/toode/taistera-kiirkaerah-500g/,4740493030035,Tartu Mill Täistera kiirkaerahelbed 500g öko,Tartu,500g ,4.980000000000000426325641456060111522674560546875,,https://vandra.ecoop.ee/et/toode/22671688-tartu-mill-taistera-kiirkaerahelbed-500g-oko,,,,coophaapsalu.ee,,,4740493030035,Dobeles Dzirnavnieks AS,EUR,,2025-09-17 23:55:44.52269+00,tartu mill täistera kiirkaerahelbed 500g,tartu,500g,500g kiirkaerahelbed mill tartu täistera,tartu mill,tartu,,,vandra.ecoop.ee,,,22671688,Dobeles Dzirnavnieks AS,EUR,,2025-10-08 13:09:46.533871+00,tartu mill täistera kiirkaerahelbed 500g öko,tartu,500g,500g kiirkaerahelbed mill tartu täistera öko,tartu mill,tartu
medium,"block(first2,size)+fuzzy>=0.95",0.9722222222222222,4750020041304,from_haapsalu_match,Tartu Mill pärmitaigen jahusegu 508g,Tartu,508g,1.9899999999999999911182158029987476766109466552734375,,https://coophaapsalu.ee/toode/tartu-mill-parmitaigen-jahusegu-508g/,4750020041304,Tartu Mill Pärmitaigna jahusegu 508g,Tartu,508g,3.9199999999999999289457264239899814128875732421875,,https://vandra.ecoop.ee/et/toode/18713873-tartu-mill-parmitaigna-jahusegu-508g,,,,coophaapsalu.ee,,,4750020041304,Tartu Mill AS,EUR,,2025-09-17 23:55:44.52269+00,tartu mill pärmitaigen jahusegu 508g,tartu,508g,508g jahusegu mill pärmitaigen tartu,tartu mill,tartu,,,vandra.ecoop.ee,,,18713873,Tartu Mill AS,EUR,,2025-10-10 02:29:33.605349+00,tartu mill pärmitaigna jahusegu 508g,tartu,508g,508g jahusegu mill pärmitaigna tartu,tartu mill,tartu
medium,"block(first2,size)+fuzzy>=0.95",0.95,,,Tere AB-jogurt maasika 150g laktoosivaba,Tere,150g ,0.79000000000000003552713678800500929355621337890625,,https://coophaapsalu.ee/toode/tere-ab-jogurt-maasika-150g-laktoosivaba/,4740036014805,Tere AB-jogurt mustika 150g laktoosivaba,Tere,150g ,3.930000000000000159872115546022541821002960205078125,,https://vandra.ecoop.ee/et/toode/22881596-tere-ab-jogurt-mustika-150g-laktoosivaba,4740113093426,,,coophaapsalu.ee,,,4740036014805,Tere AS,EUR,,2025-09-18 00:16:04.752528+00,tere ab-jogurt maasika 150g laktoosivaba,tere,150g,150g ab-jogurt laktoosivaba maasika tere,tere ab-jogurt,tere,,,vandra.ecoop.ee,,,22881596,Tere AS,EUR,,2025-10-09 09:03:54.430932+00,tere ab-jogurt mustika 150g laktoosivaba,tere,150g,150g ab-jogurt laktoosivaba mustika tere,tere ab-jogurt,tere
medium,"block(first2,size)+fuzzy>=0.95",0.95,,,Tere AB-jogurt mustika 150g laktoosivaba,Tere,150g ,0.79000000000000003552713678800500929355621337890625,,https://coophaapsalu.ee/toode/ab-jogurt-mustika-150g/,4740113093426,Tere AB-jogurt maasika 150g laktoosivaba,Tere,150g ,3.930000000000000159872115546022541821002960205078125,,https://vandra.ecoop.ee/et/toode/22964151-tere-ab-jogurt-maasika-150g-laktoosivaba,4740036014805,,,coophaapsalu.ee,,,4740113093426,Tere AS,EUR,,2025-09-18 00:16:04.752528+00,tere ab-jogurt mustika 150g laktoosivaba,tere,150g,150g ab-jogurt laktoosivaba mustika tere,tere ab-jogurt,tere,,,vandra.ecoop.ee,,,22964151,Tere AS,EUR,,2025-10-11 02:25:24.651765+00,tere ab-jogurt maasika 150g laktoosivaba,tere,150g,150g ab-jogurt laktoosivaba maasika tere,tere ab-jogurt,tere
medium,"block(first2,size)+fuzzy>=0.95",0.9577464788732394,8851978801036,from_haapsalu_match,Thai Choice magus tshillikaste 200ml,Thai,200ml,2.04999999999999982236431605997495353221893310546875,,https://coophaapsalu.ee/toode/tai-tshillikaste-200ml/,8851978801036,Thai Choice magus tšillikaste 200ml,Thai,200ml,10.25,,https://vandra.ecoop.ee/et/toode/12693758-thai-choice-magus-tsillikaste-200ml,,,,coophaapsalu.ee,,,8851978801036,Monty&Totco Co Ltd,EUR,,2025-09-17 23:36:49.060136+00,thai choice magus tshillikaste 200ml,thai,200ml,200ml choice magus thai tshillikaste,thai choice,thai,,,vandra.ecoop.ee,,,12693758,Monty&Totco Co Ltd,EUR,,2025-10-12 02:34:43.585365+00,thai choice magus tšillikaste 200ml,thai,200ml,200ml choice magus thai tšillikaste,thai choice,thai
medium,"block(first2,size)+fuzzy>=0.95",0.9577464788732394,8851978801067,from_haapsalu_match,Thai Choice magus tshillikaste 700ml,Thai,700ml,4.75,,https://coophaapsalu.ee/toode/magus-tshillikaste-700ml/,8851978801067,Thai Choice magus tšillikaste 700ml,Thai,700ml,6.79000000000000003552713678800500929355621337890625,,https://vandra.ecoop.ee/et/toode/17349997-thai-choice-magus-tsillikaste-700ml,,,,coophaapsalu.ee,,,8851978801067,Monty&Totco Co Ltd,EUR,,2025-09-17 23:36:49.060136+00,thai choice magus tshillikaste 700ml,thai,700ml,700ml choice magus thai tshillikaste,thai choice,thai,,,vandra.ecoop.ee,,,17349997,Monty&Totco Co Ltd,EUR,,2025-10-12 02:34:43.585365+00,thai choice magus tšillikaste 700ml,thai,700ml,700ml choice magus thai tšillikaste,thai choice,thai
medium,"block(first2,size)+fuzzy>=0.95",0.9615384615384616,80052333,from_haapsalu_match,TicTac Apelsini drazee 18g,TicTac,18g,0.9499999999999999555910790149937383830547332763671875,,https://coophaapsalu.ee/toode/tic-tac-apelsini-18g/,80052333,TicTac Apelsini dražee 18g,TicTac,18g,1.149999999999999911182158029987476766109466552734375,,https://vandra.ecoop.ee/et/toode/19056063-tictac-apelsini-drazee-18g,,,,coophaapsalu.ee,,,80052333,Ferrero SpA,EUR,,2025-09-18 01:11:19.155924+00,tictac apelsini drazee 18g,tictac,18g,18g apelsini drazee tictac,tictac apelsini,tictac,,,vandra.ecoop.ee,,,19056063,Ferrero SpA,EUR,,2025-10-12 02:43:17.876998+00,tictac apelsini dražee 18g,tictac,18g,18g apelsini dražee tictac,tictac apelsini,tictac
medium,"block(first2,size)+fuzzy>=0.95",0.9642857142857143,80883586,from_haapsalu_match,TicTac Citrus Mix drazee 18g,TicTac,18g,0.9499999999999999555910790149937383830547332763671875,,https://coophaapsalu.ee/toode/tictac-citrus-mix-drazee-18g/,80883586,TicTac Citrus Mix dražee 18g,TicTac,18g,0.91000000000000003108624468950438313186168670654296875,,https://vandra.ecoop.ee/et/toode/23134389-tictac-citrus-mix-drazee-18g,,,,coophaapsalu.ee,,,80883586,Commercial Ferrero Poland Sp.o.o.,EUR,,2025-09-18 01:11:19.155924+00,tictac citrus mix drazee 18g,tictac,18g,18g citrus drazee mix tictac,tictac citrus,tictac,,,vandra.ecoop.ee,,,23134389,Commercial Ferrero Poland Sp.o.o.,EUR,,2025-10-11 03:14:29.655608+00,tictac citrus mix dražee 18g,tictac,18g,18g citrus dražee mix tictac,tictac citrus,tictac
medium,"block(first2,size)+fuzzy>=0.95",0.9655172413793104,80800019,from_haapsalu_match,TicTac Maasika Mix drazee 18g,TicTac,18g,0.9499999999999999555910790149937383830547332763671875,,https://coophaapsalu.ee/toode/tic-tac-maasika-mix-18g/,80800019,TicTac Maasika Mix dražee 18g,TicTac,18g,0.91000000000000003108624468950438313186168670654296875,,https://vandra.ecoop.ee/et/toode/19056110-tictac-maasika-mix-drazee-18g,,,,coophaapsalu.ee,,,80800019,Ferrero SpA,EUR,,2025-09-18 01:11:19.155924+00,tictac maasika mix drazee 18g,tictac,18g,18g drazee maasika mix tictac,tictac maasika,tictac,,,vandra.ecoop.ee,,,19056110,Ferrero SpA,EUR,,2025-10-11 03:14:29.655608+00,tictac maasika mix dražee 18g,tictac,18g,18g dražee maasika mix tictac,tictac maasika,tictac
medium,"block(first2,size)+fuzzy>=0.95",0.9545454545454546,80052043,from_haapsalu_match,TicTac Mint drazee 18g,TicTac,18g,0.9499999999999999555910790149937383830547332763671875,,https://coophaapsalu.ee/toode/tic-tac-mint-18g/,80052043,TicTac Mint dražee 18g,TicTac,18g,1.149999999999999911182158029987476766109466552734375,,https://vandra.ecoop.ee/et/toode/19056018-tictac-mint-drazee-18g,,,,coophaapsalu.ee,,,80052043,Ferrero SpA,EUR,,2025-09-18 01:11:19.155924+00,tictac mint drazee 18g,tictac,18g,18g drazee mint tictac,tictac mint,tictac,,,vandra.ecoop.ee,,,19056018,Ferrero SpA,EUR,,2025-10-06 21:46:55.541003+00,tictac mint dražee 18g,tictac,18g,18g dražee mint tictac,tictac mint,tictac
medium,"block(first2,size)+fuzzy>=0.95",0.95,4751024270028,from_haapsalu_match,Top Food suitsujuust Juustupulgad 100g,Top,100g,2.9900000000000002131628207280300557613372802734375,,https://coophaapsalu.ee/toode/juustupulgad-cecil-100g/,4751024270028,Top Food Juustupulgad külmsuitsujuust 100g,Top,100g,29.89999999999999857891452847979962825775146484375,,https://vandra.ecoop.ee/et/toode/22644409-top-food-juustupulgad-kulmsuitsujuust-100g,,,,coophaapsalu.ee,,,4751024270028,Top Food SIA,EUR,,2025-09-18 00:16:04.752528+00,top food suitsujuust juustupulgad 100g,top,100g,100g food juustupulgad suitsujuust top,top food,top,,,vandra.ecoop.ee,,,22644409,Top Food SIA,EUR,,2025-10-09 09:03:54.430932+00,top food juustupulgad külmsuitsujuust 100g,top,100g,100g food juustupulgad külmsuitsujuust top,top food,top
medium,"block(first2,size)+fuzzy>=0.95",0.963855421686747,4740281003104,from_haapsalu_match,Veski Mati Seemnete/kliidega helbed 500g,Veski,500g,1.850000000000000088817841970012523233890533447265625,,https://coophaapsalu.ee/toode/seemne-klii-helbed-500g/,4740281003104,Veski Mati seemnete ja kliidega helbed 500g,Veski,500g,3.390000000000000124344978758017532527446746826171875,,https://vandra.ecoop.ee/et/toode/21117827-veski-mati-seemnete-ja-kliidega-helbed-500g,,,,coophaapsalu.ee,,,4740281003104,Balti Veski AS,EUR,,2025-09-17 23:55:44.52269+00,veski mati seemnete/kliidega helbed 500g,veski,500g,500g helbed kliidega mati seemnete veski,veski mati,veski,,,vandra.ecoop.ee,,,21117827,Balti Veski AS,EUR,,2025-10-08 05:02:08.076859+00,veski mati seemnete ja kliidega helbed 500g,veski,500g,500g helbed ja kliidega mati seemnete veski,veski mati,veski
medium,"block(first2,size)+fuzzy>=0.95",0.9736842105263158,,,Veski Mati Täistera 4-viljahelbed 500g,Veski,500g,1.29000000000000003552713678800500929355621337890625,,https://coophaapsalu.ee/toode/neljaviljahelbed-500g/,4740281005672,Veski Mati Täistera 5-viljahelbed 500g,Veski,500g,1.899999999999999911182158029987476766109466552734375,,https://vandra.ecoop.ee/et/toode/23000084-veski-mati-taistera-5-viljahelbed-500g,4740281003333,,,coophaapsalu.ee,,,4740281005672,Rigas Dzirnavnieks AS,EUR,,2025-09-17 23:55:44.52269+00,veski mati täistera 4-viljahelbed 500g,veski,500g,4-viljahelbed 500g mati täistera veski,veski mati,veski,,,vandra.ecoop.ee,,,23000084,Rigas Dzirnavnieks AS,EUR,,2025-10-10 02:29:33.605349+00,veski mati täistera 5-viljahelbed 500g,veski,500g,5-viljahelbed 500g mati täistera veski,veski mati,veski
medium,"block(first2,size)+fuzzy>=0.95",0.9736842105263158,,,Veski Mati Täistera 5-viljahelbed 500g,Veski,500g,1.189999999999999946709294817992486059665679931640625,,https://coophaapsalu.ee/toode/veski-mati-5-viljahelbed-500g/,4740281003333,Veski Mati Täistera 4-viljahelbed 500g,Veski,500g,2.5800000000000000710542735760100185871124267578125,,https://vandra.ecoop.ee/et/toode/22844251-veski-mati-taistera-4-viljahelbed-500g,4740281005672,,,coophaapsalu.ee,,,4740281003333,Rigas Dzirnavnieks AS,EUR,,2025-09-17 23:55:44.52269+00,veski mati täistera 5-viljahelbed 500g,veski,500g,5-viljahelbed 500g mati täistera veski,veski mati,veski,,,vandra.ecoop.ee,,,22844251,Rigas Dzirnavnieks AS,EUR,,2025-10-08 01:39:03.586686+00,veski mati täistera 4-viljahelbed 500g,veski,500g,4-viljahelbed 500g mati täistera veski,veski mati,veski
medium,"block(first2,size)+fuzzy>=0.95",0.9846153846153847,4740281004507,from_haapsalu_match,Veski Mati Nisujahu Eriti Hea 1kg,Veski,1kg,1.4499999999999999555910790149937383830547332763671875,,https://coophaapsalu.ee/toode/veski-mati-nisujahu-eriti-hea-1kg/,4740281004507,Veski Mati Eriti Hea nisjahu 1kg,Veski,1kg,1.4499999999999999555910790149937383830547332763671875,,https://vandra.ecoop.ee/et/toode/12625537-veski-mati-eriti-hea-nisjahu-1kg,,,,coophaapsalu.ee,,,4740281004507,Balti Veski AS,EUR,,2025-09-17 23:55:44.52269+00,veski mati nisujahu eriti hea 1kg,veski,1kg,1kg eriti hea mati nisujahu veski,veski mati,veski,,,vandra.ecoop.ee,,,12625537,Balti Veski AS,EUR,,2025-10-08 09:03:48.89501+00,veski mati eriti hea nisjahu 1kg,veski,1kg,1kg eriti hea mati nisjahu veski,veski mati,veski
medium,"block(first2,size)+fuzzy>=0.95",0.963855421686747,4740281006365,from_haapsalu_match,Veski Mati kaerahelbe kiirpuder 45g jõhv,Veski,45g ,0.689999999999999946709294817992486059665679931640625,,https://coophaapsalu.ee/toode/kaerah-kiirpud-johv-45g/,4740281006365,Veski Mati Kaerahelbe kiirpuder 45g jõhvika,Veski,45g ,15.3300000000000000710542735760100185871124267578125,,https://vandra.ecoop.ee/et/toode/12550272-veski-mati-kaerahelbe-kiirpuder-45g-johvika,,,,coophaapsalu.ee,,,4740281006365,Balti Veski AS,EUR,,2025-09-17 23:55:44.52269+00,veski mati kaerahelbe kiirpuder 45g jõhv,veski,45g,45g jõhv kaerahelbe kiirpuder mati veski,veski mati,veski,,,vandra.ecoop.ee,,,12550272,Balti Veski AS,EUR,,2025-10-08 01:39:03.586686+00,veski mati kaerahelbe kiirpuder 45g jõhvika,veski,45g,45g jõhvika kaerahelbe kiirpuder mati veski,veski mati,veski
medium,"block(first2,size)+fuzzy>=0.95",0.9722222222222222,,,Vigo alumiiniumfoolium 28cm*20m 8mic,Vigo,,2.390000000000000124344978758017532527446746826171875,,https://coophaapsalu.ee/toode/foolium-vigo-2/,5902841450028,Vigo alumiiniumfoolium 28cm*10m 8mic,Vigo,,0.14000000000000001332267629550187848508358001708984375,,https://vandra.ecoop.ee/et/toode/22694709-vigo-alumiiniumfoolium-28cm10m-8mic,05902841450004,,,coophaapsalu.ee,,,5902841450028,Quickpack Polska Sp. z o.o,EUR,,2025-09-18 01:40:06.529333+00,vigo alumiiniumfoolium 28cm*20m 8mic,vigo,,20m 28cm 8mic alumiiniumfoolium vigo,vigo alumiiniumfoolium,vigo,,,vandra.ecoop.ee,,,22694709,Quickpack Polska Sp. z o.o,EUR,,2025-10-09 09:11:59.197141+00,vigo alumiiniumfoolium 28cm*10m 8mic,vigo,,10m 28cm 8mic alumiiniumfoolium vigo,vigo alumiiniumfoolium,vigo
medium,"block(first2,size)+fuzzy>=0.95",0.975,4770405227086,from_haapsalu_match,Vytautas karb-tud looduslik min.vesi 1L,Vytautas,1L,0.9899999999999999911182158029987476766109466552734375,,https://coophaapsalu.ee/toode/vytautas-karb-tud-looduslik-min-vesi-1l/,4770405227086,Vytautas karb-tud looduslik min.vesi 6*1L,Vytautas,1L,2.149999999999999911182158029987476766109466552734375,,https://vandra.ecoop.ee/et/toode/22987570-vytautas-karb-tud-looduslik-minvesi-61l,,,,coophaapsalu.ee,,,4770405227086,Birðtono Mineraliniai Vandenys Ir KO UAB,EUR,,2025-09-18 01:40:06.529333+00,vytautas karb-tud looduslik min.vesi 1l,vytautas,1l,1l karb-tud looduslik min.vesi vytautas,vytautas karb-tud,vytautas,,,vandra.ecoop.ee,,,22987570,Birštono Mineraliniai Vandenys Ir KO UAB,EUR,,2025-10-08 02:08:15.273892+00,vytautas karb-tud looduslik min.vesi 6*1l,vytautas,1l,1l 6 karb-tud looduslik min.vesi vytautas,vytautas karb-tud,vytautas
medium,"block(first2,size)+fuzzy>=0.95",0.9565217391304348,7322541110776,from_haapsalu_match,Zewa Softis taskurätikud 4kih 10*9tk,Zewa,9tk,3.589999999999999857891452847979962825775146484375,,https://coophaapsalu.ee/toode/zewa-softis-taskuratikud-4kih-109tk/,7322541110776,Zewa Softis taskurätikud 9tk 4kih,Zewa,9tk ,0.05000000000000000277555756156289135105907917022705078125,,https://vandra.ecoop.ee/et/toode/12696575-zewa-softis-taskuratikud-9tk-4kih,,,,coophaapsalu.ee,,,7322541110776,Essity,EUR,,2025-09-18 00:16:04.752528+00,zewa softis taskurätikud 4kih 10*9tk,zewa,9tk,10 4kih 9tk softis taskurätikud zewa,zewa softis,zewa,,,vandra.ecoop.ee,,,12696575,Essity,EUR,,2025-10-11 02:36:35.904718+00,zewa softis taskurätikud 9tk 4kih,zewa,9tk,4kih 9tk softis taskurätikud zewa,zewa softis,zewa
medium,"block(first2,size)+fuzzy>=0.95",0.9705882352941176,7322541112275,from_haapsalu_match,Zewa Softis taskurätikud 4kih 6*9tk,Zewa,9tk,2.54999999999999982236431605997495353221893310546875,,https://coophaapsalu.ee/toode/t-ratikud-zewa-69tk/,7322541112275,Zewa Softis taskurätikud 9tk 4kih,Zewa,9tk ,0.05000000000000000277555756156289135105907917022705078125,,https://vandra.ecoop.ee/et/toode/12696575-zewa-softis-taskuratikud-9tk-4kih,,,,coophaapsalu.ee,,,7322541112275,Essity,EUR,,2025-09-18 00:16:04.752528+00,zewa softis taskurätikud 4kih 6*9tk,zewa,9tk,4kih 6 9tk softis taskurätikud zewa,zewa softis,zewa,,,vandra.ecoop.ee,,,12696575,Essity,EUR,,2025-10-11 02:36:35.904718+00,zewa softis taskurätikud 9tk 4kih,zewa,9tk,4kih 9tk softis taskurätikud zewa,zewa softis,zewa
medium,"block(first2,size)+fuzzy>=0.95",0.9705882352941176,,,Zewa Softis taskurätikud 4kih 9tk,Zewa,9tk,0.4899999999999999911182158029987476766109466552734375,,https://coophaapsalu.ee/toode/t-ratikud-zewa-4kih-9tk/,7322541112268,Zewa Softis taskurätikud 4kih 6*9tk,Zewa,9tk,0,,https://vandra.ecoop.ee/et/toode/22865688-zewa-softis-taskuratikud-4kih-69tk,7322541112275,,,coophaapsalu.ee,,,7322541112268,Essity,EUR,,2025-09-18 00:16:04.752528+00,zewa softis taskurätikud 4kih 9tk,zewa,9tk,4kih 9tk softis taskurätikud zewa,zewa softis,zewa,,,vandra.ecoop.ee,,,22865688,Essity,EUR,,2025-10-11 02:36:35.904718+00,zewa softis taskurätikud 4kih 6*9tk,zewa,9tk,4kih 6 9tk softis taskurätikud zewa,zewa softis,zewa
